1
10000 2 3
4.945991068263629 -5.0920512392909645 0
-3.1144170173619177 1.6928538336522454 2
9.166129238919089 -10.047464853026181 0
-3.2232034952849453 -7.91957766600403 1
-6.687591165161098 11.576576175469665 2
12.347605183003566 0.0012535212897373804 0
-4.550890618214633 -9.936101187842617 1
-12.122843513196882 3.375567777781253 2
0.942950256641529 -10.664184470450312 1
2.179988978773494 8.23696249319494 2
4.591133796696008 3.127165650504909 0
-11.711982806130852 5.017923897286396 2
9.732337685717582 -8.93291009071691 0
-5.00257698551126 -2.039860765020567 1
1.2140571765318167 -10.75942481435184 1
-8.73060609500657 4.960455943596964 2
-11.105230133706916 -4.140186725755855 1
5.378472266054456 -3.9985714292833063 0
7.260740495535393 -11.66707205998574 0
8.228515082232956 -6.363494906114542 0
-8.7395012808595 4.5552135249719905 2
10.091533817054124 6.236108318191899 0
-7.648976988973351 7.018863719526495 2
-8.392846238394844 -7.876482193392223 1
-11.280896677762378 -3.7972011801590515 1
2.04269266009974 8.251505786104268 2
-12.278269668795733 -1.3310090270214254 1
-11.40386021139767 -3.1008009429499177 1
10.524419564807262 -7.633786045575464 0
-4.920727266042924 9.234116636827352 2
-6.0340200637006465 1.637309183770141 2
-8.69797312089093 -3.030569082231961 1
-9.751617406602378 1.5600271519749707 2
4.2385975654401715 -5.677317143455965 0
-3.2285277236109486 -10.723000486853248 1
-4.643926030613479 -9.882644031566759 1
-5.499376380611805 -9.93773145352636 1
-7.135328264066012 -6.013107236342171 1
-5.99161707468758 2.578758680783887 2
1.4890288644010259 -7.758114683893712 1
8.142161854614674 -10.742315748429382 0
3.808243337986044 -6.226001279903366 0
9.222413014814833 6.559918471848276 0
12.409079771802007 -2.1998880266655108 0
-3.577335896440768 0.5499295310052059 2
-8.986538996171706 -2.413381012748006 1
1.3807475545963792 -10.694666883416392 1
-7.825444391598438 10.8527304975378 2
0.5592790657982777 4.366677643595791 2
-1.054936292712664 4.322651232191839 2
5.456866592915673 1.4390025331820002 0
9.183840619970278 -9.775820612351714 0
8.413123296776803 -10.618248752511088 0
10.931006797626384 4.343268362016314 0
5.799605435915641 -3.850710948906074 0
9.14187234611493 -3.3903179743397267 0
-7.661177677234021 6.995579865429553 2
-10.86117667400455 -4.49823690648157 1
-9.60236771829269 2.1744547302167456 2
-6.5839688199989865 -6.109803248219644 1
-2.0985001157801944 -10.768165736204224 1
-12.128293153221376 0.08044884683485426 1
0.2629871141041054 -8.05934938013038 1
5.413079431547368 1.075220881104746 0
3.4959876953741396 -1.82560359291171 0
2.751863251154419 1.0709085877113702 0
3.3825210616166825 7.840586698709267 2
-10.745559108385727 7.583804821022703 2
5.860727594069181 9.489937654934867 2
-9.638410474859059 -1.3151580355823211 1
-5.847648327982619 2.937655667258859 2
0.5661686667731882 4.316411535072107 2
-4.335391713052873 -3.280551425259528 1
3.357535035286311 -0.6136592539029694 0
-12.298319060888833 1.6629856905061986 2
8.616977992218093 -5.236539720982658 0
-2.9828352481359364 -10.78989149785909 1
-5.972584090038854 1.110939696635235 2
-9.269736972318142 9.775480029404463 2
10.272714694100168 5.72855130771876 0
-9.218118727035254 -2.7708159111066957 1
-5.8670094034440865 2.778725602865474 2
7.541525616480132 8.183432928821919 0
-7.164531347623285 -8.667842028737288 1
-7.974088421587117 -4.842352418510813 1
-11.870177803084008 -2.958414731698338 1
-1.2118621425893243 -8.296323892021906 1
0.12828301209158693 -4.6990137058963395 1
-5.97607526754385 -9.216949285590635 1
-9.694655039908438 2.6840336063630037 2
2.6739651153547177 1.1388793209224808 0
0.24361026960421406 -4.315405162600607 1
-4.854631884163917 5.201929524195084 2
-9.452790893479104 -0.48847712180564706 1
9.195959078330702 -3.965225791112795 0
11.977015301988748 -4.479209586744676 0
-12.114172771096149 -0.23457220340155488 1
7.91325849374839 4.786960016113721 0
5.858911718396239 -8.592221430182429 0
2.87295646554886 1.0294768689166358 0
5.934527590705179 6.726889368324079 0
-8.787977293695416 4.687135361639543 2
9.839753294875138 -0.32503205576076566 0
3.333201022749893 -0.9583994279452179 0
-0.4082714205200511 10.67208863086521 2
-6.457679075909337 -9.116613032329774 1
-4.402732084445249 5.182742313952452 2
-9.862775001069425 -6.483024492804213 1
7.027418473932244 8.789665077091271 0
-8.364799306753817 -7.789150075475667 1
-3.5298795005086445 -3.7802295712872414 1
0.3830107675571775 4.515728818474363 2
-9.946051248425599 8.758953490176546 2
-2.7361114746827324 3.1632979894433846 2
-11.021730328923638 6.599000636392537 2
-4.501783617901331 5.504940857588044 2
-6.97848081275043 -8.612037736561529 1
-12.356656867582322 3.6712943163963563 2
0.6245299962172657 -4.539377939268242 1
1.4408541755716253 -3.8510017511217316 1
0.3718120207548264 10.800993702641371 2
-12.553671718133522 1.1717223759470488 1
3.3503457676198476 -10.077522115100374 1
-7.869173177818037 11.198113611185653 2
8.942277958298646 7.523016956311975 0
-3.1451061252186125 2.003103756345381 2
7.763044976332978 5.08575541307868 0
-12.040681319731595 4.184652484431617 2
-6.176789742429548 2.295357452394482 2
6.808656802484497 -7.572365016777866 0
-5.914461172660677 2.3628398441989757 2
-5.024847575614256 -10.065235433088004 1
-2.6370284671446518 10.017460649571355 2
2.6969257414394563 -7.227055713116461 0
-2.7617979375432893 2.9463747314875866 2
-10.715559572092818 -4.740663117019508 1
0.8636422421130313 10.854584455889333 2
11.917239808835161 -4.277685363291574 0
9.953896810878634 6.190695472021642 0
3.702110427158643 7.90540350123127 2
6.595992979324055 -7.904985104103051 0
3.2600288388474237 8.097044675616978 2
1.6361335132005947 -7.7461341745649435 1
1.8395940201562597 10.54963553824408 2
-4.803906872233371 -10.220935562147792 1
9.789722059361933 0.6200607266010294 0
-8.787369753317535 4.31781838938315 2
4.935587833566265 7.094563281749758 0
-6.075827525323444 -6.480656512322651 1
-8.518712084517619 10.369554108087037 2
-3.369879675407894 -10.50892399686408 1
-10.818777522962625 -4.6128950609162604 1
-1.951677481235923 10.299703611725933 2
-11.986529192272512 5.224254740422763 2
3.9544695261033946 7.634838370921493 2
-4.412120620968734 9.527635978436011 2
4.704772543136969 9.921957319345276 2
-6.2976050011172715 1.1173803386823278 2
2.7361114746827324 -3.1632979894433846 0
9.335803690167674 -3.3907616775835883 0
-3.596979329712301 6.767983321099524 2
-9.998346807619743 -5.8611704986669215 1
-6.852732136232886 -5.986482000285865 1
7.535466179176589 -10.983107020164956 0
-9.954406715050347 1.2238592014886052 2
-9.53748032740181 0.06631490478662538 1
1.75978017031066 -10.605847124114378 1
-0.04926002136064517 -0.2334409168440943 1
-1.446890039180635 -7.919440076906772 1
-3.3926962430392313 -10.622787089772237 1
-9.751969943285156 2.727911017433272 2
-4.8379741663636535 -10.145860351714953 1
-11.764320689969049 -2.3620799562482464 1
-10.545461511284525 -5.024130566356516 1
5.902420114160364 1.112907217821874 0
10.775848602885866 5.167719389330753 0
0.028391338614277256 -0.1864418836588 1
1.7500685979351793 -7.505468401447465 1
-1.0697002681158199 -7.9367356404689655 1
-4.7378675359023275 -7.414139837898518 1
-9.13809908815942 9.780477000344492 2
3.017512582535296 10.713034582239294 2
-9.142415080440848 10.025475783193677 2
6.317875003482142 6.406271428100016 0
5.876933043806092 -1.1474913823723667 0
3.451502037530195 -1.9736180677188955 0
-5.4184782717182465 -7.096964130480697 1
-3.373411174352405 9.965866706369516 2
6.189942029339114 9.425432308469626 2
-2.9644883874359946 -1.4317614680014836 1
-9.326964860662246 -6.9864503717278374 1
8.183134139803622 4.477446076564045 0
1.5548336095486373 10.964962887878201 2
2.030430273751847 7.916797606576162 2
12.325314251151942 0.514206513651304 0
6.790112306804402 -11.998743305545604 0
5.418066329515929 7.18875780238529 0
4.208712604647907 7.775283500229785 2
-9.363578092555652 -1.515691516544617 1
4.004514504064054 -9.791841652703651 0
-3.168020083004264 -3.878406902561916 1
-4.676444312137752 -7.4525621695761295 1
-4.659383846496339 9.333360553208298 2
10.462543037838302 -8.01564040234378 0
-0.9702462061184679 4.210290001604016 2
-6.19058147581871 1.7683434399604316 2
4.174736331355368 -5.995839275817568 0
9.653778649083675 6.009764034790637 0
3.695169326591097 -1.024106994673419 0
3.495438538841682 -6.336774587038293 0
3.409652055736754 7.896724385137436 2
-7.47211671925541 -8.735423964237771 1
-4.485685296707469 9.453758753858523 2
-3.630847169687971 6.447898525522445 2
-1.5548336095486373 -10.964962887878201 1
-3.515020876657917 -10.392240621430117 1
-0.745329921224845 -1.9042509328366595 1
-5.930212553579974 -6.448269604513049 1
-6.194339814800882 2.3974736408022785 2
-0.9406400958053052 10.45673254181295 2
7.636801752069667 -6.883430651942148 0
-7.920660880286459 6.332552510818394 2
-12.085827468087391 -0.1373161899048878 1
-10.971668945396432 -4.6298386496085975 1
2.518437250874275 10.466485493883251 2
-3.5410837682197895 6.472042869608405 2
6.1208513294253155 0.198241763185171 0
7.524430733620845 -11.532245511881401 0
-11.04544099056841 6.838923505597563 2
7.692017777660645 -6.953284947072007 0
-12.035329941125182 3.9475422974747696 2
-5.209443188741231 -9.790927426214639 1
-2.707662758482952 10.40170454992508 2
-2.6491020626862283 -7.814275849971748 1
-0.22639397678176615 -10.600608654700434 1
8.331208456921246 -5.668949357133041 0
-3.2416806017584134 -10.44222827618943 1
-6.95842402704091 11.831242469622747 2
-11.217893421836422 -4.018115347289773 1
7.197302045874577 -11.837663542771445 0
-12.180136263447519 -0.6454260892208482 1
7.948779678450634 -10.941106338694292 0
3.537068684229298 -10.023854670195693 0
7.983644322753801 5.157771208928451 0
1.7208748616475953 -10.424012010997602 1
9.61479684593665 -9.65451131277236 0
5.287810916292815 -4.668518310150343 0
0.07925920357865612 -10.674209147881076 1
-9.370425222224945 -1.0510824600203457 1
9.04624498461631 2.363727320446422 0
-5.308708455079147 -7.207923409171964 1
4.448868285608676 -5.479227497980857 0
-12.274119818664072 0.11218896628695871 1
9.751266906637197 0.08695469204143816 0
-6.813823945000452 7.772719310453896 2
1.1891633014944027 -7.71557674400849 1
5.90350748390021 0.48692288176415793 0
-2.835000279158976 7.241472459805462 2
-11.563920648141384 -2.3303174073240442 1
-8.886477045163534 -3.5136771063741126 1
5.89935208327014 -0.0763957389672974 0
-11.321490257731508 -4.061418369378846 1
6.089542497993377 6.815682714493693 0
9.864622673455692 -1.7974145529957517 0
12.004781817144908 -3.771300870206592 0
-12.07460830750536 2.6551503313661886 2
-11.951596789045096 4.152159030948677 2
12.244092934974509 0.3970080324998094 0
9.03856466754917 -9.844616190221812 0
-0.8467948686623255 7.707484463177739 2
-4.5956328437356415 -7.495087202510716 1
10.105738456150315 -8.495496197847563 0
-3.1051798917567623 1.9024236571650668 2
6.210789730725429 -0.7520858223709899 0
-6.563046139719608 11.9521518792706 2
7.651608385723993 8.466929744355157 0
-5.8060408360878055 8.288858620630878 2
11.4126062041444 3.2246076274165185 0
-7.625718209862911 11.199803477438259 2
-9.380159171501283 -1.1377667348684275 1
-3.04399410475751 2.0558485830910143 2
0.16495676403423487 7.914761220631351 2
5.175209134725364 -9.00799476019102 0
5.158762742345657 -8.87121322803274 0
7.158875964222016 -11.715741694361874 0
-6.739013271683687 7.703798344842376 2
-2.3452386916617067 -1.711949320227329 1
6.729534916016652 9.054689622460469 0
10.369788846662237 -8.448241928093697 0
12.43579350162951 -0.9296564338291127 0
-3.3120299035825584 -10.741046332917934 1
-3.604606829128463 -3.586729641469564 1
-9.76256787118014 -5.895613738785656 1
-1.0558598525307703 -10.884977134161728 1
5.221053302249114 1.8270041668710535 0
-9.562217667595476 3.3905062356132096 2
-3.7049115694845156 -10.34108072667065 1
-8.733121154160845 -3.0745615579145325 1
4.141477687300325 -6.0652776166309135 0
0.3039271779966324 4.457364680117852 2
-1.459555025818264 -2.1899009456143923 1
-1.503438009287138 4.15682127153156 2
4.797664478603529 9.966617224199833 2
-0.4490816162417776 0.6363742986873945 2
9.44880621431335 0.4322634671044193 0
6.1173091696705635 -2.180357005716624 0
8.535455048370796 -4.893584506067826 0
-3.010683767197683 -8.032169436806699 1
2.28067709924717 10.768835938457615 2
6.855689006992087 -7.792626357193251 0
-2.3575807351695177 10.321612659114727 2
-12.445216410707076 2.8493893902612935 2
2.9746547971974797 1.0351200570112533 0
3.167612728964075 -2.286107750827174 0
2.711949786420865 -10.007064042332214 1
2.7407459386789506 -2.796593097784586 0
3.1485379139565004 -1.914017493210005 0
-2.73757463176212 -4.135137655168801 1
0.33783416873555505 4.341923027791744 2
11.255166729475734 3.8397792386384295 0
8.817703250364087 3.670507231561306 0
11.544436845072124 -5.274633440551703 0
-5.8577385917325975 2.8051049706773306 2
0.9798470707718836 -10.857284157264543 1
6.225405142828216 -0.5719656879089402 0
9.764717920210128 0.8776868041985415 0
7.077287757033793 -7.429048401568412 0
-0.3780948235643972 -1.6655246966250212 1
-8.838221410124207 10.12362062963658 2
3.693133703857015 -9.793728554987261 0
-12.049081861437427 -0.9532422755069169 1
-2.451032419740161 3.194822277559107 2
8.635385035033392 7.320359243914721 0
11.85224316293051 2.9478430713109893 0
8.25740590932777 7.748661070957807 0
12.23752366160837 0.305248784515606 0
5.33476616530327 -3.9908962223829776 0
-7.542004889083334 6.569110507745904 2
12.128293153221376 -0.08044884683485426 0
-2.817444765868897 3.166610525415499 2
-11.957380112633015 -1.0745302519059048 1
-0.9988750808546375 -7.990902143224844 1
-4.724237836198583 5.770235384211821 2
-6.056573803402334 2.151507335744297 2
-2.55673420947529 -8.034769776324486 1
-6.087633557591254 1.4428909645922525 2
10.36263936075747 5.519296455400311 0
7.087135451497771 5.800191828791915 0
0.18121956865422445 -1.7318801399063164 1
4.3617088166908395 3.0023539364433094 0
9.867343326473511 -1.6444745611867855 0
5.541214367239999 -9.093391238589238 0
-9.143925793267277 -2.1544029715513178 1
-0.7503489358795322 4.633316197816119 2
9.7281329708072 0.7338882926697528 0
8.525791428086151 7.317230620120024 0
1.613553217697317 8.243093518128921 2
-9.951106097981711 1.1248308373861686 2
9.058019476004464 3.1901757912222077 0
-4.650287586661398 4.993083197352226 2
-0.5868202828714806 -10.588405996383733 1
3.5286767250136095 7.98829928116251 2
9.964669790667417 -8.906071825478978 0
8.651833167958486 3.5329824243080306 0
-2.189012465681886 -7.871113970191267 1
6.923410036297409 -11.87496425080928 0
8.845908904525428 2.7032490058104965 0
-11.965531997611258 3.690801793539906 2
0.6738208927963547 -7.9273981392510855 1
-5.260718512224144 8.814856880062507 2
-9.097826704075082 -7.117643797838951 1
-11.560624026874114 5.0572858282990625 2
6.095472451378827 -1.462852391578958 0
2.8788157419499347 4.188505640973043 0
-8.795055056178404 -7.041201858938079 1
1.518619333495464 -3.83825950885155 0
12.226652123328655 0.8138079657140653 0
6.043416009130585 0.10480944197758449 0
-4.143868101969498 -3.457373957811048 1
-8.733291357535073 10.069880131629494 2
-2.852597958339608 10.001607633788083 2
0.8365680148033385 -4.245062936493491 1
11.35100769638221 3.5715915797794167 0
-7.524430733620845 11.532245511881401 2
-10.463797609028102 8.075890349526386 2
-1.3705310070301653 -10.795676615121952 1
4.096288866492565 -5.9498618733811455 0
5.529320258894877 -8.460208767524398 0
12.142673830003321 0.8654538023131637 0
-7.467288051845527 6.800307064727046 2
-3.4717790463616063 2.176244273981615 2
11.054251836803223 4.484133578802022 0
3.678736692627501 8.012201148582937 2
-3.141182416263821 -10.44341676557169 1
8.078798227982265 8.132698863775598 0
-7.328676886714423 11.225910897404344 2
12.506156626846883 -1.6572127198898117 0
11.123735229465781 4.149007419919812 0
-11.0441580790933 6.687228401609774 2
8.816656493443965 2.8885259658210796 0
-8.270264319753966 5.420955761184576 2
-3.7216216526307884 6.266939580876709 2
-2.8618611397831515 -8.181409302969493 1
-9.20207510319727 10.089125514280983 2
3.364551181444147 -0.7516996367277728 0
2.401699640159358 -7.3037220089944075 1
7.265455032287697 -6.978632580078106 0
0.25913800575934187 -1.165798726909424 1
6.36400051975482 9.028259483671878 0
12.274865252823313 -3.857638236970792 0
-12.182846649728715 0.013889357855734669 1
-2.5964270399186087 10.138549856751494 2
-2.725937752974901 6.782906102330745 2
-8.405981726744706 -3.868141690942497 1
9.013292118043628 2.6937814599822607 0
-0.2098090138656262 -1.91766306139411 1
7.64736600149888 5.323030569668031 0
-2.2505866810486777 -4.54297866094162 1
2.2651012000911033 7.880789502029938 2
-4.197119566646538 -10.303895811537112 1
-5.37478766307458 -1.5438792891592867 1
9.44085551681652 1.4175623690187265 0
-3.3841299181286697 -10.6046094612946 1
-3.591625929392755 -0.2543990933313144 1
-5.862403267918363 -0.24505342123848572 1
1.8488105106855497 1.9038135856483793 0
4.262433813051763 -5.8212386385547505 0
-9.032240416240482 -7.154012685341691 1
-7.197170160382407 -5.493941838568628 1
-5.175268811072346 -9.741384557216092 1
-9.44142503509907 -0.5860587947372209 1
-6.2147020554338805 2.634546941121289 2
-10.342798522592156 -5.46312878133275 1
3.6828839955007577 3.461840401696776 0
-5.990314746318057 -9.513416916762793 1
-9.710416294822743 -1.4129839725730713 1
0.2738437960834032 8.251789473644116 2
-5.879466264512924 2.8593536521570977 2
2.2265247990219357 4.372024416134456 2
-5.856498214053064 1.5078344311547702 2
-4.4765244750147115 -7.420533595942639 1
7.867972187021428 4.453493065765675 0
5.417604214722212 -4.222335183638289 0
-4.648110175655921 5.039357112298978 2
-2.042642082557189 -4.196560799161972 1
-1.1377791286704744 7.833705424820621 2
-11.867001046494076 4.929688806797019 2
-0.7736932073134274 -7.995396462369256 1
2.3604025968526825 -10.538602102925516 1
-4.2223885895748365 -10.24673327951965 1
-6.222740230821088 1.59823740096405 2
-11.119280051259686 7.063062711139207 2
6.709680460042504 9.151913881536334 0
-12.449724358830936 1.840823169352128 2
10.873980222328345 -6.766623124366363 0
-9.288762899619021 -2.350091291683752 1
-0.1322220233736176 -4.7075768847522435 1
-11.11790784916178 -3.4071335239867966 1
9.753147840256084 0.6683941287264483 0
5.914565941099534 1.023482953525124 0
-1.205519005566061 -2.2930004664603736 1
9.417827445908639 2.3355244004372597 0
-1.5663986307039646 -10.809729367107117 1
-12.456026498922647 3.1675514732709398 2
-8.79449826649314 4.711858562089937 2
2.681217705273347 10.43055688334025 2
-6.901243882980001 -5.614945158950073 1
-8.767089090914338 -3.170884073054019 1
2.5288710559083856 -3.1422780074710532 0
-1.749057173464541 7.520924955846468 2
3.558003911448243 -9.97327256885446 0
9.670644649759815 -2.284892255934027 0
7.9989947098847844 -6.046550659011017 0
-10.603351337637141 7.830257667259789 2
6.1455049125499075 -0.35944105298659856 0
6.719843870426116 -11.813754428678218 0
-9.17558317150996 9.403128373671732 2
-5.118148321318566 -7.16630253997171 1
1.1625921774790298 4.689846316425027 2
-6.065408922506245 1.116802483773418 2
-7.147783844380796 -5.752806719548883 1
5.818848718484143 -3.1620220210053196 0
-7.491283690330414 -8.152248489233392 1
-4.9114901890168134 4.816331612726199 2
-9.932846952683722 0.7082155797674237 1
-12.079570950689162 2.2147875332405134 2
-2.433241054525381 -8.054094326815404 1
-2.00359967588141 3.777631612195778 2
-9.166827981710322 -2.355765732508644 1
-0.3807232678113564 0.683757712628442 2
-5.825851384430018 2.850476832817364 2
-6.76441228687318 -6.30012052289243 1
-1.4398367991407748 7.911648109029361 2
-10.50024751987195 7.800953773251862 2
-0.7434996299068322 -8.112496141932684 1
-0.37369748109216433 7.798431900632634 2
2.3684108440242237 7.901210539584111 2
8.125708337390599 8.22980331273056 0
6.275222341412762 -2.121802018338812 0
3.9969881185883303 10.427992784071161 2
7.97368107393626 8.107952431737628 0
-4.102914734533466 -7.430603118140762 1
0.829251738483675 7.931667814868401 2
-2.9063568844262804 -0.9814249100818869 1
9.677935100540198 -3.0732815216323 0
2.5178105970338107 -2.842473195331207 0
-6.449387092109978 11.8543692254938 2
-5.031493682865395 -9.822239687466157 1
1.3128577056004436 -10.73312272911148 1
-1.3363609529623295 4.170263576500657 2
-6.304186216904916 8.008786563809533 2
-5.649003058640952 3.771327240410435 2
5.705140977653984 -3.004952748123714 0
0.9418952757309765 -7.619218418910595 1
7.141901426399913 -7.450007563665309 0
-10.604518041982633 -4.951778235197417 1
-7.962818377034394 -8.146113852418097 1
9.592678415026777 -0.15142532091476119 0
0.9097651989095992 -4.174566936026925 1
9.392766877514322 -2.665829435394338 0
1.838755138313524 -10.409568814525525 1
-12.095870412163661 2.2976502557382568 2
-3.4416831420644294 6.48117450868038 2
5.370361293609749 -4.459768526568724 0
-0.31284398198989355 10.600529163696276 2
-7.751911470985009 11.135948263195424 2
-11.110499729067195 6.770257436526277 2
1.0254548277162692 1.8246435683135271 2
5.215502490221525 -8.969134649099734 0
-10.485980663666087 7.968390863423201 2
-11.648414119795579 4.977398475576542 2
11.596361488991043 3.4838130412136903 0
-0.8330757582285503 -2.298386085159863 1
0.5381905110641635 -10.786503369151113 1
9.281220316084845 -3.1972373869678727 0
-7.9258203074635984 6.400322773583154 2
-12.307362420277283 0.16837203576066465 1
-0.8773494333989014 -2.0248339584398205 1
8.162921414196598 -6.379363541855159 0
-0.16011841657208065 10.896180227739421 2
-12.275087542720959 2.5613342312732614 2
1.3130636110381746 10.815712624377658 2
-0.4064195126456326 -1.5214247200946809 1
4.484602915278392 7.533987361057199 2
-12.556837471440772 1.8159262153101703 2
5.568630194025286 1.134759556314694 0
-9.424725214206095 -2.374784376974083 1
5.5086545393553665 1.3483954689406485 0
-6.4735020727271655 -8.934001709944804 1
-6.937194001895662 7.825554457062606 2
-3.7422510836757024 1.2323184373394775 2
1.2901349437026357 -10.79656401235604 1
3.0352672798252525 -9.917236618733096 1
-5.999696821003723 8.408738624923199 2
9.993943840840505 -8.730350557090174 0
9.02301142405269 2.5535342903892806 0
-4.377554089464006 5.266425051999723 2
-2.04269266009974 -8.251505786104268 1
3.601953558239374 7.889464983306595 2
-4.140958081728275 9.643525832259854 2
-0.045387034694182704 -11.006066377339414 1
12.138780832604398 -3.4412957622207645 0
9.53758197131382 1.168589389998264 0
-9.420505090788827 1.6866550119758998 2
-8.05703949107041 6.018913700522873 2
-11.268729133302374 -4.110276690796967 1
-1.3968749438436312 -10.676319817273425 1
-5.770637818097709 8.869689011793138 2
-6.277724471011127 1.9274717652347322 2
-5.338385838993622 -1.9842845703818885 1
-3.7628761984489763 0.8015281749806857 2
3.3967490838202354 -10.231476951344955 1
-3.152268075682064 1.9772173805271922 2
-8.769178299880107 -3.078104884381478 1
9.422417354656574 -3.109961739625709 0
-0.13013066150166924 -7.873665794098144 1
-7.09006500867795 7.125060218300615 2
5.913197381017736 -1.2745357978059217 0
0.5438920983136313 10.936709081603013 2
-12.364334429180467 0.3950019057717437 1
11.59412637290371 -5.237431868662576 0
-9.064826250941406 -6.848367433267061 1
-0.4529267807346637 7.821347425168563 2
-10.228421327773964 -5.543874515702532 1
8.53323373758128 -10.150564328334902 0
12.099362121697677 1.9317616835429012 0
-8.330784390239033 -4.581945759835295 1
5.766921089519484 -3.8827034276902985 0
3.7434257350147777 3.687582357467729 0
-2.7203212105039705 -10.782529834640986 1
5.9640524706023585 -8.392168312858411 0
-10.905919980697288 7.477464697066886 2
-1.9245479659644067 -8.257851866498113 1
4.225020606300971 10.029993201290589 2
-10.75605178119721 -4.783157817937771 1
2.985473466766212 -2.1899202188788154 0
4.1367264771406695 -9.83696944434339 0
-1.7211176140307622 -4.547993434783272 1
7.158010438407262 -7.187082347835698 0
11.663196892348353 3.065057684656646 0
-0.4368107096351905 -4.4208311969629355 1
-6.54760490701399 7.720883693505542 2
-9.372457175151567 2.049564829991702 2
-3.363965909174425 0.8810152564166798 2
-4.691925951042352 -3.1328148164980303 1
0.045387034694182704 11.006066377339414 2
8.843484419100225 7.0370060741746405 0
-6.804115073842033 11.78987778903354 2
-12.36995467894188 1.0011260755984406 1
4.161663886274924 3.4184579846744323 0
2.2642216279527645 1.663924637932115 0
-9.879638410704892 -0.3512710652843162 1
-2.7323934590242978 -1.3308315191331275 1
-2.3868784421366134 10.2978763627982 2
1.7087531045181463 -3.790033776123102 0
-3.519449294541918 -10.599544415366363 1
7.618577564582673 5.024113648026327 0
-12.436961831044888 -0.22339521662958833 1
1.5822294944453406 -7.661532080862778 1
10.291748464747855 5.413540322402689 0
-0.7535702322927553 4.3046282596029135 2
5.236796056501083 6.8348338445114605 0
11.582716504847715 -5.803605238890999 0
1.7632830734866567 -3.7476817758958973 0
-8.755307836562162 -7.606445995090482 1
-6.799402171205558 -9.258398646064634 1
1.8793181657196234 -10.497802554013443 1
12.306950306416203 -1.2289202065936031 0
12.383521435892062 -1.7544591521552397 0
-5.905977021301935 -0.6759873164833384 1
7.3976845267247455 5.374986628699754 0
-0.6971463664784726 -4.337796765724133 1
11.68488805080076 3.4947550802986878 0
-5.547267301009844 3.341850147220384 2
8.470602205194696 3.857409638934961 0
3.6219126935615846 -6.521095823012455 0
-7.837036129432863 -7.867550623195393 1
0.3806037463411238 -0.6723195446245653 1
-9.733920786711439 -1.0738199149926528 1
5.432396226297113 -3.976110663155933 0
-3.122795789067347 6.7891684484334895 2
-3.460414347606238 -7.7493289255576 1
4.997302489962962 2.5716664234484337 0
-12.414019583653154 1.814718318413946 2
2.529726602143897 10.805715390337463 2
11.678427212439555 -6.10574546593563 0
-2.631295019767963 10.40225872615626 2
-5.112716186468271 9.2561584584612 2
-11.678427212439555 6.10574546593563 2
-4.9549345989095395 9.121739756502318 2
-8.648378140106976 -7.2345355092879124 1
-9.387757450059071 -6.895451095778093 1
-0.6965836895247102 -7.9435766921498185 1
6.1027220294261415 6.504700846695563 0
8.232779621666971 4.023632629757991 0
12.15317302116111 1.979397887381492 0
-11.675109724667902 5.561514319120834 2
1.089200056780034 8.196739876173382 2
-9.780445844918471 -1.3530555719814115 1
-3.7921164582299514 6.293554788934066 2
12.300317023331806 -1.5894925696119484 0
7.278255172158068 -11.815852990817023 0
-12.242877517626797 3.6983083177336713 2
-11.659525994441033 4.87653548149394 2
-3.2316701689921725 -10.364192701977878 1
-12.155543988760927 -1.3876385633501993 1
-12.25684969315349 -1.3754213820792034 1
10.228687514973101 5.847558149638523 0
1.6370380991764442 -4.052041551256085 0
4.9257662062605565 2.5914517489781854 0
5.326312037184696 9.797080923069794 2
-5.997101649730878 0.0023155553494795256 1
1.8996575168974783 10.594474612424536 2
3.670882067868695 -1.4665529816545582 0
3.7307827253519354 -1.2027402430432064 0
-4.427795634180483 5.666537487130841 2
0.39580461203881967 4.593087101000263 2
-1.4939691385837648 -10.85693054347325 1
3.269193916581804 8.019973393349709 2
-10.144368101717884 -5.9841596691365835 1
0.603214899690114 1.9110074355481579 2
3.405000176829412 -1.3783603788511385 0
8.623603063268225 3.5164776339977104 0
4.147645883414133 10.287655713546243 2
-1.5713632717602282 -11.017514726299318 1
-2.832170885091272 -10.360444404705362 1
-0.15352303735305226 -1.935329074412909 1
12.079570950689162 -2.2147875332405134 0
-6.256502937245546 7.98827690812659 2
1.0168583763212355 -7.83768845867349 1
5.0490158962280045 7.427859011695985 0
-6.996873598056956 7.420894143175745 2
-5.368847511014576 9.074955424701306 2
12.257882161861463 -2.177688661342586 0
-4.204578040055324 -3.0165577804423216 1
4.803906872233371 10.220935562147792 2
1.3797328679221852 8.33157477273151 2
-6.115894296618386 0.40360801338288305 1
-10.272714694100168 -5.72855130771876 1
8.285981301952079 -5.693100544835608 0
2.1373296926805727 8.176260486403613 2
1.7798626798291197 -3.637285919512658 0
-2.5369196129922744 -1.5303225773491045 1
-3.3634995349114734 1.031194540799756 2
-5.991308205337049 -9.592770839861666 1
11.525527792272303 -4.992552110716572 0
-6.590294802891659 -6.5622351351184385 1
9.66235510621767 -0.5994680092172048 0
7.883749764439383 8.205461753075637 0
-3.694560906028228 -3.792898490498067 1
4.35933317119791 7.508622208343281 2
2.155943326729278 -7.548247042714489 1
-12.150505885636582 0.139391977767577 1
7.237418401201318 -11.2423137615959 0
7.9935570989529525 8.362492926731694 0
9.474667352916764 -1.3575304707473346 0
-7.366273280729174 11.211053978271712 2
-5.509379122936868 3.788850337637944 2
-6.853632888386234 7.399227366514519 2
9.648121866013875 0.9805997421770823 0
9.116133364706346 -9.794902364933517 0
-6.680098953918578 -6.014916971324024 1
7.312856734097832 5.483326819275901 0
-7.1525681469213644 -5.6749808695413 1
-0.07150304430360074 4.6132940416284605 2
-10.4158314191714 -5.530112462052277 1
6.101912527021771 -1.6432974488123855 0
2.0954193073736396 -10.564189350781083 1
-1.861770548944999 7.412801501956803 2
8.354952498843808 -10.635970791963159 0
5.8611976141270565 -3.183297476048036 0
-2.8511030638335866 -1.5378614519220197 1
3.275559595655609 10.310626194185549 2
-2.4433377027469483 -1.8282322419939567 1
-4.3751933896118125 -2.8505790571871947 1
2.9312215552956977 -10.01990493560365 1
12.226808959875521 -0.3134041270738982 0
10.80377106237572 4.500682300765601 0
5.880530455849779 -1.3872945461404924 0
12.41800444882588 0.3264138093035921 0
-9.911049376020603 0.477198186990505 1
-9.785435767298589 -5.902551270495068 1
-2.199611864128651 -4.56649798477086 1
9.445985359375253 -9.223001261030177 0
6.056573803402334 -2.151507335744297 0
-4.295163150344136 -10.141156418872546 1
-8.269351756075547 -8.044381309700983 1
3.6202403845787945 10.433115591110395 2
-12.439965717735369 -0.3523680426299654 1
-4.604088458011148 9.08490026323176 2
-2.007763740818583 -4.554395298408556 1
-5.910294964743362 2.656104232195047 2
-8.966237944697838 -3.5326651306286028 1
-6.309214604508058 -9.351143980199396 1
11.902069360074453 2.6759847364502587 0
3.17626324355193 0.08476385765049588 0
-4.344315186967676 -10.205034062919959 1
3.0780226483855446 0.48237854728203067 0
-5.050331834965952 4.758197231049352 2
2.8441056095585844 0.9656409839078552 0
8.589582641535529 -4.783205503729689 0
-2.3854078121876405 -1.9442162463530295 1
5.75095494302881 6.845307443996828 0
-0.6486924934913422 -11.022293166656281 1
-2.150374159682902 3.4244452759325936 2
-6.533803631531067 -5.8901200428524545 1
-9.90119465606071 -6.026117199583682 1
-2.5963540484975995 7.016057014927739 2
-0.12077117893039346 10.85727758786311 2
12.14308753324023 0.7424638995017503 0
-5.350671922223003 -9.651578437500985 1
12.159132774671223 1.8190389156949216 0
-0.5584508268126749 -4.519947455175683 1
4.566219825811385 -5.639113942420916 0
-0.5031832083764887 -2.0663622137084254 1
9.798677125188782 -1.1945848616048278 0
3.8104249429768045 7.794446262165349 2
2.1670913480947607 10.552933600960941 2
-1.1609877703032367 -2.1282893296370062 1
-1.9126154799091408 7.6120806811895685 2
-3.7650665007682975 6.695440808581006 2
2.177261895232419 7.937493820134151 2
-5.356622153800054 -7.203314150525863 1
2.8910600858594284 -10.04348714852744 1
3.2055223214935147 -2.0554445499842107 0
11.931665766602913 0.9609398400395012 0
-1.458781568839284 4.127996659593813 2
-2.0634891029248403 -10.627776040402722 1
9.161422864444644 2.0462410768435633 0
-1.7110235435780166 -8.335838015014442 1
-5.731022622312149 8.390430625632082 2
9.79873645139049 -1.9604201871060716 0
10.190909963765037 -8.450174985494925 0
-2.043155262036012 -4.503596569107161 1
6.103900286827157 -1.5754599512267682 0
9.38993454198293 -1.8275657255223678 0
-2.5523043723877796 -1.208504587270982 1
-2.5483601897982524 -4.119858849474593 1
9.98180419680753 -8.627751421053034 0
3.7768185006267867 -6.309956720780283 0
-0.0022970717817066832 -1.4959275537541021 1
10.331590870065087 -7.729979616168768 0
3.539452976817805 -1.5660512450037758 0
-3.73586001849354 -7.787183623848514 1
-4.376950302362182 -3.0270352513064336 1
-0.4046872630455881 -8.003381262333036 1
-1.8727753326891565 -8.277861778370362 1
3.2861844086157586 0.028448286949221274 0
-2.6070346440106302 -8.02133258160901 1
-2.241563208793657 -10.546309456617275 1
7.134182481956678 8.670795015748254 0
10.874812313472622 -6.883018641853957 0
6.7420549828759135 -11.825597905079249 0
0.8807251347059804 -8.081031328841767 1
3.9957972008718743 -6.314043271095253 0
-0.26899652897849835 -2.0655477561712137 1
-1.531664115413911 -4.677307477426201 1
12.266571792776263 -1.6768984193003034 0
8.036176553049625 -6.673260067022212 0
2.3207499808609064 -7.048552145234134 1
3.501623675847501 -9.748109223220032 0
-2.444782154854762 3.528198747523229 2
8.825104674884063 2.8812374231604245 0
12.521738735175315 -2.2193689968019177 0
9.34826532476462 -4.226394834186023 0
11.3727320759514 3.749602131469445 0
1.5440912801779558 -7.551334675321777 1
3.6132050084101253 -6.3969585259151325 0
-2.279501942261941 3.337281571077408 2
11.97062830190992 1.800120866663137 0
8.170221903034138 4.648342599560776 0
5.8069018872181415 -8.527983008085563 0
6.886415430661769 -7.854894032614386 0
11.678123630420078 2.6399125353955872 0
2.936053229822467 10.549959898889444 2
-0.4993638097522976 10.601209218205698 2
8.55158017920254 -5.23884357429674 0
2.564158895292077 1.5955622553466662 0
1.22884133713893 4.562941893339935 2
10.611706694126038 -8.054484250036378 0
-7.447254757398151 11.348281060537023 2
-1.217385550202094 -4.767187180179916 1
9.753951853738187 0.33982382417192164 0
12.150505885636582 -0.139391977767577 0
12.32541018268873 1.4739676155982815 0
9.934780123105563 -8.829626937503122 0
1.3299948619950612 7.982708827973132 2
-5.6398079432618236 3.7350593853674594 2
-8.747415235526509 10.228477135927507 2
4.582518040230627 -5.512214286954011 0
8.762343123509988 3.0356411138767667 0
6.807109894653667 5.960685141967892 0
-2.546645457925866 -10.65906612805923 1
-2.5028028966492433 -8.001244952917935 1
9.524146425483186 1.8586591240254315 0
0.15312630777206104 7.974480009077864 2
4.124863743024754 10.070890732450431 2
2.6070612431602638 10.587318730696953 2
-11.690588448249818 5.707004316499554 2
-11.605542225944875 5.5669790256705936 2
8.047298951266798 -6.357728532568833 0
-2.213686967947648 -8.031202303012961 1
-8.037601834816893 -8.214784313783536 1
-0.3035859196529741 8.08543269417253 2
9.247626400690214 -2.7956644456991686 0
9.609104758160187 -8.82323343813815 0
-7.288589983382296 7.299118903295402 2
-3.8661023074940504 -3.1034117531292362 1
9.4888186764431 -1.2520011575985248 0
-1.8278650374684524 10.564584616485424 2
-5.78648178904681 -9.765524229140127 1
-5.363759747462632 -1.8383134447648242 1
3.57901248695346 7.994226638065174 2
12.088376264343058 2.5220965600699516 0
3.187320536714648 0.26519320075727354 0
-3.1902187310255687 -0.5001951405552092 1
8.207205121908103 4.458019811414317 0
-9.276233231687623 -1.3403530441092957 1
-4.767315973249669 5.462419948593384 2
-9.316625168984682 -6.617176040976162 1
11.108013047496867 -6.358565453187276 0
-5.597143679063237 -6.729105239115594 1
-10.386482478851569 8.15262036337062 2
2.209317835330332 7.844028546212267 2
5.667046479154273 0.7254748136968423 0
3.2613761693291576 -0.26783212726723354 0
9.779949030115166 -0.07594383442984043 0
0.265263318813898 1.6003063285400378 2
-0.15441915867174072 -1.7949647687924788 1
-2.6170387470128658 -1.5868760197318645 1
-11.59412637290371 5.237431868662576 2
-7.559415796785736 11.559466879138546 2
0.11719798147100406 -4.232904992342509 1
10.738086429256844 4.840895709099685 0
0.6746560364430775 8.165767490694828 2
6.031718878519074 -0.1628781902728092 0
7.013674848454313 -7.31082739099732 0
0.37209187044223346 -0.6727242125519861 1
-1.8996575168974783 -10.594474612424536 1
11.105230133706916 4.140186725755855 0
10.617406029432042 4.637611121985518 0
-5.500403134537673 -6.908814737832891 1
9.637441448875181 -0.14383161821436224 0
-0.559029888669354 -2.0539507527287757 1
-6.415176983040121 -9.334929020038462 1
-8.91749105087507 9.750105675497778 2
5.922687779622686 0.38495018065193964 0
-9.616276864803107 3.1456667328342944 2
6.025579639975725 0.6201830012093095 0
-9.582592498246388 -0.4967035299362143 1
5.324099822021458 7.277615672800257 0
12.448703288582326 -2.672215355774771 0
-0.9668142047071705 10.476416934701856 2
0.9236414504240757 7.941766552327182 2
-2.950954352328676 -3.8462595508278006 1
-8.225867575575515 5.974219534414977 2
-9.71728536149719 2.244429730470778 2
7.424361918914466 8.778151261767395 0
-0.5232131834948532 -4.313822997602897 1
1.2630068096861669 -10.741104142553695 1
1.9379268502431963 10.737777638342857 2
-8.269000298400773 -4.274422863590801 1
-8.269581028451274 -7.8806920645473095 1
-12.495169325570693 2.7362457195320538 2
-3.306329609835933 1.9980888166807007 2
-1.8710912065840823 7.621784581523579 2
2.741222765322094 10.416598690104069 2
-12.502339921109387 0.8393011778938579 1
5.361176353825247 6.8750143294382 0
-3.1291238407997994 2.4800580087208894 2
-2.398806284639946 3.347152761419991 2
12.43688328910741 -2.594458556598934 0
-0.8280708701224837 7.969472492424033 2
9.377156146367847 -3.5682267385260493 0
4.079743876909053 7.465035334154726 2
-0.5549716271377212 -8.014256490575777 1
0.9561123671841818 -10.6546241985756 1
8.943093713066311 -9.84645606301303 0
5.443510357766117 1.6962336502377342 0
-1.0242333624995075 10.78802068704423 2
-4.148564812321133 -3.189054731803435 1
-7.458840031068067 -8.553420674819943 1
-2.3249375950446383 7.411890052830089 2
-4.369314625349603 -10.198735304541044 1
-7.7374856018905795 -4.766403528807565 1
-10.172186446421783 8.063967697940203 2
5.308521952888453 9.629661542614297 2
0.7056188134582801 8.011182416635103 2
-11.142411529087095 -3.821099149774749 1
-9.498183964196373 -6.94030952781083 1
2.7145057440452143 1.5637564439476441 0
-4.704772543136969 -9.921957319345276 1
0.342126814111833 -1.1066695490488287 1
-9.233263932377726 -2.280989015195214 1
-4.4232986476524125 9.622034385947492 2
-2.9632660820496355 -1.0011892613715045 1
-2.224600273672606 3.827156951617393 2
-3.946310471585836 6.175110091657479 2
3.274742669170185 -1.768026032408654 0
-3.2500728634803577 -7.860082630072753 1
-3.2378144137547014 1.6164882037036257 2
-4.407631474480713 -3.265756084884743 1
7.506886306118173 8.423261560542057 0
-10.331534345338747 -5.958292166104861 1
-2.966911407130459 -10.311807955900884 1
-7.530787275403101 -5.182315024027204 1
2.0130904416793576 8.361872866470986 2
12.151060958877283 -4.253529574337941 0
-1.4105392465695739 4.258388258461369 2
-12.02640906184336 3.7942779335595778 2
10.599671569911429 -7.718152052101239 0
8.703889447504162 3.0282054530524327 0
9.584442825556968 6.591601177966319 0
10.36125697639203 5.6386011113108205 0
-9.94183461792076 0.6952877552601096 1
-4.177301464760913 9.429664003044971 2
-12.12576422666915 4.384784893584994 2
-12.317339936029152 0.21592410413444563 1
-4.813442501082969 -10.286087941150797 1
5.851420556913901 -1.986445811278497 0
-10.702564255925907 -4.624105506004038 1
-9.011556629676534 -2.8868429537062674 1
-4.577951122763518 9.26136221859908 2
-6.726303513509086 7.84876390329286 2
-12.139709990134564 3.9357905618070053 2
10.596475454918105 4.601577972718777 0
2.0634891029248403 10.627776040402722 2
-9.966452562308424 -6.410047145146791 1
-8.454627103723682 -4.12976149181992 1
-5.3025168386839425 4.837769949713626 2
8.303414504694222 4.19654210034643 0
-11.877049539802286 5.22510242379281 2
-0.4520231306522617 1.227641173250822 2
-9.75637368772529 0.6921122050023562 1
9.319077893571386 1.8894845427428366 0
-3.1211960321958983 -7.7131191538521096 1
12.09171790708755 1.178425799048361 0
6.109669167033644 -1.9693124251682426 0
-6.83797407146311 -5.907956335897818 1
-9.65965541392685 -6.162978694451335 1
-2.1434988007920754 -10.673180423854294 1
4.910053354950743 7.163117197421258 0
-12.574126852859486 1.6055647028916649 2
2.1007300614085764 1.8438128760506707 0
0.47423528400090526 -8.166310321983032 1
-3.370784434844774 -10.69928036420261 1
4.038923524383377 3.436701674822563 0
9.218904044685699 -9.940808398422474 0
-3.693603154086127 -3.53762773151085 1
9.453154707848551 0.13015243601206453 0
-0.20878188314753776 4.343288080533108 2
-12.279309083873178 -1.1945105409080945 1
3.014447347837781 -10.305759454986086 1
6.2976050011172715 -1.1173803386823278 0
0.1377910564362684 -4.391684124763976 1
-11.570774631022656 -2.95093444611427 1
-10.812376621898913 -4.467838205850203 1
-5.099030221895783 -6.992284661073008 1
9.915754564307672 -1.3457687622700214 0
3.951095648750521 3.404423102057841 0
6.283652941761056 -1.2457293325523884 0
6.494716920812316 8.906540268236038 0
5.408222005252795 -4.134817825549361 0
11.684171678292781 2.2724810854340918 0
-6.364521563319001 -6.596126207080746 1
2.9656790737070233 -10.314307719941777 1
3.6528440947897534 -0.49834077690603423 0
3.676891556975601 -6.135382221204209 0
6.729852791219123 9.087706423186487 0
-6.461037815347046 -6.263222472857898 1
-2.369897458375169 3.2306524411969937 2
-3.9920440035943776 -3.7217991370232197 1
9.32054724947909 1.4517082401570907 0
-8.444253807772924 -7.9257081636911995 1
-0.41416391622639875 -10.825797918163662 1
-8.299712184973622 5.342287654315384 2
-1.4883910754178333 7.774406717318486 2
7.650798449432872 4.962343788751646 0
-3.2546706698563233 -4.002702581292568 1
-3.50297730689845 1.3252727403977826 2
-3.224620541777808 -8.106671550777804 1
-4.464009457350466 -3.298752647967319 1
-9.039048149872947 3.764599988691003 2
-5.7600671185582115 -7.1079611336542925 1
-9.749806642611336 -6.314620913604768 1
11.559820214880963 -5.110564219386812 0
1.382673885528237 -10.36031462117226 1
3.060568791408068 -9.84912147135452 1
9.841614202453314 -1.7941538209161552 0
2.582598445470191 4.308318646682151 2
11.462598537524467 -6.670158690017999 0
2.4745929748031754 -3.143569911681367 0
-8.597740382880414 -7.500742120992494 1
3.3524215905304464 -6.62271611830992 0
9.90645805751623 -1.359588264024844 0
-3.308641984712775 1.3027022454871477 2
4.620268237575354 9.972985172176998 2
-3.033325624532093 10.091258586444848 2
0.7282757353816746 -4.175249853049547 1
-4.627288180443648 5.352885318293567 2
-5.561015196727712 9.107131828862226 2
9.805759213946692 -8.796957404422507 0
9.155362282455375 -4.475639860058284 0
6.897364878237035 8.721368262006228 0
-4.7998756614619715 5.3984047616911655 2
6.188511056937623 9.536791269154683 2
8.630455347620556 -10.100543471631655 0
5.848600207364035 -0.2814340441583001 0
-0.17528267363551991 -10.823463237783363 1
0.9148096508304091 -4.304956699300453 1
-5.208583244265183 9.108969804695446 2
11.904853267224814 -4.337211547468206 0
6.133194545372005 -2.251086006783431 0
6.053798773448047 0.5905633850434131 0
-3.3360976980280137 1.407322116842327 2
11.196226112661066 -6.748306527394585 0
9.537141565646987 1.3534200966049843 0
-9.592805243877772 -0.21413087993214874 1
-12.291289643026142 3.636448612409944 2
9.796465604063233 -1.6366690493841847 0
-5.546508037969746 -6.697370391433884 1
-11.691353920332231 -3.403025315937781 1
-8.89923799478299 -3.1284824996111764 1
6.874590820341612 5.801232527308535 0
-10.25135989399334 8.32546892477727 2
7.2802233657186015 -11.778677805749398 0
-3.8411909408438634 6.26032595976393 2
8.853915021608133 -10.058380419885557 0
-3.0184917616644613 2.093039630265567 2
-5.48201718348502 3.839127918893808 2
9.667622688667143 0.23113921256932368 0
0.09889734182953011 -1.7651344483424893 1
2.1965404491371556 -7.441389493642303 1
2.8716790808280948 -6.903170101388527 0
1.475225486141479 -3.8875447885181957 0
2.9236557577058915 1.0357614679275888 0
1.0447590394071657 8.2232753910245 2
-7.963591819898686 6.345982196698059 2
8.8865158883398 3.4949483722997283 0
8.710173221206551 7.355866756034209 0
3.123705419910105 4.1109281870013525 0
11.110499729067195 -6.770257436526277 0
8.700065254671367 3.4020405572339403 0
10.12866764751064 5.913493044740418 0
11.155074085382351 -7.021839197709376 0
-3.837010055833245 6.028469545178261 2
5.62937748408414 9.508443430467715 2
-3.1894160359671675 2.1356900717013843 2
9.60236771829269 -2.1744547302167456 0
2.689101999243038 1.0768128936895942 0
-6.788618576054345 -8.772555138753917 1
1.5867201977165974 8.072440151535698 2
-9.016210609566892 4.911184514423705 2
11.995257009470437 0.5478355240383668 0
2.2348399076573284 4.1394728155751 2
-10.885881621575539 -4.332837538451747 1
-7.8863217391300555 -8.01033467727433 1
-3.57901248695346 -7.994226638065174 1
1.5713632717602282 11.017514726299318 2
-1.33583699936004 -8.415646346421015 1
-6.497786767893693 -9.22509272447289 1
-3.364551181444147 0.7516996367277728 2
-3.3003909448019173 -0.9572535775272409 1
2.733588810167383 1.604655017861522 0
-8.505734527979724 9.972819338038558 2
-9.394690402067667 9.19125052389516 2
3.359109327566769 3.8066680255696026 0
-3.0418490725675036 -10.721969573475763 1
-4.786459225400686 -2.750456786349097 1
2.2293637812373586 10.90951589758809 2
7.62463249622137 -6.858662728115412 0
-4.429158626819166 5.548192464570802 2
-3.0430995649524517 7.019281132647972 2
9.992136532337165 -8.322528755900576 0
4.808540577455914 -5.407296861546193 0
3.764258242873114 -0.6845397917823577 0
3.152268075682064 -1.9772173805271922 0
-0.7896107035732222 -8.069790177920602 1
0.0761884331412272 -0.39122671012789406 1
10.685184496567084 -7.590735893954229 0
1.3158594825809073 8.285231788179727 2
5.8014724107391045 9.49445554242707 2
-4.8646643891353865 4.88461077601358 2
-9.747308359751912 1.4321478329478916 2
-7.025434620173318 7.8072184062557275 2
11.685329939993247 2.972717651374715 0
3.448305469310628 -1.037189993113962 0
-3.1254124223242834 2.2902033428709103 2
-2.207698928735413 -8.165848654305556 1
-1.7235198235362943 10.712642035290598 2
4.17102958399447 7.50999190014768 2
-12.089451060401213 3.248061715569768 2
-6.287268618758527 8.288482799102 2
-5.35562339348326 3.881099994749125 2
3.7811989037993485 7.515782347906701 2
-5.01185830434502 9.472902144510162 2
-2.7257430944456478 3.1497711282457472 2
5.650063636105555 1.618726133364909 0
1.334012015750882 7.948100262355196 2
-1.0207957707418067 -1.9330049537551686 1
-6.513643340016481 -9.058761773419144 1
-5.839858500902409 -0.8189622224121882 1
6.763672450582437 -7.743744673575633 0
3.674677590303339 7.797856210686606 2
-4.844643312962814 4.80652383273062 2
5.8922552112285915 -0.11247949272849966 0
-0.44302267821433555 -2.015415996642142 1
-11.00789022474124 -4.635189141084524 1
3.1461355539591263 -9.946458727451407 1
-9.354263288270088 3.1299920838235886 2
5.509379122936868 -3.788850337637944 0
7.53842725651044 5.363695530440618 0
1.1021607561682798 2.2859433159608162 2
-4.073052380295568 6.326929177769718 2
-2.598294625034042 3.114901764894943 2
9.90119465606071 6.026117199583682 0
2.8478208277938584 7.8916108058035785 2
-2.9805377606166377 6.9158454839308 2
-11.773725583675123 -2.7282039826780187 1
7.502875190510386 5.312581591448471 0
12.158530281617923 -2.12461316787045 0
8.852381355892142 7.467269693831459 0
-4.82405075848434 -7.305115736737952 1
7.356235576175817 -11.464694567067538 0
-11.755857233378416 -1.7651060198798167 1
8.13481723588117 4.506061186905536 0
-0.7283153422206591 10.537426267700015 2
5.112716186468271 -9.2561584584612 0
-7.827626770838017 -4.5612656457406 1
4.214484661301319 7.538912654961642 2
0.9538909695671911 -10.737395583529711 1
9.128885590447911 2.0996138517667715 0
1.684462448930243 -3.759268591154626 0
9.562870486908645 -0.5042309037848962 0
2.601999472049029 -3.586073051700204 0
-8.575791414640221 -7.441038702440616 1
-6.008037357867809 2.4724878362330527 2
-11.702567478421766 5.275952205468228 2
-1.7298273177406722 3.6793621649263675 2
11.615846355042768 2.4443871833835424 0
-0.0535778597236502 -4.679851913982642 1
7.0755276913971965 5.705527470375508 0
9.838883474872766 -0.9466203618517994 0
-0.09620137796481043 4.6426452906888 2
9.467871593998177 0.37769109253093897 0
9.376002616617994 -4.061139906417461 0
9.253051716568022 -9.274347377292678 0
6.98361942806757 5.970940815919545 0
9.128547220020733 6.975496813401694 0
6.037269228412599 -1.3722337742973612 0
-8.853915021608133 10.058380419885557 2
-11.928734606967367 -2.1014006145295703 1
-5.8014724107391045 -9.49445554242707 1
-6.772919661412492 7.997810917584964 2
8.249199786312227 -5.6722235652431205 0
1.0027256170878278 4.72338033225064 2
4.587207337106572 -9.342745047149595 0
12.139709990134564 -3.9357905618070053 0
7.1191909110244085 -7.7752142391133665 0
7.276150818511919 -7.391449045074779 0
-10.964680517726238 -3.8526457801164313 1
-2.9645367152609734 -0.833332858469541 1
-10.710904401094508 7.624514436851248 2
-1.323473661549488 -1.9249966387390682 1
-3.880562445007368 -10.274342194594269 1
-8.553348102425241 5.627579326821769 2
0.3040222383198203 4.489335075280884 2
-2.9465524654685527 6.999263245296978 2
3.178251549916483 4.01558669315609 0
-1.270549164242784 -8.174609806374367 1
-10.805133117418835 -4.51767157892862 1
5.3903852680354065 -4.24968453389847 0
-3.485722815958507 -3.6622614343438435 1
2.4516879388019692 -10.21220039793396 1
10.16324252398909 5.937435206049813 0
-3.751765603805199 -10.229481555455894 1
-6.047181002500497 -6.595477825580868 1
0.11981971669769384 -4.740309620558818 1
4.471955073258549 3.044099757169613 0
-4.3895591719764395 6.098781753626694 2
8.891616444868136 -4.724338996944902 0
2.007763740818583 4.554395298408556 2
-2.841405103453737 2.4774735766009552 2
-9.398948394546927 -1.6143266324474344 1
-3.486488602999571 -3.781116324862622 1
5.860743171248822 -0.8743053357166984 0
-9.682968196321402 9.480662397649674 2
12.296959039328026 -0.4045435632799221 0
-11.954004048093761 4.6845516972930445 2
-9.354021143511499 -2.300638827003773 1
11.922432543117004 -4.2496193480088005 0
-4.652168023593787 -2.2253164678466284 1
-4.0073972036329435 -10.28948411059888 1
6.230671321265831 -2.3834242448599614 0
-3.4147824608723996 -10.530121537633406 1
-3.4345950234533946 -0.5315203737584462 1
-2.9224574114420525 9.903989534561587 2
-3.303213377587724 -3.9078212619260055 1
-6.06470618614688 -0.2626905161876481 1
2.26460633468582 1.779796217715045 0
-3.4129581030293057 -3.8909862776062 1
-3.7328113490999697 1.0229440727959842 2
-5.764677515166027 -0.6929506224721399 1
7.920978965538286 8.33451575829832 0
8.345827543255828 4.456765399149195 0
-4.004514504064054 9.791841652703651 2
-9.88145527949884 0.255996498293598 1
12.023865827002652 0.833065901386573 0
-8.47554189448925 10.41971307490225 2
-1.6263228538054346 -2.048585508200257 1
6.303746145576817 9.200265449130216 0
-1.837391079870836 -10.568260411934556 1
9.136541362929446 -3.361399490785439 0
7.988975685721065 8.211699885063224 0
4.4448675718490245 10.031171697450063 2
5.9602535335108175 -0.42461122345979563 0
-3.742004598512106 -3.325078671667948 1
-10.13734519177394 8.375565721628679 2
-0.9236414504240757 -7.941766552327182 1
-2.349552367102376 -4.2871362536018305 1
9.55991774061933 6.458276058337558 0
1.7178186833528535 2.1106229996166217 0
11.113049647469445 4.521041148666445 0
1.358548225137287 2.305982092730518 2
-9.938515607244707 0.2225765229791541 1
-10.201090209714174 -5.797868172552836 1
-10.422396021496102 -5.636512436885693 1
3.308641984712775 -1.3027022454871477 0
-0.29648202667786894 -1.7392666435602318 1
-3.3692825862439415 -0.08701485339155118 1
-8.566281211812214 5.1835426537273825 2
-5.233268251689667 8.95639817399713 2
2.912561214784031 -9.944616443391622 1
2.917860779380997 -3.1576432869335056 0
-2.3373405410951302 3.5079845978643545 2
-3.676891556975601 6.135382221204209 2
4.76015365295245 -5.313844431153931 0
-11.649702454911479 4.9116298658325315 2
-9.007967388921674 10.232076943529355 2
-1.0474952623756075 -2.2484139067771016 1
8.505734527979724 -9.972819338038558 0
3.5872278648101075 -1.9260292800321308 0
9.350223723423785 -9.753131962993754 0
3.7764741608537524 -6.154777972623601 0
-3.076413561082348 10.149619543890804 2
-9.768596263845833 -0.6600204088862929 1
9.886580106030186 -8.833829804305815 0
-8.832764715493324 -7.76273885998957 1
-9.11806918301569 9.518324164107701 2
-1.60727374549436 -2.1333194677192897 1
-7.832812689711636 6.1617810701510205 2
-9.448691872762542 -1.06484963830448 1
5.3958748190928 1.2831783049783358 0
-6.060599278368156 2.0515050868549776 2
5.147038916904116 -9.125063858157233 0
-2.529726602143897 -10.805715390337463 1
12.297668845931312 1.2520287614016452 0
-8.815660492748455 4.74843295566498 2
-3.434928721251973 1.7636907014878513 2
9.589641909287268 0.5646101799451776 0
-0.12282073610572658 -4.613283369468011 1
9.710956097026457 0.3614304966918365 0
-9.47800251907697 -6.607338775967652 1
3.563675798316975 10.274311278313231 2
-5.2083760896090965 -9.963279755667278 1
-0.6656997318077331 -1.8241354328445396 1
-9.57815681558334 -0.5936241150129411 1
-2.0044482787299547 -2.12192486029709 1
5.013326584829334 2.006179421711277 0
-3.166567919133153 2.6046474142667413 2
-5.096097853763774 4.846507083475 2
7.788231592771188 -11.21128277956076 0
-1.4920030242709905 -4.409266383713211 1
9.483501745151292 0.7306922398748015 0
3.2326331520911156 -7.007741820551316 0
6.434849886205734 6.520227506656296 0
0.4993638097522976 -10.601209218205698 1
-10.639793962087234 7.520111705936399 2
9.128958384017436 7.452647104918941 0
9.724168163107569 6.47123146667195 0
2.932327977668188 3.8447959522747017 0
-5.96617644138976 1.1489818917174957 2
-11.77006396131654 -2.528911615953087 1
-7.6266898574207795 6.918688998150436 2
0.8620286027012809 7.98204582689389 2
-2.985473466766212 2.1899202188788154 2
-5.699690221217436 3.679684293818488 2
-11.72471127893246 -2.88442367864469 1
-3.163059826041776 -4.001455441180925 1
11.908502526428256 2.930073471524297 0
2.3972043514869434 -2.987013903166589 0
-12.160277132134189 0.2731515550946215 1
1.0818654564441665 2.001164626069118 2
-6.199244078075197 0.43050639652636413 1
-9.231510757791789 4.192926377826816 2
4.142972308172749 7.457642302857057 2
-4.177485809088054 5.8143344663457235 2
9.222245828955948 6.674811213319781 0
8.832764715493324 7.76273885998957 0
-9.798677125188782 1.1945848616048278 2
-2.8968389270467862 -8.248671195076067 1
-4.635888558709961 9.275280383243423 2
-8.269108113085425 -4.258416813678678 1
5.5392903882146 7.270505264328582 0
-1.1586907790723038 7.775444833075252 2
12.163537633928385 -1.8100950987666746 0
2.31950665245757 -7.412472129475039 1
2.023616163851455 10.725905382362885 2
-7.7116432175703835 -5.447965825211382 1
-4.225020606300971 -10.029993201290589 1
-1.9437596750693291 -1.706513484356393 1
-2.561472167749473 10.463932374310556 2
2.2062662342831363 -3.3721486942460244 0
4.196852239795088 7.85010932094203 2
-4.852145479257729 -7.180603863441273 1
-12.450738152522272 -0.19827453317950877 1
-2.0688653937746757 -8.170493006372801 1
-5.9817957842022125 -6.853382492525903 1
12.210932547047966 0.6319854657720844 0
8.326998103841293 -10.599766202693566 0
12.326685545687209 -1.4726762485803049 0
-1.456324079381862 -10.870164221982458 1
-2.007813373440211 -4.445368473732658 1
-11.637922856210912 5.82275104661179 2
11.284327938174538 4.194671770649784 0
9.498183964196373 6.94030952781083 0
5.148876593918158 -4.9452724028009545 0
4.719355990041295 -9.146041536157513 0
1.8651320529997677 1.8283000573845025 0
-11.113049647469445 -4.521041148666445 1
-2.4406855667917187 -8.111684161317788 1
1.3758239879980771 4.272056014539349 2
8.338974609993794 7.826281155668991 0
9.795042031461435 -9.033355596843846 0
8.693690851833312 2.9380851370866985 0
0.8680142855249153 -7.676908372283572 1
-10.334651810681443 -5.033815510737629 1
-9.199652630206486 -2.20343640833849 1
-6.535906945764117 -6.200484391939918 1
7.990706866177231 -10.95560738042814 0
-4.507438272751187 5.213480244401592 2
3.71787647328973 -1.3116629564970361 0
2.8844768050534992 -3.0050868434080824 0
8.016231199290651 4.26512932124175 0
-6.8136462019517055 -9.352115997635014 1
2.2492408612264025 10.842827761292012 2
3.1877270885081974 3.7951226691758917 0
3.4934074600336267 -0.7147620560879989 0
0.4916172147581576 8.3507790622651 2
-5.2525428912348735 -9.726731464811998 1
-10.775848602885866 -5.167719389330753 1
1.5895861221336478 4.648850806311528 2
12.222559353634574 -2.5713395860237434 0
5.255144880131052 7.093215693325949 0
7.748202777498231 8.70208218895591 0
-9.2550295447045 4.160562732747622 2
8.540849676787312 -4.751134350426361 0
-9.685295944343512 1.9754813024241067 2
-11.468120054167164 5.434591708510632 2
-5.727414201395484 -6.933669743105816 1
7.0796114984012934 5.752607245747208 0
-2.587990843449256 10.145695430962432 2
9.151338758520678 -4.111361000794801 0
-3.0333077389076024 6.882605179908312 2
-3.5027855829946692 6.826233130590062 2
9.839264466558078 -9.058872080964301 0
2.8968158301267564 -2.3003421625215337 0
9.142415080440848 -10.025475783193677 0
10.919793187473248 -6.653736833557128 0
-10.478359168050982 -5.062666629463383 1
-8.362626639896973 -3.8283026903898736 1
-11.901805290575743 4.5844194166532715 2
10.552562585594627 5.015380238888658 0
-2.1035346539327167 10.455146992074958 2
2.1083660854312254 2.012315115266488 0
-12.004781817144908 3.771300870206592 2
9.591621351706573 -2.344891292483055 0
-3.4299218444252233 6.199710552946065 2
9.834607221368083 -0.8638264829929119 0
0.23656459428025375 -4.272174956595922 1
5.146774219771465 1.9867412446980923 0
1.5038645289200305 4.330713105098406 2
5.467670287129104 -3.9500739426758673 0
11.739893274639162 2.096713689965913 0
3.8689125040110546 3.2621691261076307 0
5.835136342648842 9.696337026992966 2
-0.3173404712325142 1.391837240370403 2
-3.0671740321556875 -10.72310508870647 1
-7.748202777498231 -8.70208218895591 1
-9.15901070076138 3.7452923247884247 2
12.174048085324188 -3.3893423681466897 0
8.241773292639115 3.854876356146092 0
-3.9254789704592685 -3.2621859820653607 1
10.764113530830109 -7.584137959430394 0
-3.123705419910105 -4.1109281870013525 1
-3.7989688672310975 -10.270625652150576 1
6.937194001895662 -7.825554457062606 0
-0.2258376193818688 -10.548691188572262 1
2.7261804000451666 10.448783208749713 2
-9.131560612530343 4.46978308422262 2
11.96512501887612 -4.397676829363366 0
1.6481519021168138 8.343611743426903 2
-6.853750575732581 -6.13567386358573 1
1.8495790557703944 1.7166865766814845 0
9.857315567280466 -0.9694235155631346 0
6.051042562172302 0.3942463918527451 0
5.913233129378542 0.632908930549658 0
10.334348943821986 5.717174085390478 0
11.203507794307793 -6.926931274630507 0
-4.1442262209976395 9.836800922456261 2
8.02088965663713 4.943277757628902 0
5.3025168386839425 -4.837769949713626 0
8.166897906063088 4.184449688585393 0
10.90722536180092 -7.483889858951947 0
2.321217901418335 -7.150337176445829 1
-8.158805868684468 10.88554086427175 2
-10.352988391534442 8.195025304690201 2
10.501447005021742 5.378047147947898 0
-5.520725435667753 -1.675796160105416 1
-8.8865158883398 -3.4949483722997283 1
5.552276496394081 -8.8935502694612 0
11.967939558920806 -4.618518039748547 0
1.148313606085333 -10.750734936950854 1
9.288477166733394 -3.272496894682047 0
-9.386055957192744 -1.934550913509902 1
3.2917624073685645 -1.5834112762721202 0
9.501554734828078 -9.450636031748925 0
4.663012508715657 2.7392715966050245 0
-5.525701813479454 3.1865842480516964 2
-10.20376297556582 8.732926745240025 2
-7.345859334609476 -5.266020792048387 1
-10.265140056327937 8.622928111430435 2
8.541307497173795 -10.41973795361019 0
-11.709281082806537 5.795013313155147 2
11.85550110538669 2.315964601730726 0
-6.379483049563386 -6.62560866191607 1
-3.2600288388474237 -8.097044675616978 1
3.711794087194088 -1.0028021301724372 0
2.6601608573747932 -7.046670852808787 0
-0.23656459428025375 4.272174956595922 2
10.205376416906578 5.949255836321741 0
-10.29486573934074 8.675692473468136 2
11.68379677366345 -4.7630353732161765 0
-1.7367991257319992 -2.132860945460786 1
-9.501554734828078 9.450636031748925 2
-7.52703754744394 -8.628753008137053 1
-3.005174672438609 2.5936599527722404 2
-9.861275431216175 0.6500509566590265 1
-9.306957504963412 -1.3638264269918619 1
-4.0674853558934 -7.5328370296700715 1
-0.5533216023171865 -1.6682478108498167 1
-6.340112642034672 0.9668054404556992 2
-4.792479745111507 -7.219745183907081 1
5.867815739428499 -2.419792966345347 0
8.234349544740102 4.1619387663601755 0
-0.642335066270722 7.807027234185804 2
-9.38127042105128 -0.5532539789941927 1
-9.688506858801443 -0.12514225877879753 1
3.4136320840694863 -6.887928067918961 0
-3.1695861645369003 1.9877447361365104 2
-11.107573106307518 6.550305208242817 2
8.4331163472984 3.814125196078014 0
12.514358549450598 -2.1266485578092027 0
-5.250240944217024 4.974296970821581 2
10.807651755859784 4.858656305813423 0
9.627414048849582 -0.09589600205168347 0
12.135944963142004 1.2248626871250283 0
7.0389417745869824 8.843581347371504 0
7.6769088443655304 8.208825683407282 0
-11.213336590587849 -3.841828576206919 1
-1.4880310053990338 10.784519613117904 2
8.00170899988707 8.135511481929088 0
-9.897583378291271 8.514015416959616 2
-0.06125554212619237 4.53921480971454 2
-0.5823577152529144 4.6143880012144045 2
-8.602589941232186 4.611498325382065 2
2.8678412175921046 1.0445830601516117 0
-0.0747561962110906 -8.079578598210004 1
-2.244384050769507 -4.625454485761608 1
8.87111335456611 -5.021931695524247 0
-0.7867768686556169 -4.7507521452080175 1
-9.795042031461435 9.033355596843846 2
4.950346557108415 9.724488843344485 2
-4.6505639597201025 -10.008173938578253 1
3.3277935419191857 10.489652482791644 2
4.720507331301177 -5.201628819778529 0
5.586205632475758 -8.72703638816014 0
12.087253648916302 0.5773074019182528 0
11.965531997611258 -3.690801793539906 0
-2.280712449603394 10.307125950558678 2
6.068160287668368 6.4983096521446235 0
11.28790369094401 -6.823131462640783 0
9.523941160664297 -9.535386031338515 0
9.293436202565646 -3.8561027630209077 0
-4.2443066956276105 6.191915846142759 2
-9.680365012695303 -1.2384516905754692 1
-4.1953766865744875 9.575625836416691 2
-7.948657054037828 6.158718034131516 2
-7.692806977098786 -4.739090994476826 1
-5.9640524706023585 8.392168312858411 2
-10.45500610810271 -5.492688169851026 1
0.23437869899763236 4.613925993046102 2
9.156111489392138 7.156030344933624 0
-8.535994415584476 -7.72230220057549 1
-3.892295713944693 -7.732848320690074 1
-11.696906837621299 5.340416171633531 2
-9.81501708283475 0.3646669542999771 1
-1.7646539756802628 -4.659353353245504 1
12.115487041025805 0.6812004244308406 0
-12.097163453189767 -1.7368429787606527 1
7.903593417801433 -6.692562504393295 0
3.133079474822874 3.904578954873135 0
11.648002581590019 -4.90317542355648 0
-2.31950665245757 7.412472129475039 2
5.892123961107078 0.5649721555946756 0
-3.339289254235637 2.4025101269117415 2
-6.15481698985319 -9.351451995549622 1
10.957398032208642 4.457641437807957 0
7.977374276712596 -5.825721863975299 0
-0.9565262930076124 -10.968596557989503 1
11.597175008035421 -5.732479413879922 0
12.397149014716918 0.5235091945086765 0
1.6215596675797916 8.137748879111067 2
10.718119568264363 -7.01223496276198 0
-6.478823743489252 -6.248179147888407 1
9.484750094124713 -0.6175286676971709 0
-8.461378484664909 10.626516432903056 2
-2.25156960514961 -7.915286846645355 1
-11.762946138674819 5.624116771551746 2
-9.923392375561528 0.8582593088693495 1
-8.970197210313653 -2.1135849921988124 1
-0.7025134914956452 -8.050128426516924 1
5.755469835685368 0.2753282789573572 0
9.51439068002778 -9.287730070659935 0
-6.1587411774598015 -0.10723415462470809 1
12.251535420112141 0.9890722371450813 0
-5.20222813514301 -7.349933074085712 1
8.035823316949191 4.876308924145787 0
5.7576335202619155 0.45877795640845065 0
3.486488602999571 3.781116324862622 0
12.40131296154976 0.008225101084665232 0
4.711631945980228 9.995796098367828 2
-11.603718441072695 -2.7796771567642966 1
-7.945952367464304 6.322177510728036 2
-1.5473579756741325 10.275053885422457 2
9.388851301501425 1.3647931879358737 0
-8.733656368997936 9.787688776719563 2
-10.822637507286114 -4.383340876552841 1
-6.238008451044589 1.8026589514601647 2
-5.037911868441185 -6.886914323650889 1
4.318330651505523 7.83425967717867 2
-2.5425384506936437 7.375032769789888 2
11.88005423773547 2.660824224663285 0
4.395408048680018 3.0797012822117713 0
-1.5347054043200683 -10.987186606303212 1
12.455838183444774 -2.8390162280053493 0
-5.379460388470879 -7.079933560388007 1
-6.6143327725057235 -9.28627585880071 1
6.867604421521206 6.0725345423930905 0
4.787116543167474 -9.358057680186956 0
-8.807399311575633 9.777487816132426 2
-7.166443508812278 -9.095966247562345 1
2.644867880606408 -6.96424276417631 0
-4.591769866023256 5.496071056510279 2
-3.476591754515072 -3.8213231360495077 1
6.499305277488393 -11.758500086236438 0
-10.931040965337946 -4.043189463452997 1
-0.16043270333537585 8.170102070291557 2
-10.636267968446795 7.2743138735083965 2
4.2925719145043955 -9.713499521468771 0
-8.636283036154184 10.294154310079753 2
0.40193273058135986 -10.526695953083319 1
12.20465134712168 -0.5753468824964398 0
-6.534080923479408 12.181017737634745 2
2.5825687378715614 7.89371469727696 2
-5.890805245384184 3.540746535444271 2
0.41245869955619624 1.8056970922889888 2
-6.250009867326863 0.7982558896345888 2
-1.4413843787044245 7.958823525876143 2
2.6168606857436285 10.72984734022539 2
2.383393044265821 1.4734800882934787 0
-0.8620286027012809 -7.98204582689389 1
-9.077214885925853 3.721135683306251 2
-4.520849757608104 -3.049618110374161 1
-7.276213514123199 11.530841791479197 2
5.482463396849578 0.9226783068889877 0
-2.4398519011031934 -8.070358503021357 1
11.99385281618954 2.012172825275165 0
6.2855139821998565 6.346535135265539 0
-10.844068156885283 -4.260272019091193 1
-1.2630068096861669 10.741104142553695 2
5.418838259256356 7.1013486402577435 0
-0.0806247948811668 10.60647754506086 2
6.279650005972677 -8.105062038940385 0
-6.742452744497498 -5.81032110486656 1
1.133606311188399 8.038205053945916 2
-2.1965404491371556 7.441389493642303 2
0.9286638144331989 -4.000555632731201 1
4.482424131614111 -5.596934745493953 0
-8.497490421853998 5.247928147180668 2
4.593133036631561 -9.474615683714294 0
9.424725214206095 2.374784376974083 0
12.10707512839608 0.055395459012523574 0
6.102011764914863 -2.8693329063867816 0
5.487373049308678 9.599158251252588 2
8.269108113085425 4.258416813678678 0
-3.670882067868695 1.4665529816545582 2
-3.010168647733484 -8.036285709539293 1
-8.727471356343603 5.202035475761569 2
6.396537280882137 -7.9075547845 0
10.684921028250342 -7.480536368797416 0
-0.4910423362146304 -8.180420037676067 1
-9.068392525627925 -2.4678625167655546 1
9.879015628547343 -1.6070062191568664 0
-4.839105782057177 -2.389857510510347 1
9.360263347537986 -2.3844476199121414 0
-2.5272037623847683 10.454080582155557 2
-9.40957240264974 3.403918886191189 2
12.342160328046516 0.7819599120481142 0
3.3102509999105627 3.843227362097587 0
-6.817688491418752 -5.645702312761658 1
3.08445745563738 10.540233790220826 2
2.5633805021671896 4.34619848816293 2
0.0697706067645621 4.58818670716267 2
12.554077813446956 -0.9365127266894907 0
0.6981532207154749 2.1858884438673276 2
-5.485884322898182 -7.07390209217979 1
11.915959189631204 2.950764420150285 0
1.6777107864912217 1.9861407982571329 0
6.226004310625999 6.598199169156806 0
0.5014042149331852 -4.4508320405263575 1
-0.5387542678640603 -2.055966431213859 1
-12.230263959858128 -0.40349034872427536 1
7.490392742130212 -11.716432484711005 0
4.139240432621207 -9.316982515246696 0
-7.203973989798593 -8.63680453654656 1
0.02394053233019655 -10.911754497889307 1
10.735775265597658 4.465205993486256 0
12.412591815438192 0.39057726073786986 0
-8.860622391845473 5.114467955226206 2
-12.091871095934057 2.3453243286901087 2
-5.931133399084305 -0.8187124461807164 1
-9.36467937111169 3.162982324253652 2
3.1184990898845375 7.880582269550345 2
-8.941608913509898 4.144497851328536 2
11.606621749243727 2.2588120142508368 0
6.888981227558164 8.934315218238892 0
-2.2576247457965404 3.5965228001704923 2
-0.29341531065386267 4.356659649002167 2
12.593466966975162 -0.6119570992850019 0
10.649582374985924 5.246934768456386 0
-6.904198984382606 -5.894264541419047 1
-0.21368407312415655 -4.739954326802059 1
-12.358554706472818 0.3123704865305292 1
-12.05163775928147 3.817040641406917 2
9.59467537801874 0.06588517214754386 0
11.878325548972265 1.6684078908449922 0
-3.173365341007929 -0.5484861605417827 1
2.2344155490297433 -3.9091373377995113 0
0.2114596488314219 -10.857204917083925 1
4.650945022742985 -5.356976088124045 0
2.55673420947529 8.034769776324486 2
-9.782861767348487 -6.303225448764998 1
-5.691049382642332 3.786733441888379 2
0.12959455945381218 -4.526568443362326 1
1.2633431071240449 -7.621763285118551 1
-10.331590870065087 7.729979616168768 2
5.500323929849639 6.886467305992019 0
3.961412077773673 10.442982294871754 2
1.0486884485212533 8.19575462457875 2
-8.327023656652186 5.714535304087657 2
-5.308521952888453 -9.629661542614297 1
-3.209544244093756 -0.8195193762668704 1
2.587177859300054 10.48083523822784 2
-9.128958384017436 -7.452647104918941 1
0.6967941162519016 4.621837392567366 2
-4.934985255525614 9.054260596848186 2
9.045013924564511 2.124240412168556 0
-7.554508042981545 -4.996712532735675 1
1.6839200937954202 -10.317537854859417 1
5.101236687697374 7.470576213242369 0
8.056931815133742 7.918791701341471 0
8.839860109845471 -4.916911104276431 0
-0.4656739026437776 4.14052240034778 2
-12.01074077728056 -0.5224862923330156 1
-7.0796114984012934 -5.752607245747208 1
12.138813090711299 -1.8142878647142313 0
-11.066457552531334 6.525834733981151 2
4.507041065784113 2.71640285218032 0
3.215030899368411 0.10921874637387276 0
-0.970428287082635 -2.1805777776295887 1
-9.319077893571386 -1.8894845427428366 1
9.90201658008812 0.11776499823957878 0
-3.2258476809396766 1.7628581735954292 2
9.611859453314084 -9.32966457516522 0
0.1460581274056617 -1.4901258169909788 1
-3.4451044636475143 0.06719331992375355 1
-8.02008337417493 6.112363603739394 2
6.075827525323444 6.480656512322651 0
2.3627868997704136 1.478666965141342 0
-3.220916609520773 -7.7815053407637444 1
6.422321174753733 6.510245721361969 0
1.5244601495485237 -4.22020128364276 1
10.161018989675775 5.871971269243007 0
-12.318373926090528 2.0213584323229328 2
8.511747187922827 7.7980395289036375 0
-9.515080384859488 2.6504235241628873 2
-1.692624211590049 -10.96348901719786 1
6.905091927180002 -11.949317878889342 0
-8.968572948715488 4.734051706532468 2
-7.6791823022851515 10.87910264470018 2
9.419252268588716 1.6052148462517102 0
-2.0108058191324645 -8.092513756963623 1
-9.336331332280526 -1.6438300493399751 1
8.961469265655888 7.361952956089943 0
-10.407645715788842 -5.287328408669154 1
8.103134023572297 -10.875736786522989 0
-6.8992402282454455 11.976884381996472 2
-4.914247165363568 -7.103075334354388 1
-12.208216210740977 2.724654964051141 2
-6.02552886101289 -6.49871817429541 1
-8.200295929018097 10.68718896871119 2
-9.366577599322179 3.4775674083317076 2
-1.5639026065631367 3.9777373444497703 2
8.044806942987103 4.963588958549459 0
0.16989721120864348 8.004320697536912 2
-12.559221012423025 1.0270507481046445 1
8.270387640844817 3.9990765722743737 0
-5.166795610350056 -1.774424058043389 1
-1.0924084517094919 -1.931625115369434 1
7.219051124574376 -7.193925897972265 0
3.4961371011485265 -1.6536634932495284 0
-6.8760157087761185 -5.969964926837933 1
7.151947578683089 5.6844263854277095 0
6.419318235851346 -8.511206998546799 0
2.4101706067384967 -10.57938228487445 1
1.358440695928144 1.8299967656663818 0
8.628006065244968 3.6006304743573785 0
7.288498385632032 5.436790877779669 0
-10.447945121868157 -5.23854481637675 1
3.3003909448019173 0.9572535775272409 0
-6.118587101789403 1.717598051202161 2
-2.582310137626195 -4.487156906982247 1
1.734113137839308 10.757790648193312 2
5.834857906074646 -0.0320312683785659 0
-0.3851904724259077 8.074966739849927 2
7.864885150956761 5.2934210741008085 0
9.670597090351658 -1.5178075202391392 0
-9.309110498302399 -6.915780734420918 1
-12.017228449782762 3.3827696607738056 2
-3.63864021271906 -10.239903102113558 1
6.879346779107905 5.972657552633039 0
5.668231567879351 1.3636483117389182 0
4.159982049653593 3.2758963273643094 0
1.7827142109216838 -3.914610094576448 0
9.301358567815688 1.691572669522254 0
5.887996493161041 0.709700745691283 0
5.399178721865703 -8.736129686877533 0
-4.9984808430981404 4.878640425060141 2
1.0206384552237762 -7.668707619951348 1
-6.202588879359479 1.009684754703647 2
4.786459225400686 2.750456786349097 0
9.370331636307514 -4.333851970692155 0
11.887521994288608 -4.224676180521746 0
-3.374368999592319 1.879974168783777 2
-9.36843840348569 -1.1321256719879889 1
-10.463688020406943 -5.466058171496999 1
2.3670240842598043 4.479108293680205 2
-7.961570545454318 10.912458071896673 2
-9.25853890964181 9.495960377439493 2
-12.274865252823313 3.857638236970792 2
-8.541307497173795 10.41973795361019 2
3.0388330527053964 0.7593361635965089 0
4.916125549580368 7.08313473717861 0
1.7110235435780166 8.335838015014442 2
5.791691772551995 -0.24056124573124626 0
-10.324600145236166 -5.1206585893593 1
0.6928185776475041 -10.784315297541104 1
-1.503460734222294 4.069650651733104 2
6.0670027257625225 -1.138642737844288 0
-4.471955073258549 -3.044099757169613 1
-4.808540577455914 5.407296861546193 2
-4.971833961766513 -2.4041483003002804 1
-2.2265247990219357 -4.372024416134456 1
-8.243320374879856 6.352695343515565 2
-3.2840150613394945 1.2504416646982126 2
-4.0978639782651225 5.812917676513927 2
5.723674632728816 -3.4412588863334173 0
-1.7474820141576406 10.292310077505189 2
7.924109148277522 -11.3846265865572 0
12.213802584506892 -1.0983022218710314 0
-5.800049307281844 3.3097755424219617 2
5.921354067751707 -2.613415791493676 0
-9.735493090629747 -0.23538950476253195 1
9.786937592908181 6.064988600391039 0
-5.522085265439326 -1.6187943916179097 1
11.339937907355205 -5.441098895545384 0
-1.4693258231279605 -4.662156719479522 1
12.433313175604914 -1.1860181909087402 0
5.8485899789181675 -0.7441792429092033 0
4.16897369887588 10.222358237553829 2
6.274873333085304 9.177228982703243 0
-6.5343400249966885 -9.36537288548043 1
-10.34497893644849 -4.919004190347581 1
3.892295713944693 7.732848320690074 2
9.255539372799984 1.8117789032596823 0
6.762297232972087 9.045865100974185 0
-4.930559461666536 -7.218651517091523 1
-12.205199486068581 -0.7036524997387448 1
-3.7925681274934515 -7.853142235749562 1
-4.778765317134616 -7.414020210265294 1
0.31395971214718565 -8.05128752364239 1
9.125936881202232 -4.606383084523263 0
9.13872268109223 2.057632487576319 0
-1.9820553199833544 10.636832783798955 2
11.601956611008333 2.6092961954410803 0
-5.58863473905406 3.696294136593941 2
9.966452562308424 6.410047145146791 0
-2.256714294183827 -8.017646436450859 1
-4.303624422157931 -10.361849146652117 1
-4.49965966276688 -2.8272261515393806 1
-1.8730253100745147 3.7590516191377468 2
2.145514556537827 -3.2604321877591853 0
-1.9928012272915243 -4.255665617034566 1
2.7205885269060963 -10.476075179754782 1
6.295491068783157 6.314666284954439 0
9.864882863349731 0.030896663514755007 0
7.204617007635224 8.60548242007902 0
6.912675397598155 8.991276947434557 0
-4.314521752361602 5.392277388459707 2
-11.282223254210471 -3.751618875875598 1
-12.275536303395299 1.297355611125137 2
-11.462598537524467 6.670158690017999 2
-4.6498780145903975 -10.083385305484548 1
-7.114539870990032 7.733438573636231 2
7.392783186009542 5.626677606854736 0
-8.585806664765313 -7.588190636339131 1
-12.527197619003335 2.4430766330276006 2
2.870557553373975 1.5170022543345447 0
9.779695639519334 0.9376962787153844 0
-1.5828212810438524 10.475086134204833 2
-5.58708145777736 9.068254498403265 2
5.337200237953701 7.159991339908565 0
0.03038074907462532 -1.6412822309769526 1
8.004314938715066 -10.70454697850489 0
-4.270108495495203 -10.222836125293584 1
-10.384261474153071 -5.414267412520195 1
4.937184859854635 -9.125773723398353 0
-3.952049653473475 -10.071718898443772 1
12.478204242852158 -2.145378722276259 0
-0.8099769414462513 -2.074398775719404 1
7.205496405444396 -6.983869252694294 0
7.284486444479036 -7.386166713005416 0
8.158805868684468 -10.88554086427175 0
2.809652811710994 -7.301098134810331 0
-0.3278618665700516 -1.9821627650032112 1
-8.10915966299846 -4.59780261533138 1
-1.0019687105525183 -10.831717239206233 1
-7.634871927025591 -8.484758609443375 1
6.4463302552481885 -8.073548797927012 0
12.296035463192611 -3.2978657251414796 0
9.803132691376112 -1.3935649122936473 0
-5.5613502843284515 -6.826775756829692 1
1.7326292421652463 -10.56423179591908 1
-12.50397300072282 0.32647428134991313 1
3.4789421498127533 -0.5521477222721685 0
-12.369765019832295 -0.9681144050303729 1
-12.32285757532591 1.1108277533618665 1
3.094923055775213 -2.1009684877468424 0
-7.03798434121894 -8.804740640646969 1
2.2564113905789798 10.91827478908425 2
-3.22494903286277 -1.0446171472423273 1
9.396742229804632 -3.940756719439169 0
11.44254456696204 3.733046719304372 0
7.58605811801928 8.462244199254597 0
-0.3857936822376467 -2.1069783075291295 1
-1.9351351230919462 3.698237893230793 2
1.7308957337230524 -3.7466891765038226 0
1.456105317920612 2.045371381116952 0
-12.266571792776263 1.6768984193003034 2
-8.483365101172668 -7.2727681975635186 1
-1.361701333913993 7.883590065970836 2
-11.353290905108246 -3.2606891466440184 1
9.663970823854305 6.1185976370920825 0
-4.082811198330973 -7.774404570575123 1
-5.230332454646183 -2.121864674904033 1
-8.82600685441636 5.0048580846938515 2
-10.976802165923822 6.602895663502412 2
12.130358202621444 -2.045928733086475 0
-0.2795717432729887 -7.98250002240398 1
2.3743098630830612 -7.355037198573696 1
6.799402171205558 9.258398646064634 0
0.9226864829383215 4.510022197850775 2
5.41637045623034 7.09921737524476 0
10.636267968446795 -7.2743138735083965 0
4.082279441273161 -6.004378659987051 0
-7.219166952542961 -5.578600834406658 1
-7.999519631570578 -4.578627285438821 1
-5.736631590008884 -6.842192231139942 1
-5.834857906074646 0.0320312683785659 1
9.660086236460197 6.532268877000307 0
-7.333087695141039 6.994245337091998 2
-8.175876927903092 -8.038090061837321 1
8.578114438912944 7.598480453622317 0
8.234439737027518 -10.714211580734124 0
9.861275431216175 -0.6500509566590265 0
3.7048939531577085 3.558905535877289 0
7.593444426671305 8.169402301209894 0
-1.4716176064526512 7.515151320666954 2
7.176826969049801 -11.529965064817484 0
9.584165601097753 -3.407996075996359 0
12.147056049231963 -1.9667763795862685 0
-3.9207690477687533 6.01380973081956 2
-5.863999347006735 3.0436870696077225 2
-5.465920141036641 -9.597370523414314 1
-5.9602535335108175 0.42461122345979563 1
12.369276882905734 -1.7447461300480027 0
3.1724638852493614 10.771974870947483 2
8.176918125901347 -6.27869940871388 0
-11.295100818147501 5.966675736064795 2
12.171823135886198 -3.6626962878929428 0
-3.8757032377059777 9.635325833948798 2
9.932585612648678 -8.809745427838179 0
7.909871957088179 4.373465435701347 0
-1.7703625707061517 -10.54983056878325 1
-3.446010874666968 -7.931116555063244 1
-1.0507218088458035 -4.52045964001525 1
-6.301931995230037 0.9964888659571606 2
-5.737855196441484 -0.36388436444181843 1
-8.744553588998832 4.503390821244209 2
12.122843513196882 -3.375567777781253 0
-12.460847913964333 1.8192024452050735 2
-8.514444747274908 -7.707010962711651 1
-8.690170861642283 -3.7135516521705108 1
3.3692825862439415 0.08701485339155118 0
-6.246546280520478 1.6771221759489807 2
-12.011344753341888 3.470746392223652 2
12.353234460906972 -1.9160472301654812 0
-6.043416009130585 -0.10480944197758449 1
-1.781153246213322 10.461762578716058 2
-4.181717588629689 9.694006284800967 2
-9.169330566440703 -1.8921007641007581 1
0.20878188314753776 -4.343288080533108 1
-1.624969674818356 7.81561298570077 2
3.0370988648717177 -2.475321539824217 0
-8.751563628478412 10.13509144096495 2
-0.19543140361811662 1.3417751847030248 2
6.65245154425908 -12.11868903674727 0
3.3991266162234393 -1.252641325077057 0
7.295367061025085 8.577778010892331 0
-0.6490492041976289 -10.892744384277623 1
4.421789197437468 -9.474061012590822 0
-10.771304240865552 -4.524894226364113 1
0.19556694682688935 -10.70355299366223 1
3.5299690165024327 3.9369517763207127 0
2.2728094597576645 -3.733963234798159 0
-2.853729491449352 2.6915149876216597 2
-4.803104868508415 -2.2017035969664613 1
-4.141477687300325 6.0652776166309135 2
-7.523722419100173 6.910439948345475 2
-1.1151561447334153 4.48190166586501 2
1.600471399583304 -3.635059606488101 0
-8.33301560872363 -7.730714040275201 1
-10.459188998908067 7.632979812678262 2
1.1997872476960727 1.8500244044531398 2
-6.349144508486502 7.895420950357845 2
7.675410154773325 -11.07102760071485 0
-6.114744083117376 1.6768825276587205 2
-12.549289225994695 2.4616706240139288 2
-3.351095871237819 1.2880936919049795 2
-8.09508913021056 11.007243341807486 2
12.10891227137001 -1.7822624361684318 0
8.135936547319032 -6.195772096977661 0
2.403386469544018 1.7000236390987042 0
3.1794962802966786 -2.7070014725203118 0
-8.623603063268225 -3.5164776339977104 1
2.4572181282741314 4.296293895258937 2
-8.55241992249745 -8.028352093372444 1
12.280398567739077 -1.5358649863461866 0
8.681895080681157 -4.684537269663472 0
7.525598013909782 -11.33237240014435 0
3.4167965939660907 -1.506320902117858 0
0.5091307275865334 -10.66436281616998 1
10.402797103962929 -7.452714403190232 0
-11.46825684152747 -3.867244933281449 1
6.078869281185177 -1.6390558978820389 0
-2.9191912569270535 -1.1448836049088704 1
-3.1724638852493614 -10.771974870947483 1
-8.058033378299653 -4.242419065058502 1
1.5070390152480564 2.2666657287799974 2
0.043316558136776345 -4.712928535358553 1
-3.183535065985757 -10.728200634653863 1
-8.463551592617202 5.139348902836973 2
11.98227341121179 1.516973704999928 0
11.41377129785803 -5.527115805090499 0
9.154927613675241 -9.905115625571959 0
-9.468179441793929 1.7061502823160195 2
1.6599386258376683 2.038663718538934 0
5.884838810238618 0.986703418123019 0
-2.9383469924770234 -4.3516123640403555 1
-4.310293379084877 -3.153617220810397 1
9.123090250856762 7.082230263998022 0
-5.711638132933662 -6.684349404404018 1
9.391017628346015 -3.6647177383345677 0
-12.212290649404292 2.266288231133164 2
-10.656863018530954 -4.910723325625803 1
2.4226660289835094 -3.3463048159558357 0
-1.7087531045181463 3.790033776123102 2
-2.2162442835720717 3.187630843232823 2
9.096031792601089 7.088181627809833 0
-9.759297162183033 8.756584363041547 2
-8.5500345348451 -4.066942403763643 1
-6.1949172006746815 8.310211836482573 2
11.28534699069429 3.6844699436129726 0
-12.477255844463395 -0.1644436937856255 1
-6.2709187002667015 1.9718046089643015 2
-1.0126492625533632 -8.398421484660782 1
-9.385449277203847 2.3231761003802056 2
5.515953971240279 -3.991331950439526 0
-0.4036284307009184 -8.136958669972042 1
9.279816155775288 -9.79601507595857 0
12.086788495691794 2.5126663191161356 0
1.9828633728792724 -3.717437644555656 0
-7.724625737142977 6.266855956571843 2
7.441867167028674 -7.058504509797287 0
1.0306608698799082 -8.085547236213229 1
-3.3840436706753363 1.1903506781874758 2
0.10392052896917112 -8.093624802495839 1
3.997959793325261 10.215442673362489 2
11.043659923088718 -6.601158712810083 0
-2.7641351912996455 6.710441904032566 2
1.8475800660520094 8.268153584161684 2
-3.821735520294074 -10.512208666489224 1
-11.939206560179057 3.0915436014374453 2
-7.011306793926922 -5.8282532169362256 1
6.852732136232886 5.986482000285865 0
-0.16886069440395568 -10.545434808295962 1
4.5981351416349865 -5.441164406139679 0
7.445679254530921 -6.8731338619055125 0
0.8229546160696197 8.154073535568614 2
8.18264843514358 -10.713876723607918 0
-10.274873780087606 8.178646948434272 2
-8.103787506039804 5.891411084681229 2
-9.514018101415346 -0.2362290106496382 1
-2.8413757147716177 2.594669370071196 2
-8.9110754180407 -7.724113784528634 1
2.0179254303885674 2.0342067203841045 0
-5.429703830699455 -1.7500367834096653 1
4.927048332548599 -9.043293307366376 0
-8.70039792380703 10.064848206297738 2
-8.179197937458778 5.469525145391794 2
-7.66868533222564 -8.552674248384582 1
3.6168503271093133 -9.914611576214893 0
-10.498308255582158 8.228045624228926 2
-9.266876045085452 2.7857198715696176 2
-3.9074718163465443 9.658195784739808 2
1.6164916988798403 -4.008821111404808 0
10.00439448230414 -8.926980038019904 0
-0.8564201702072326 10.76483672272431 2
-6.659131772360788 -9.096672619129079 1
1.5369722872722573 -3.75063397894264 0
-7.3976845267247455 -5.374986628699754 1
-11.814307992963961 4.875371070677848 2
-2.225638512390504 7.670344881718763 2
-5.9214000995410725 0.8735928074547628 2
-6.021270899882685 8.53508322801992 2
8.68958417284734 7.714405815494549 0
2.896895128158576 8.12886925049003 2
-12.174742070563108 -1.0431371114507209 1
-8.531114150823724 -3.728846216073659 1
6.6989308912538075 5.962991875265064 0
-4.262698778856134 5.660162267933234 2
0.38747873507883107 10.686860242664277 2
9.62241853540144 -8.98874643246815 0
-10.00156320895506 8.602739349366102 2
9.957286738617087 -0.8690986222531834 0
-5.4526821247544275 4.13722217009073 2
4.464879009452807 -5.152875587367981 0
-3.2760656959097023 -0.9358568581859164 1
-10.772225865614741 -4.942503440835502 1
-1.2713954135284733 10.616511308791459 2
-3.0597059234618325 2.232982503535895 2
3.952049653473475 10.071718898443772 2
-12.069255173320352 4.938108636028641 2
8.118977680970366 -10.837764438243356 0
9.72038781585529 -2.4640685988143063 0
3.6024850170204203 -1.0843891605113318 0
-3.604185094214534 1.105526257672252 2
-6.763672450582437 7.743744673575633 2
-6.286939169711352 -6.586914758210493 1
7.661177677234021 -6.995579865429553 0
11.821488027342687 -5.6529100081052785 0
12.026193288957222 2.0872006249388178 0
-11.624422023637136 5.554540036116472 2
1.0239730913389455 10.700807336776633 2
6.090126947730307 6.631481969240565 0
11.018180678136977 4.238053066414921 0
-2.968399054507956 -3.7332318234589454 1
6.0606901330596 9.194133215602715 2
-10.751805053463247 -4.996063863777155 1
6.127195175208197 -1.4210630300693345 0
2.19669833160286 -3.3273084379441316 0
8.02008337417493 -6.112363603739394 0
6.512650924768372 -7.97343463087461 0
-2.5032476599073266 2.9737526500977887 2
2.2144303814018236 -10.542074601131628 1
9.578935153548324 -1.6112146291450034 0
-5.9991781522189465 8.380572338634089 2
-11.977015301988748 4.479209586744676 2
11.321272696060465 3.0282294570428543 0
0.511058057833597 -1.107463576525219 1
-8.07687235011664 11.050246607184963 2
-5.539445056624703 -1.2287133208345151 1
2.9420304902839636 0.9687847687354108 0
-5.5910301742030555 -1.0873390156312732 1
-3.409652055736754 -7.896724385137436 1
11.406382236819828 -5.949623372685297 0
4.772619892496467 2.330680673906127 0
6.0118525924034385 -8.005754699677775 0
-4.934297331764282 5.3284093628257185 2
9.233409337543925 -3.856841639944852 0
-3.9124270923881332 -10.504288307693766 1
0.433612278728016 -10.815679068261552 1
-9.965714237813655 8.874483043252601 2
8.764990640196778 3.7334056573074004 0
7.299576472280211 -11.255303276256727 0
5.862403267918363 0.24505342123848572 0
9.848916611653333 -1.8668617158212861 0
11.620039036717069 2.90410967647504 0
5.787608428286922 -2.5305102259760903 0
7.00039817473134 -11.881341238107984 0
1.9231378780310138 8.009446269592614 2
3.511515801512375 -10.040249693395161 0
9.36843840348569 1.1321256719879889 0
-8.227602912600906 6.327712603500775 2
5.079344271967762 -8.954535031020601 0
1.214729688662685 -10.587305046020354 1
-6.628022713914573 11.879482323926458 2
0.2641441802230801 -1.055957974218731 1
2.678717401377913 1.1861538433158885 0
-2.5288710559083856 3.1422780074710532 2
11.26059689627649 -6.916490197507135 0
-8.613713492623788 -7.295394741786822 1
-3.316288452212476 -0.15414140492201817 1
2.820375490909928 -10.494078861439368 1
9.064205207850483 2.6542418167591153 0
-4.77519941744484 9.641879067732026 2
-0.12828301209158693 4.6990137058963395 2
9.542217707265193 -9.202714229886706 0
5.4023856691590355 1.5001687598295235 0
-4.121381571738967 5.935858402663824 2
6.23245058089732 -8.202518473514083 0
3.3919997755643063 8.022594406435388 2
-11.997016924860958 4.216031321572606 2
-0.8663765169218365 10.764521155518578 2
-9.587452703503045 -6.725325695224169 1
-7.520817048966303 7.270812781727825 2
-9.148009529132416 9.779932554543864 2
9.882553635651181 0.39693070776118705 0
11.039747186421572 3.935587416880456 0
-11.08547953237904 6.82655501156278 2
10.25135989399334 -8.32546892477727 0
3.4281185502785427 7.719974672397898 2
2.146900013297107 -10.306103350649474 1
5.992803574507275 0.046804476017449304 0
5.35562339348326 -3.881099994749125 0
3.422075520061109 -2.1826662642787933 0
-1.9371977040710395 -7.90757249188949 1
10.381358936841279 -7.643431780046592 0
2.281459533452917 -10.2574514178994 1
0.002960852189795249 1.29296382063249 2
3.09203827486326 1.2389572896891117 0
-1.6031330251667641 10.76659424595257 2
-0.3823195165515278 -1.925922785067152 1
3.407790364113359 0.4901231891854226 0
4.096771705034345 10.143856322019321 2
9.49587516195113 -0.7386879290411004 0
-8.685415935164553 4.7650753569035995 2
6.000722066263778 -2.6191433670708877 0
4.371842926008278 3.015354362687773 0
-3.4994224044679143 -0.27560440587027896 1
-4.788457221976097 -9.757613043936983 1
-3.563675798316975 -10.274311278313231 1
10.46314080010021 5.178697884273735 0
10.69229952053029 4.837146939372518 0
-6.9919161009825155 -8.801994808551882 1
-6.707050389474464 -9.099126732182896 1
-5.8716158529286675 -9.654624249411905 1
-7.368594854432564 -8.979105117722247 1
-4.371842926008278 -3.015354362687773 1
11.192797853940602 -6.714472274576985 0
3.28075416814477 0.5861986641258778 0
-10.957064797582417 7.375560294706318 2
5.764126400045643 9.651767120796247 2
-5.13263773774703 4.459178293073471 2
12.014531004408704 2.1842013137285328 0
-5.586205632475758 8.72703638816014 2
-0.9343711882204546 -4.509544423243901 1
-10.68487846347546 -4.9223966263431596 1
-2.087270099925765 -4.433602693964301 1
-5.74226635114826 -9.635444035860736 1
-5.825672878669824 -0.4879019103531421 1
11.149857163489628 -6.91962582294302 0
-5.735561776146902 2.705103706562845 2
-9.165949340056082 4.403907515893598 2
-8.691189293863276 -3.0669756608734278 1
8.191525564686398 -5.848168791657497 0
-5.372222329396985 4.350868577816253 2
0.6319265143322785 -10.634375003906696 1
4.861956490887117 2.8936532644310655 0
11.525272511852728 2.752922505115925 0
-7.977374276712596 5.825721863975299 2
-0.9468764265614534 -4.749409031865584 1
6.086042379783524 -1.4768697387085872 0
1.7344691995508712 4.4104680791449 2
12.342573047624494 0.0020829334956262158 0
7.828054208185571 4.683380779166343 0
-12.22388525607433 -0.9335072519417944 1
8.058033378299653 4.242419065058502 0
-9.184807930351013 9.37418237236203 2
9.083500634390257 6.8880991310549025 0
-10.805186069450547 -4.540688086774235 1
-0.10392052896917112 8.093624802495839 2
8.657304078316763 -5.828241520816197 0
1.6379225546271279 7.997349464380102 2
-11.50480673007241 5.117793397744131 2
9.370425222224945 1.0510824600203457 0
-2.7205885269060963 10.476075179754782 2
-11.363927364837576 6.322696224655304 2
9.032781006291549 -4.191615077559924 0
4.272342074931768 10.098866768960509 2
2.8837693784968845 -6.830914322562446 0
1.736878710494473 8.023681890447918 2
11.217893421836422 4.018115347289773 0
1.8305609673425656 4.238606245074473 2
6.159126064077034 -2.8297975404437494 0
7.453574622996268 8.444151163549018 0
-10.226331479462758 8.105586219152036 2
-2.5825194091768755 -4.455339930587374 1
-4.910506597416191 -2.3169968815372775 1
-10.207988256621558 -5.79364729196307 1
-2.837644667070849 6.9306670650819715 2
-3.1335475650905913 9.911716808146684 2
-3.3280970587164553 -0.31440877581931226 1
-0.3582220438495344 -10.938498364283754 1
-1.0594013506668856 7.729530729077528 2
-9.690464722175914 0.37668151453604887 1
-7.307054400924317 7.062466951933819 2
-7.594176205852789 -8.54380234995506 1
-4.063213917112831 -3.5347718668354227 1
-8.338974609993794 -7.826281155668991 1
10.309867701509585 -8.012669108017874 0
-3.616292012374852 9.824691556670961 2
6.732471710194224 9.052566850464153 0
0.9975095629747026 -7.809128997504066 1
11.388428452651421 -6.627237632834847 0
4.7305828151871 7.099406336304972 2
7.326366700838857 5.676137069600488 0
-2.448471408943222 -1.7960540884510499 1
-10.599671569911429 7.718152052101239 2
-5.949775534129474 -6.66253847731481 1
-1.9897025380802478 -4.549489869035047 1
-7.189553635251282 7.642976146567748 2
0.8429610152334621 2.2040710432384265 2
12.158934031368046 -3.92466765699192 0
3.3816320072264614 -0.286742065250996 0
8.29830770768485 -10.984980081134749 0
11.045367265814916 -6.468575214588758 0
2.7627138155041724 -10.162621622933502 1
1.3332070243510792 -10.601845549284386 1
-10.773901702180554 -5.156634990047488 1
-8.915737090223432 -7.494056090394759 1
2.9300032807966954 -10.207497162755548 1
-3.925386672642376 6.235506126659782 2
1.8459976804771983 -10.453848153453322 1
-0.9335883949281865 -8.409375705447522 1
-12.293042570993256 0.2684617779412602 1
5.2518904266352076 7.115055978952055 0
10.657563652035083 -7.620873003956112 0
2.600450704389376 -10.059113516600181 1
-6.603634023031612 -6.127920753704297 1
1.2144461180492416 10.930308188556552 2
-4.627203231369985 -7.540780053302141 1
-8.611731289980568 10.477597616078667 2
1.2844108280452493 7.951229826690193 2
-2.0083789461550356 10.407961294135413 2
9.630112435557418 -9.124589523260042 0
-9.663970823854305 -6.1185976370920825 1
-9.533206863494774 -1.5838721316543274 1
-10.16324252398909 -5.937435206049813 1
11.68607326794825 -5.118091724410343 0
-3.5889016179443765 -3.960696659337957 1
-2.775080760200301 3.038171390196768 2
0.21004395203697446 8.123883674759318 2
3.2232034952849453 7.91957766600403 2
2.255902925306457 -7.225522348043448 1
4.458383281396017 7.491381706683349 2
-8.186897794148015 -3.7739918672520414 1
2.7828306313876725 -3.2693599167321907 0
-1.4041279535379212 -8.052669980477999 1
10.761650257648595 -7.158660272236312 0
-9.940202798614848 -6.145400618229079 1
-11.49802720682294 -3.6066450114718367 1
11.268729133302374 4.110276690796967 0
-8.888263119286796 5.08654837410167 2
-2.0283580739199825 3.6060150769800448 2
2.306580180196576 1.6588958447327828 0
0.6919460876971735 11.017102076869621 2
-10.993256167647647 -3.883633999581709 1
-3.8414041545293673 9.830776143076498 2
-5.781495978263647 -7.110748883603785 1
-9.059436867709989 -7.3146097646117525 1
-10.57393837988088 -5.191212519409738 1
-2.8580643664379304 -1.152440693567304 1
8.373280618645353 -5.180742488751324 0
5.307241291452274 10.007426231425512 2
-12.119418653435613 2.8522809214282616 2
-6.772494532497557 12.17943900921447 2
-0.362539184843774 -8.2034684377851 1
10.545461511284525 5.024130566356516 0
-11.056911270030339 -4.142603557572838 1
-9.114967041420137 -2.112456786628567 1
10.794214877402613 4.828858207064417 0
2.7486638411181548 -3.231114760612228 0
8.162007813798018 7.811890126520325 0
-11.60849353154739 -3.1623991976318324 1
-6.03918748360699 1.5207541006286598 2
-1.1613376479006796 7.610547225522514 2
1.3433319399027808 10.99806660624939 2
-1.048483347415405 4.096594174733523 2
11.596461926951768 -4.965680335566477 0
-8.94836074780437 -2.720653354694991 1
1.8422484400781625 -3.5430677679267197 0
1.370400306775796 -10.392208879387391 1
-9.360263347537986 2.3844476199121414 2
9.770146847533306 -0.8060301502031596 0
7.065131464913041 5.741701093115195 0
-1.2433323552554407 -4.574637900575598 1
-0.002960852189795249 -1.29296382063249 1
10.166191229929856 -8.666795483566947 0
-9.745355239274103 9.083120107082255 2
3.5221564272903905 -0.648932911524032 0
-11.14480954312628 7.0782524499316795 2
-6.117168616086301 -9.350618345559372 1
2.2872198772102887 8.12997280298901 2
0.4513895789304974 8.19952701542142 2
0.7392771216125116 -4.207148151121942 1
9.114383929216634 -4.64859665183228 0
-5.34963100331807 -9.881240865862326 1
4.6505639597201025 10.008173938578253 2
-12.159132774671223 -1.8190389156949216 1
10.805133117418835 4.51767157892862 0
1.9734476061587476 1.7388065209601187 0
-4.30700824885826 -7.608085647112393 1
-0.9224188468829537 7.594897682060803 2
2.4718744669712995 1.4905131758711185 0
5.917351851543463 1.013523140078105 0
2.229852130288505 1.5907006268464488 0
-3.4072456499189987 6.674887046982468 2
-12.093738722755337 2.1521291218697893 2
10.071072512529213 -8.223743442630452 0
-12.093156382947756 4.2689229848649095 2
-9.929840103743388 -6.431406174994415 1
-8.301247546000607 5.4903893054458015 2
-4.464835112540834 9.550060470030331 2
5.986078021020179 -1.3245991024412151 0
-5.446149515752217 -0.9690578231617804 1
-11.472690706099998 5.7153110848612005 2
-11.730383826616919 -2.053809849859777 1
-7.4688257273159255 -8.77770643748352 1
11.702567478421766 -5.275952205468228 0
-12.570958646472791 1.3533656102067906 2
-12.309952040890893 -1.4256394472292018 1
7.724625737142977 -6.266855956571843 0
9.714574581438306 0.8960351749164643 0
-4.026005788528537 -3.4399948161563647 1
-3.8169723186290576 9.692490251830224 2
-3.7915578230971776 6.3450374889461685 2
-6.179486282597523 0.2784517238091153 1
1.0697002681158199 7.9367356404689655 2
6.162416526731534 -1.444056690771164 0
9.243531413870231 -9.925605948648327 0
-5.559927534285674 -9.530769972361112 1
8.836079572522902 -10.149945880473078 0
-0.17901307488231316 10.566645208507786 2
4.730936371813764 2.469094927526799 0
-0.38038275594479354 0.3335974608031195 2
-12.23752366160837 -0.305248784515606 1
4.674062280556052 -9.292518811519741 0
-2.6461793667985516 -1.5242606334452349 1
4.0674853558934 7.5328370296700715 2
8.870738372790202 -4.026780285940117 0
0.8411546950954623 8.319304094138003 2
0.056531957764527185 -8.160249372575372 1
-5.971176436848349 -0.4354671314502931 1
9.51831967664815 1.3068868089425527 0
11.200923855548952 -6.307902373894672 0
-6.9310091545655945 -6.047214341886073 1
1.3682351965056962 -4.217371393340632 1
-7.465437836557525 -8.726253366146084 1
4.144546689537275 -5.66865497839869 0
-2.8716790808280948 6.903170101388527 2
-6.565928778589981 -6.5283327129599344 1
3.327478137405664 -6.727918941864952 0
9.499259172248106 0.8941654193654958 0
2.7826269138370514 1.402373740866609 0
-9.601148177918699 -1.5137602697472017 1
5.635495472191488 1.4881887693793738 0
7.22945234602777 5.594268221486855 0
-4.611819114501879 -2.4728570402101537 1
6.956502611975696 8.638032652400305 0
2.1869166685097374 -10.250374950323371 1
9.15682412576672 6.644741429667369 0
5.561015196727712 -9.107131828862226 0
-1.1795984347807096 -8.020124885167291 1
1.9591935545061592 -10.428408919076443 1
-9.211236385521186 3.603972446394607 2
-9.613254316761365 2.7795971863760056 2
9.61271144920201 -8.950660761732138 0
-12.593466966975162 0.6119570992850019 1
-0.03983310754792185 1.5867111578603295 2
3.3326249304488114 0.815519462112011 0
11.759131069398492 2.9015294063537693 0
7.355222356277121 -6.799910567798095 0
-9.929141472427537 -0.17065498481708863 1
10.877489693597367 4.579281965919031 0
0.2628853476766506 2.1368257380857654 2
-2.8374803370610184 -1.476587973579911 1
1.8977571724748805 1.770011195482112 0
12.50680642732815 0.02044309941372524 0
9.57815681558334 0.5936241150129411 0
-1.7773590896903326 3.783637999476902 2
9.396908812411944 -9.39940773213832 0
-0.834467099215924 -1.9121374233133974 1
3.7423497680050986 -1.0938431142528333 0
-0.19556694682688935 10.70355299366223 2
-8.981014025755828 -7.154008865518825 1
4.661402132770574 -4.84989646823232 0
7.354887536772918 -6.970432983134251 0
-5.771226955654405 -6.805815998896543 1
-1.322447318166478 -1.9311854257229857 1
9.835722364083225 -2.073404532761683 0
-8.534513552131132 5.337102397352117 2
-9.779695639519334 -0.9376962787153844 1
11.982705390061218 -4.876114382158984 0
7.858950081124314 -6.959924150021494 0
1.4227396671873693 -7.527784842314535 1
-2.760928664291685 -4.1889432519841785 1
-11.971177126042072 -2.3748060325370917 1
-5.158762742345657 8.87121322803274 2
8.114641576010829 -10.483226167164345 0
-0.2970304103737348 -1.7278367742868683 1
0.39180215116857264 7.895678664460383 2
-9.803132691376112 1.3935649122936473 2
11.67306262464489 -5.96182627702761 0
12.119416383911135 1.5733947202786889 0
-7.282601547740748 -5.350285249181914 1
7.327395451075476 8.354635717722891 0
2.960315146179813 1.087820948753535 0
6.05453760714305 -2.67827363209342 0
-6.0222601120600405 0.17653073840867123 1
7.900975640174793 4.883512281111796 0
-5.905522443366605 -9.548783817805466 1
3.93740892260619 3.4111739873834184 0
6.978227099215374 -7.873109045111566 0
-11.914990634678464 4.674251254469529 2
-0.982512855191332 -8.19622680530465 1
-1.4452498887841703 3.6959845330351406 2
9.622412348802982 -9.516749842330029 0
6.134992195040781 -0.7221662103362836 0
4.577951122763518 -9.26136221859908 0
8.010872791555439 8.28433697529414 0
3.6717876140924264 -9.759208344086922 0
4.520849757608104 3.049618110374161 0
-1.2605205545795348 7.484894032474535 2
-11.593963414915633 -2.3540076247621933 1
-3.6937446230107107 0.5492134077595268 2
2.6555154071463396 -10.243750650280454 1
1.951677481235923 -10.299703611725933 1
7.593033690054373 5.198405874379803 0
10.931040965337946 4.043189463452997 0
12.589454381046407 -1.7225986023781636 0
-7.28991995174358 11.686055001041447 2
-7.3415798386359 -8.679184404113162 1
-3.693133703857015 9.793728554987261 2
-0.1902250095056746 -4.63607927596528 1
-3.9901658115805376 6.0720187742750875 2
-5.888241580592126 3.4756812870500124 2
-1.0254548277162692 -1.8246435683135271 1
8.996259602051808 -3.8938015534177923 0
6.223147483766558 9.354235529498231 2
3.61548675322754 -6.161473353892421 0
-12.068632256349291 -0.8731251511028851 1
1.8132114767995993 4.4413982905860285 2
9.249716371974671 2.137531150425297 0
0.4029054069078744 -1.0090955730484585 1
-11.915393839505864 -2.069011234320216 1
-9.61271144920201 8.950660761732138 2
-9.753147840256084 -0.6683941287264483 1
10.796727684216838 -7.859031479868175 0
5.99526456709673 -2.052415302890354 0
-9.347722184086633 3.6792615895733713 2
3.275427457672663 -1.2167226145335603 0
8.16441971108424 -10.572280083330712 0
7.6389452798998105 -11.328717303673965 0
0.9185850723579716 8.379315828546288 2
-3.3049099159825968 1.953471554497194 2
4.251080676839394 -9.448794446084626 0
1.7266752398063894 -3.863797142624394 0
-10.860783237639776 -4.631711249034146 1
-3.0079447628054106 -0.7410290372254014 1
8.450546191698065 -5.204266230077186 0
1.16364077114752 8.128421775596129 2
2.1990679992080553 1.97159687531776 0
-11.745153825784186 5.213491234811996 2
-9.877236277973429 1.878983232241532 2
10.718968323106916 5.035875482998031 0
0.08785499668216662 -8.278731045690469 1
6.119923537058096 6.475006503996933 0
2.2718009694733907 -3.558587689132946 0
-3.2501336534778216 1.8388079656202407 2
-4.071239444017689 6.031996626417042 2
12.267316938817363 -0.8826666109269201 0
7.912617419487305 -11.01000427122968 0
5.355992986423314 -4.263594148888126 0
9.516178753584713 -2.0633951094795457 0
-5.925615296205473 -9.702162396901562 1
3.5338728822262198 -2.015111522253788 0
-8.729958102655266 5.206948566992945 2
3.237282630663893 0.8092379145753199 0
-1.7053402749491897 10.691802123505603 2
7.845131877536585 4.693340939676059 0
-4.9284681388150275 -7.274445769891995 1
-10.877489693597367 -4.579281965919031 1
5.5599452455365315 -3.8666916135374465 0
-4.413948138817883 9.837554144592813 2
-7.736235602542244 6.948017328796929 2
-2.999276331374447 -1.0726819538329084 1
-2.89808731253828 -7.806492084745002 1
-9.611859453314084 9.32966457516522 2
-2.7588469848221258 -10.64007823510508 1
-5.131309166876965 -9.882100106317898 1
4.934985255525614 -9.054260596848186 0
-4.224496970083076 -10.472392610901753 1
5.652811387067861 -3.2303703907252492 0
0.7706201167902956 -4.162506369406255 1
-2.9281965606643174 -0.7989369340673679 1
-11.915959189631204 -2.950764420150285 1
-9.66132256709219 8.666289426254336 2
-7.891239180852825 6.333960657050498 2
9.745355239274103 -9.083120107082255 0
-8.917403486177095 -7.161611800406875 1
5.882157929866436 -3.0169164103369224 0
11.107573106307518 -6.550305208242817 0
1.0234950815145223 7.973134964930936 2
8.46484735605415 7.7529035560903115 0
-12.278514233437226 0.2716510740041397 1
-2.4269822012698925 7.3474950775830035 2
6.20058496242529 -0.871340678708747 0
5.882613311163378 -8.508047160735966 0
12.13941141133216 -3.7765068681898692 0
4.163403047403959 -5.947422151026046 0
-8.67057469852019 -7.3928886644430785 1
-2.7707137053467568 -7.932548414824322 1
9.929141472427537 0.17065498481708863 0
-6.90354223223848 7.747444577220149 2
-2.1050282854845777 -1.9391870441645742 1
-8.32296237859632 -4.32638842786729 1
-9.687269870694914 -0.7356939292536574 1
-3.057709022121871 6.528630339833112 2
-1.898904423824844 -4.2720768671092895 1
-10.949763218178681 6.449186080305019 2
-9.094351450651533 9.761983711155088 2
-0.6654673715526063 -8.335000711569483 1
9.323847133316132 1.0282231496536642 0
9.986282233560614 6.105276682378308 0
0.9451485952109121 10.750031835697078 2
3.714565204676539 -6.354521594823843 0
7.409635365736589 -11.08218684400211 0
1.068396060868496 4.5227862360309885 2
-8.461937663408683 5.785175077822369 2
9.354263288270088 -3.1299920838235886 0
-2.341043615375105 7.244408717896583 2
-3.2778240847178655 -7.944089158559459 1
-3.8224379621403224 9.615994879502722 2
-2.3627868997704136 -1.478666965141342 1
1.1489327047153324 4.348486315442894 2
-0.9415055124148886 -8.405199013191481 1
0.04926002136064517 0.2334409168440943 2
-9.086494455962617 -3.2563785642197294 1
-0.9760974107524016 -8.042701120595147 1
12.115019560638448 1.6724852001211117 0
-2.254756501558061 -4.473382013412516 1
-3.294732176587039 0.2887571555022197 1
-2.733588810167383 -1.604655017861522 1
-8.72224083794682 10.349443660694021 2
8.243935552518234 7.586902583412595 0
9.39123704359317 -9.538578380344719 0
-11.28534699069429 -3.6844699436129726 1
-9.222245828955948 -6.674811213319781 1
9.636551980799979 -0.8731480050934521 0
7.776840433881418 -6.319149743521063 0
10.18349404132041 5.199820974822101 0
-0.4748450109072012 -10.78802210684135 1
1.0158041210645008 10.906964675358543 2
2.6193661910923978 10.822174200977617 2
11.40216938665715 4.0871982715193695 0
9.766997361221499 1.278662397310265 0
-12.430632229795547 -0.7349055615528128 1
-0.8651356923703951 -8.296620532636005 1
-11.495859018722175 5.528849725583545 2
10.087439271722099 -8.38469008879889 0
3.1051798917567623 -1.9024236571650668 0
-7.9989947098847844 6.046550659011017 2
7.463661809708075 -11.449126037864794 0
-0.6503101752613476 4.154983707890636 2
5.4191121352727105 -4.12978152154465 0
9.29551395388213 2.688314050424295 0
8.100813363288472 -10.774313451384335 0
-7.065131464913041 -5.741701093115195 1
-8.540668866018063 -3.892022911468763 1
-3.187882183013587 -0.8922257744921216 1
-9.636551980799979 0.8731480050934521 1
7.380385684341554 8.565001903977986 0
-8.29830770768485 10.984980081134749 2
12.113798000363433 0.5854752553857907 0
-2.644810139830165 -8.047134753384546 1
6.814769552289467 -11.87996601963311 0
-4.991096522700722 -9.673725443922152 1
2.786732137605756 7.857262364989047 2
10.24948546868428 -7.852798017982555 0
-9.864260147308643 8.900836456844107 2
-12.279772275441536 3.271840696235452 2
1.8173664862240573 10.911202203708344 2
7.734595095491913 8.316097249721341 0
-11.882732540704572 4.991051089214137 2
-12.35631935703653 0.40436520635008516 1
-0.6875573568160851 8.073229236848546 2
3.315175466040986 10.239549988426313 2
-12.415248007298665 1.3715017649902037 2
-7.998270645519082 6.064463490838094 2
-0.9338970191349787 -10.973997005352734 1
-12.10621708185601 0.6305631738652839 1
12.249810775469514 -1.7458840812311514 0
-9.807418999838818 2.4233608085845293 2
5.4914287649116735 1.7853507317750095 0
-0.7282757353816746 4.175249853049547 2
-1.320885796538085 10.316454661351086 2
3.050994992134248 -2.497992678459574 0
8.788157209536404 -10.08194069714806 0
-3.550831367877631 -10.622429737401795 1
2.778640057577342 -3.013112485134329 0
9.166827981710322 2.355765732508644 0
-0.33096772081422315 7.777899734691684 2
-0.8365680148033385 4.245062936493491 2
-9.86687450566985 -0.3115250580383875 1
-1.6717004751931381 7.455033146302614 2
-6.655916031172931 -6.136941906391972 1
-3.40531894989915 -10.329374198897018 1
8.847309277014643 -5.184800732911367 0
4.7007724264420006 -5.418228037450132 0
-4.089815862884067 -10.065782118664671 1
5.049882378342675 2.2780684720614226 0
-5.2954304912798005 -9.782525762758238 1
2.801729402045377 4.062080795830894 0
-9.535720373960864 2.9692039325517103 2
-4.5081501163892685 -10.241950032859737 1
2.4685634733757453 -3.49980500096228 0
11.128829926425423 3.8982321248283416 0
-11.200162227080762 6.366484127079925 2
-12.091738570819679 0.03786109146398128 1
9.472979996668064 1.967957935411705 0
-11.194372745282523 6.451799328528766 2
-5.92867902916149 1.2892848577720546 2
9.568904352110717 1.1840686839797026 0
4.104304277796651 7.883463257239583 2
12.477255844463395 0.1644436937856255 0
-12.335646939018266 3.5922983551090955 2
10.819832105695728 5.010097022121257 0
7.700745855089001 8.44256183269156 0
-1.008458948090515 -1.9924821900027563 1
2.6723229026451483 -2.5713688581072045 0
-7.4664445476686385 -8.361541948545302 1
2.5622502129122604 10.44041948864004 2
1.4693258231279605 4.662156719479522 2
-1.774655438910269 10.313459790291141 2
8.538691575416452 -10.3409233920529 0
-9.736610038322786 8.587746461094584 2
-4.139240432621207 9.316982515246696 2
-2.7168462627232195 2.777450617525166 2
-4.803402316423987 9.179883111571964 2
12.02640906184336 -3.7942779335595778 0
9.386055957192744 1.934550913509902 0
-3.805839211272555 -3.4172724547302105 1
-3.0790244002355758 2.138565717932386 2
3.758411936872961 -6.190052468980835 0
9.571422440869577 -2.613045425824949 0
-3.1206056895271668 -10.60234372752043 1
-9.697346251008328 0.47799891956672713 1
11.605542225944875 -5.5669790256705936 0
-6.294991615650182 0.5869057445251735 1
5.209443188741231 9.790927426214639 2
-1.686729934830324 -8.228286033448104 1
11.287500577456857 4.22579342879364 0
-2.5661763754308886 10.377512991331331 2
-2.9250239863216345 -3.8726589315614555 1
-8.459948677327933 10.257448387472873 2
10.398452240677827 5.376258250741567 0
6.02998261135233 -2.518912089746999 0
-0.5375723650306092 -1.811576969592707 1
3.0769376613859922 -6.5631611009997695 0
11.850449837246938 2.1028240739066213 0
10.693646050017332 -7.3162559031312 0
10.94669978479477 -7.186312248035982 0
-1.9440421545015951 3.8589155398489083 2
-10.680617836218737 7.6868455958254085 2
-2.5308258830616848 -4.308307870768211 1
-3.6945153533938604 1.1463996762601398 2
4.143669123155541 3.034286498580418 0
-5.295467439198855 4.425526594789045 2
-4.8829192543977635 -2.5421605464093586 1
0.9759788284614941 1.9082750426327033 2
12.47138676729871 -0.5134259126722649 0
-12.138813090711299 1.8142878647142313 2
6.089724673606263 0.3278955438687726 0
0.7409993151950125 -4.27887150824454 1
-12.0145466663764 4.441025757752867 2
-5.0038453544530945 -2.5944862991007196 1
12.045912563366645 -3.96380237990945 0
-6.040542054636897 8.309082224612338 2
-3.4205373836134414 -7.7355864911306575 1
-3.248307888250105 -4.259433949897959 1
3.6900430281512393 -0.9226728304713044 0
8.759004946090913 -9.971114796162068 0
11.108458598543407 -7.118785175756066 0
-6.571093448868413 -9.196385652675511 1
-7.650798449432872 -4.962343788751646 1
-2.4821290992449234 7.05884334444318 2
5.34201965406129 -4.704536602052148 0
-8.420323215562307 -7.6922903399727 1
-8.038884186806701 -4.855886178056354 1
-4.620230498754658 -9.903037064507403 1
2.6070346440106302 8.02133258160901 2
4.423719685224521 -5.731774193431937 0
-6.947554855883811 7.404543898522711 2
-3.675116863735322 -10.4752074244392 1
5.781328109166903 -2.891604429152901 0
-9.677660631628283 8.683380546890147 2
11.000710175589852 -7.3059357139988315 0
-12.370197072162323 -0.3954311664609705 1
11.928734606967367 2.1014006145295703 0
1.1018574597048725 -4.119756923110654 1
1.01982322942035 -7.888091184031705 1
-9.503547359706566 2.287330075119924 2
9.806481213761268 -1.4823056905836312 0
0.09063287617829724 -8.155809145840264 1
-0.3307277718735406 1.6395554095387503 2
-7.2072404755980175 6.979669277077334 2
2.641899630698857 -10.268122749277136 1
-12.135944963142004 -1.2248626871250283 1
-2.496253597330862 -1.438290609224917 1
-12.267316938817363 0.8826666109269201 1
9.65965541392685 6.162978694451335 0
5.965536107472239 0.5145587129788302 0
-5.211457966221977 4.528656423009009 2
11.10288234053874 3.8564895675035853 0
12.157250453254555 -2.0154900386526378 0
-11.321272696060465 -3.0282294570428543 1
5.551927186129498 9.93601293949543 2
-2.1333340625411368 -8.049271046573306 1
6.149287717759593 6.4776906627700725 0
1.8205062399934722 1.7112069362592273 0
-0.24287075109594466 10.688151791514976 2
0.5628147967464453 -4.096438720530647 1
0.37640583885620926 4.350362159556415 2
1.2063513093430869 4.427901854682306 2
-5.180562052789201 -7.281851218642807 1
-9.04624498461631 -2.363727320446422 1
-9.284188947003328 -1.3291587117667303 1
9.782742510877423 -2.374292880443627 0
2.5754389195485756 7.875105534695957 2
1.6827043479281958 -10.334110157007936 1
-7.932784201499679 10.751956855252542 2
1.2552896273088419 -7.558230742066633 1
-11.76596615322057 5.072882511557797 2
9.883528341844054 6.01782685423897 0
5.6237255324742925 9.872007725668219 2
-6.016531397533316 0.012102308983776455 1
-2.681217705273347 -10.43055688334025 1
-5.573441302924041 -0.9481514174243977 1
-3.2960999728784888 10.289336105889026 2
-8.083129282609006 -7.758979124688935 1
-8.887748482690284 4.929164692240699 2
-0.6129239235146651 10.793511590219834 2
11.48676582107094 -6.090438035892985 0
-12.409079771802007 2.1998880266655108 2
-12.468512452664987 -0.30233354194029594 1
-0.08145937806418874 -10.827333227554076 1
5.772405089044138 -3.4686614346689506 0
-6.024758217782432 -0.3579591913659446 1
-5.353402421456314 -1.5956869571609131 1
-9.723706326211259 -0.5170853813836584 1
-9.694188610069599 2.8709542717501026 2
11.697749168785428 -4.784398192314403 0
5.562633296375839 9.442853532637187 2
0.4207116666454438 8.069808315191409 2
5.8487551572583225 -3.2158503757951897 0
-9.377113728870059 9.103159178231438 2
-12.013207995088537 4.472084347001846 2
2.8896210754569394 10.831874543604435 2
-11.300115770268171 -4.057451000756273 1
0.05113900834475493 10.539187388134161 2
-1.2714693281062572 4.389299261527365 2
-2.1797942099282497 7.58668712107506 2
2.7203212105039705 10.782529834640986 2
-5.1164390837370295 9.0504956842628 2
-9.995028688970498 8.862662977194201 2
8.2689504836603 -6.272661928672563 0
12.309833149426948 -3.308455234046307 0
-4.948268476965073 -2.2414378483097814 1
3.286576599662825 10.203576076432554 2
5.035757705974408 -4.42327671827031 0
4.222304900945439 3.311353485557504 0
0.0806247948811668 -10.60647754506086 1
-2.0167867344668955 -1.6751596982439856 1
-1.3884112334698056 10.775162771783553 2
10.701698873800094 4.946070223809468 0
3.0418490725675036 10.721969573475763 2
3.067381658425645 -6.945044872020086 0
3.237367955149379 4.14788828812082 0
7.832812689711636 -6.1617810701510205 0
7.948657054037828 -6.158718034131516 0
5.17830211170905 6.920789234728791 0
-8.226320570775938 -4.112028968677212 1
-6.631346271608758 11.733888667547967 2
8.648378140106976 7.2345355092879124 0
9.129580987063965 -4.322483970420233 0
-10.74047889843957 -5.489099695187262 1
9.276320252669112 1.5453545967633104 0
8.769049415852699 -10.34287649229349 0
-1.9091162655182283 7.559819801532434 2
6.330980857242682 6.336348823816654 0
9.592805243877772 0.21413087993214874 0
-3.2282183422166115 6.841194431257809 2
0.6396075438084281 -4.536952370355785 1
-4.34568358828478 -7.463755935583822 1
5.578909046580079 -4.2714939276742205 0
0.7821029260388268 2.019075418853765 2
7.493440577988035 -10.996248980163255 0
11.697140751137328 -5.800981045500119 0
-7.07236183650768 7.065686922345406 2
-5.140875255329725 9.098859328227919 2
-0.4379642711393193 -4.449265360206759 1
-2.6739651153547177 -1.1388793209224808 1
5.499376380611805 9.93773145352636 2
-9.461483648166993 3.446354554828033 2
10.251894800004582 5.538559122285909 0
-12.071276622467394 3.5257516011518795 2
5.383705094582872 -4.2674504089429 0
-2.6107630656415437 2.7177237172185107 2
-3.193360236515872 1.9936039757406587 2
5.613501622791712 6.871435056691645 0
1.8531273022083437 -10.270222713817482 1
-9.764772463950791 -0.7952651340362469 1
-5.434205067936782 -1.932705426447267 1
-8.18691513878706 -7.892082627980709 1
-5.9838932888881295 -6.840239475731311 1
2.1972020668480203 -3.4810337806239904 0
-5.079344271967762 8.954535031020601 2
-12.210932547047966 -0.6319854657720844 1
-7.41538310093809 6.77094422855509 2
-6.820808434887782 -8.982149870444488 1
11.898816099729293 -4.312569253175488 0
-9.009228508429327 -2.8480483181973315 1
-7.195642544693244 7.698121503264621 2
0.32995327322509416 8.134287056830871 2
-9.448983781029309 2.8002538627017888 2
0.1425098447408029 -4.2727327842605405 1
4.5023329011332915 2.7746760612279666 0
3.166567919133153 -2.6046474142667413 0
5.972584090038854 -1.110939696635235 0
-3.829704598346025 6.160835074773443 2
1.321628815662357 -7.583033292260296 1
-3.405000176829412 1.3783603788511385 2
8.725037259936004 -9.78296940996074 0
-0.6022501523285223 -1.7820893859506206 1
9.503547359706566 -2.287330075119924 0
-3.560379487068851 1.2903662733682644 2
-9.392064268266948 -6.848645393941144 1
5.378959888638096 9.910339316184125 2
-2.673242792536147 -10.607786233122447 1
-2.202829552329051 3.360947319147094 2
2.8341085833185553 8.033188856052387 2
-9.1395577411007 4.008903814798241 2
-9.27104663510187 3.7723543481518766 2
6.192158922085792 6.545881872603021 0
3.308479247996205 0.8340995637184996 0
9.411914682204484 -3.6837377990858076 0
1.3705310070301653 10.795676615121952 2
-8.037596101586466 -7.986367608496248 1
-8.359006086607593 10.759305185289627 2
-1.9426146872700176 7.354951162158447 2
-6.580744043622882 12.026775739201486 2
-1.8594081688552964 -8.238338205508985 1
-10.967717141451502 7.023695460511053 2
3.2934013782947167 -0.1495850000788593 0
9.934340840020145 -0.19752819885224993 0
-7.402794223469865 -5.456735995701473 1
-7.28019896901 6.6790988129163 2
1.7053402749491897 -10.691802123505603 1
0.22244653959252253 -1.1108653207488262 1
6.340991076368609 -7.887266240643751 0
4.507438272751187 -5.213480244401592 0
-8.01037089392103 -4.551386508157279 1
-11.313112207381186 -3.0875746341260726 1
11.513042653288512 -5.572795609941213 0
5.864446958619062 -2.155868803908154 0
-1.7540523175324552 -1.8602119569214528 1
8.859938134440096 -5.409345132990739 0
-2.9320047872263073 -1.154364025335724 1
-8.260198515201719 -4.505504932284923 1
-3.569696830461447 6.411291787946805 2
9.576942959580542 0.463232200467217 0
8.630343777153254 3.1580543939473067 0
7.65469240794107 8.72988850022731 0
8.942529264647165 -4.938533106922556 0
8.330784390239033 4.581945759835295 0
8.853315837760876 -10.341162121857336 0
-3.9737585144734706 -10.352071267336855 1
9.184100377707521 -4.062119386486601 0
-9.682690153876417 -1.68429271956836 1
7.288191173206791 5.502772077201454 0
-9.565106718338743 -6.868845848984249 1
-0.49123657376206975 10.966397386519603 2
5.965705351721181 -2.6252414205206094 0
-0.2869209036769893 0.8687908936371684 2
11.282223254210471 3.751618875875598 0
2.587990843449256 -10.145695430962432 1
-1.1690401591897448 -2.262197126527713 1
-2.561899018693481 -4.065091213773417 1
-5.797605115046995 -0.46831543886668986 1
-9.168249092271047 3.7235092414033417 2
-6.937470936261464 12.00575021854087 2
-3.7811989037993485 -7.515782347906701 1
-5.964014601649741 -0.5864537571604709 1
12.016345614591286 -2.92505637392883 0
-9.343220852102446 3.6037135939453377 2
-6.054098283316242 0.30991530434239406 1
-1.8475800660520094 -8.268153584161684 1
-5.829094744266516 -0.9206583327257349 1
5.123253172715422 -4.794129270696148 0
9.429106781874912 1.212722577959591 0
-0.5286242057768804 10.647634765836715 2
5.148370399506393 1.810636478395376 0
-5.719096197458939 -0.9606776694905059 1
-9.861005879343319 0.7611732651834501 1
-9.299042284278531 9.149680658888208 2
9.466695383312246 -1.1258582745910177 0
-2.618239878929126 3.452274953163249 2
3.1610929776196453 -2.4845775430250145 0
-6.273781575247842 0.035657988184343695 1
7.242779634661127 -11.292608152962863 0
-7.983644322753801 -5.157771208928451 1
5.391433015107773 -8.832181459631778 0
5.080515330162196 -4.493655153853488 0
-9.270094624249921 -6.8111228901581065 1
2.4458572157927145 4.291283121017926 2
-4.0001379387182 -7.534711899982685 1
4.166107382536727 -6.116594902175683 0
2.6792811974518447 -2.6644799401045343 0
9.232108181841333 2.540207253924587 0
9.54623533993494 1.6297744641591516 0
6.578194241171569 6.226685617105536 0
-4.073781405554508 -3.1474402688437824 1
-6.025445405689906 2.4176764264831814 2
3.3580583768622625 -0.43089726017194824 0
-3.2520367970987607 10.018890222004503 2
-12.368495885668757 1.6066530413288111 2
7.71426153278077 -6.50119485955541 0
-12.515067009874285 1.4554457297836596 2
10.20476942088044 -8.754558226824113 0
-1.2360608950992487 -10.949047275363792 1
-1.469843253699583 -8.396771911752902 1
-3.1369060671081552 -3.8657320756763847 1
-5.868696539641383 2.216238118344684 2
1.1151561447334153 -4.48190166586501 1
-11.904853267224814 4.337211547468206 2
-2.5818909814518167 7.107702663406282 2
-4.102957549268273 -7.6936609013631605 1
-9.203223300522918 -2.054658626343136 1
8.934127296009725 -4.504050002711997 0
-1.9391811134810588 7.5107089884457 2
-9.663229087666211 -0.18076057560415498 1
4.740259214204677 7.494014376641222 2
-8.896768899780737 10.088370123413709 2
3.2879920768457427 -6.946178460013127 0
-11.80948875528857 5.1942374426913425 2
-11.091896828104362 -4.289894190009434 1
-0.5826980013158631 -8.208440762798606 1
-7.420912305958788 -8.542720120206592 1
10.282887995975596 -8.803669302832178 0
3.017115465073048 -6.932936779246682 0
-9.142284446685947 9.528886354921791 2
-0.0771309005379047 10.803830846527884 2
-11.55084294059748 5.588090716507248 2
-1.4193925845208064 -2.089997872711708 1
5.4880394900300535 1.1258994763851093 0
-9.753951853738187 -0.33982382417192164 1
12.259594189750189 -4.033994415709532 0
-9.411914682204484 3.6837377990858076 2
-1.531214946887555 7.7858864797313565 2
-9.672522746105136 1.2880222103786805 2
7.791177228064193 -6.897707554107267 0
-7.819565011411609 -4.764893291125065 1
1.0613293235466634 2.2818593976334447 2
4.761962961224796 -5.021568022332898 0
-3.0962332674231305 10.319420116952685 2
-4.932036833645656 5.070677224355662 2
1.7759897841063055 1.941627204786997 0
10.978746250501574 -7.145441206873166 0
9.567193280305753 0.548258566044974 0
5.664866505904582 9.711384633471907 2
-8.710637633168162 -3.608700490138869 1
2.0158977649335528 -7.337180471006052 1
9.60709711251803 -1.623273168904899 0
-0.16073132162822512 -8.062270533286595 1
-12.426827557101447 1.9759685626899048 2
8.831127108950222 3.5000270641276465 0
-2.778640057577342 3.013112485134329 2
-5.036873767811555 -7.087465664717659 1
-4.341415281482225 6.105687457629606 2
5.70732951451784 6.731009761447199 0
9.436811334915195 -2.7650638016932674 0
9.173956811505072 2.6005892155660817 0
2.358096550023082 8.160849494971634 2
8.733121154160845 3.0745615579145325 0
7.705170694110416 8.140409656146447 0
1.7324859630906524 4.421582660963392 2
8.270278015046951 -10.643482835185267 0
1.7744405007434578 8.146212678381712 2
-3.036108223261851 6.922928584844488 2
8.272640172921607 -10.743216895517737 0
-2.2987726829637536 10.298997581134065 2
-8.427518349376367 5.712222902884714 2
4.464835112540834 -9.550060470030331 0
0.7269051894760326 10.913162354622871 2
11.756279184124672 2.144180235213303 0
10.385304686788027 5.121182191326416 0
-9.148817589949495 -7.048912051481899 1
-6.668892930691358 -9.001648219916042 1
-6.082327695120274 -6.857947345219608 1
8.888263119286796 -5.08654837410167 0
-0.8591453293579359 -2.06745063989801 1
1.0910220653068974 8.212222346933634 2
-8.637244861632569 -3.8149938258475915 1
6.676837632761972 -7.815599706891111 0
-12.208739582727139 -0.03809780616360259 1
-6.156007901322283 -9.148563570624109 1
-10.141023824583 -5.732543044620972 1
-11.548545221832345 5.548770652120799 2
-2.87295646554886 -1.0294768689166358 1
-9.25144532538842 3.697102307306703 2
11.104640400538798 -6.772747737307458 0
-6.73621340655964 8.11993651142224 2
-4.755269255589419 9.361903842474602 2
6.047271874923475 -0.42895079979989265 0
0.2869209036769893 -0.8687908936371684 1
-6.771710681779181 12.050208764654935 2
5.74226635114826 9.635444035860736 2
-3.7722420443175606 -10.313492281095964 1
-9.51972951909143 -1.0698948969030435 1
0.7118446752309564 2.117256604824197 2
0.11203577838756716 -4.320547063040186 1
-2.9300032807966954 10.207497162755548 2
2.4290224747340345 1.321419014626467 0
-5.9579206609674324 -0.1588625255222083 1
5.885079216924828 -2.6937438273641976 0
-10.700990476761385 -5.079570727659309 1
-10.142028801530115 8.172845081765756 2
-8.315054374428238 10.474336092219362 2
2.76508965274988 4.029832052255882 0
2.778580756569161 -2.8743033864826737 0
-3.4281185502785427 -7.719974672397898 1
4.368595737365376 2.7393477475140084 0
-1.635352878542435 -8.33069265650172 1
7.707735558658379 4.914054512173817 0
6.202588879359479 -1.009684754703647 0
-0.19102559689368265 4.5533300711213816 2
-9.394513711009788 -6.939737562292896 1
-1.8154862110990102 -4.247803590163676 1
5.655765608614635 1.2087333369178195 0
-12.147752419378513 -1.9459317136156808 1
-8.395049989818126 5.415432748419434 2
-0.17668920108514438 4.633830193583032 2
1.4440644336358832 -7.654983424709467 1
-6.089660632649781 -6.268034134846914 1
5.478120619012728 9.609413557362371 2
0.6224765193227395 4.345711569493549 2
0.9158399431003224 -10.519724467250803 1
8.796935120967891 3.003219695909194 0
6.137970966667207 6.2565965354297175 0
-3.164662562600471 2.1130681504228637 2
1.9437914348353769 2.085755108519077 0
6.117558493357499 -8.469530308326528 0
-1.742648182602966 -4.265884907422338 1
9.861005879343319 -0.7611732651834501 0
-7.620294773381159 11.185657382745621 2
-6.895768950958283 7.552360935765179 2
-5.764126400045643 -9.651767120796247 1
-3.4934074600336267 0.7147620560879989 2
-3.5047168626490657 9.813104426170678 2
1.3056773851368002 4.2722086763011955 2
-10.874812313472622 6.883018641853957 2
-3.5955419489710194 0.05216527772325867 1
-11.404510364601014 -3.8642968302937777 1
-2.1508873117209606 -10.61296273060375 1
-7.773967477820645 6.346708154687825 2
-8.791444708750282 -3.3133404101744253 1
-1.3126188988256569 4.177786593197582 2
7.490832152814446 -7.221088794160457 0
-0.36275135233416755 0.9033747195430721 2
11.703837479769815 2.503469557401953 0
-4.995461686938931 9.301067244245559 2
-2.2728094597576645 3.733963234798159 2
3.3297684942791292 -2.1959444848445617 0
11.300115770268171 4.057451000756273 0
2.599713028874799 -10.049006333700952 1
1.244883130707598 -4.054506645808742 1
9.143925793267277 2.1544029715513178 0
-5.950425532096124 -0.4146472748193634 1
8.784320166417096 -5.169110738326159 0
-5.634041864451316 -9.677013732806625 1
-5.330287281185834 4.06927212191673 2
-9.438846086059328 3.406498323877186 2
3.3481040497690997 -1.747511476614227 0
-7.788231592771188 11.21128277956076 2
11.914621979072985 -4.743632889592583 0
9.807418999838818 -2.4233608085845293 0
-11.228291438300383 6.597397573190545 2
5.990314746318057 9.513416916762793 2
6.188326238428031 -1.7900244040109634 0
-10.929413981788544 6.79699859414885 2
8.05720354225814 4.629008965036661 0
-9.934780123105563 8.829626937503122 2
1.7235198235362943 -10.712642035290598 1
-3.2176464357862598 -0.14396714573824387 1
1.749057173464541 -7.520924955846468 1
-10.034252858646525 8.525106290914438 2
-11.825331960125204 4.898643509082292 2
5.888241580592126 -3.4756812870500124 0
-9.436811334915195 2.7650638016932674 2
8.06831435045142 -5.77212152925915 0
-5.635495472191488 -1.4881887693793738 1
-11.96167766735784 -2.19670472791786 1
9.515080384859488 -2.6504235241628873 0
9.116149000659604 2.5305216646822446 0
-1.4754659852868435 7.647075361681359 2
-8.983739011494201 -7.3880725739226385 1
1.033154682798332 -7.704266405867202 1
10.90646165284784 4.73218498711956 0
-11.835052097330474 5.101887577097238 2
-5.637498872478788 3.601943972031731 2
-11.811724434005745 -1.443021393517112 1
9.979429438089316 -8.6996796605033 0
10.965667939985504 -7.37098065606368 0
-2.284230524789915 3.173701921636737 2
8.304764979624451 -5.968032646444534 0
-11.219714288159125 6.458348616694089 2
-6.192158922085792 -6.545881872603021 1
12.490450791402607 -2.412308260710669 0
0.1121500005199198 -0.9742307855926012 1
4.281025763009656 -9.86985006700614 0
-9.641684852734004 2.0670690692618114 2
-7.453574622996268 -8.444151163549018 1
-6.639747124264426 -9.325697476958458 1
-12.265969933064406 1.1154310003814212 1
1.8730253100745147 -3.7590516191377468 0
-4.8006505728315645 5.345601027560612 2
-3.2615795378439847 -0.4685513755093637 1
-6.617803932892902 -5.931420024106938 1
12.049201208668261 2.242499106721628 0
-3.1933434852904634 10.16543251263837 2
-4.558936560936879 5.718617513620707 2
1.7586540772156476 -10.724674875114012 1
-11.557470173107237 -2.989711089087148 1
12.451382363254506 -2.73989162120035 0
9.479616664482945 -9.4106147309764 0
-1.4029892299985385 -8.040496873775306 1
-1.8161128445813461 7.483353909928149 2
11.57860075794703 -5.690039752075462 0
0.29726910284494645 -0.6638000554313228 1
-3.4297959967159017 9.66062137579324 2
0.06016145787566868 7.8767390737983884 2
-9.068484323890257 4.894306928504685 2
-1.6101608917780044 -2.1146382448863243 1
2.5008559551548615 -10.469723291521102 1
-7.938218564189073 -7.9711132263765005 1
11.966886384913908 2.172669816248529 0
0.10300734551740723 -0.1828797768587393 1
-11.979085175152413 5.19534369457314 2
1.2479763524486742 -3.833906038448389 1
4.699830467254613 2.980256842829295 0
8.083129282609006 7.758979124688935 0
-5.768744819451862 -0.6848787993671399 1
-5.282019421497736 -9.551904812756426 1
-8.218927275229616 5.329479685952325 2
-1.7823074238990337 -4.354058516791843 1
-6.908617577462607 11.874328744756037 2
10.089926836641236 5.634637565866601 0
-0.10946591673858014 -4.760873230495447 1
3.6983805275312007 3.705086453577017 0
-1.1067094543795832 -10.8594784594811 1
-10.233917550400394 8.350372615740044 2
3.294229079846667 -0.17462613588205705 0
-3.731009771419362 -3.2718808309954706 1
4.792479745111507 7.219745183907081 2
8.823328858003817 -10.097838204378109 0
-2.6850834415337035 7.250553054174406 2
-8.844230236520906 -7.280723278916267 1
0.8695774563251855 -8.108511195321057 1
0.8758512294836974 -10.54053920984789 1
0.6875440043045832 10.708608150329677 2
-7.7644310418768665 -4.857596579693214 1
3.9949009585538495 7.637799970743065 2
1.4839339956974 -7.396513504550164 1
6.242006347369029 -8.146338871234823 0
0.8541725701464427 -7.724738105370411 1
-2.0898997704514852 3.5351790724578804 2
6.0728328373977245 -3.0005151311367975 0
3.166873344199394 -6.677643693043173 0
-0.3830107675571775 -4.515728818474363 1
10.256247397083287 5.608684974348388 0
8.2529587691722 -10.890936875775209 0
11.519115879911132 -5.706666232107272 0
0.17668920108514438 -4.633830193583032 1
-8.183134139803622 -4.477446076564045 1
6.83797407146311 5.907956335897818 0
-7.800016115171234 -5.122470398836274 1
3.4213911794080643 7.6527927835009 2
-8.554239840466371 -3.8821237062914067 1
12.429504089623904 0.3521486073053006 0
-2.2715911338579264 -4.218061137667005 1
-12.016345614591286 2.92505637392883 2
3.665961524946392 -9.749974269967252 0
-9.249244713608665 9.359267345965318 2
8.640612506476742 3.9169920136605314 0
6.6143327725057235 9.28627585880071 0
-4.484602915278392 -7.533987361057199 1
0.3864858319772753 -7.814400388496688 1
-11.271734935466181 6.270413178680749 2
-7.890842034231739 -7.91844151995142 1
-6.317875003482142 -6.406271428100016 1
3.6871122920568142 -0.048324595190781805 0
-6.990390846361844 11.958327841125476 2
1.9391811134810588 -7.5107089884457 1
3.3206632892324457 -0.17686767295958095 0
-7.360240265859068 -5.309303956966783 1
-3.4442402003921857 -0.03335368527527449 1
-3.265264742985786 -3.7090912209547753 1
-11.53526969234743 -3.9021398294479828 1
7.5626976280825415 5.112864541593437 0
-9.344954683583476 9.789642846804643 2
2.2032661755976513 -7.450702695086747 1
-2.255902925306457 7.225522348043448 2
10.430483457531876 -7.813726028870801 0
1.4004372395351927 8.02687034183454 2
-12.353386181128206 -0.38123747624757665 1
5.9533511611531855 -0.8701092020573354 0
-9.726367470524952 2.286552585454572 2
-9.873536809783232 8.905318460580377 2
5.097294457111902 -9.208560350397835 0
4.9086770027125795 2.7950496775853906 0
5.168254501987351 -9.157317132254466 0
3.5244584329576556 10.186463900186794 2
1.1233532411424516 -3.989849243003409 1
12.137013739983207 0.8578281919782588 0
-7.971061432223512 -4.634312944587044 1
2.518282559759104 -10.2646546639759 1
-0.22898852359063537 10.698310854603188 2
-4.9086770027125795 -2.7950496775853906 1
-9.648121866013875 -0.9805997421770823 1
-0.23894167718288273 10.524530145236579 2
8.817301443368647 -10.049403058301293 0
9.561518155102599 -2.508847913600949 0
1.469843253699583 8.396771911752902 2
-7.767507378877831 10.808293596478505 2
-3.7716046898647826 -8.05553907809892 1
-12.145718803166234 2.2843467240929245 2
8.894245418121248 -10.024829713015166 0
-2.224769057486664 -4.298086254380582 1
2.7749629186866174 4.2381145863211405 2
-10.59061931288623 7.700643713427871 2
-4.620268237575354 -9.972985172176998 1
9.475705953300439 -3.2378395007059235 0
-11.288951315942164 -4.193906249149307 1
5.9991781522189465 -8.380572338634089 0
7.72493847484571 -6.395715856721393 0
11.048386042088705 -7.205048076249676 0
-8.033049355347027 -8.28289966095742 1
-0.8236496022137442 -10.82627218765267 1
0.9560195024988573 11.0192684584963 2
-0.6109764091082105 -8.057559774454647 1
-9.170428848302164 -1.9754041991982954 1
3.7216216526307884 -6.266939580876709 0
9.566274884981327 -2.3569579995647203 0
-9.977140381838884 0.7079899063718338 1
8.376125961655061 4.54371025982375 0
-3.5872278648101075 1.9260292800321308 2
6.065316877036235 -8.17170017450068 0
8.549089756520285 -5.287976878568603 0
-12.475863690734524 0.9557785983177562 1
-9.779690927343498 0.7615143112180973 1
8.344934732192922 3.776539701025622 0
9.496479115146096 1.9826468703029576 0
0.45109336935681704 -10.533660599193844 1
-9.229745292555641 -2.195205154028222 1
3.010683767197683 8.032169436806699 2
-6.814850980060562 -5.960789307097217 1
-9.643234302942789 -6.437583750795047 1
-8.406472069877012 -4.147765152406583 1
8.631780620959685 -5.433154061905935 0
-2.3880153087634843 -10.402819107507456 1
-9.067802893377374 -2.179286481544413 1
11.082376894000943 3.9216219553777147 0
-2.155450380031792 10.305503183080436 2
-9.90645805751623 1.359588264024844 2
12.291289643026142 -3.636448612409944 0
-6.1068767301596605 8.377051338152713 2
12.513099467004066 -0.06839738311982985 0
-1.3130636110381746 -10.815712624377658 1
1.3088720748127414 2.3073876054993616 2
-7.931048419297971 -8.237290253949997 1
11.885083233178214 -4.590675281852019 0
-2.1485164234447884 -4.559346305588995 1
-5.853940881973871 -1.0178179116413948 1
11.021730328923638 -6.599000636392537 0
-10.026973784738443 -6.323469869481106 1
-4.962096370884742 -9.803915221807008 1
2.2735496849887467 10.65240086857501 2
-7.695077735191179 6.740343567879371 2
9.545603306547207 6.525272561128604 0
4.527707146595567 2.708580139306925 0
-9.992136532337165 8.322528755900576 2
9.784216841952704 -8.483776627444474 0
3.6006659587565233 -1.6099764724989438 0
-8.062789725687685 10.84364570017198 2
-12.241889073251624 3.7984832860470252 2
8.838221410124207 -10.12362062963658 0
-6.776063968637929 -8.886357777601708 1
-9.264249163102571 4.074952130414229 2
-9.377079753932414 3.744607822595292 2
9.51416431600259 -1.381170405822316 0
10.098068871545843 5.750342739578223 0
9.306957504963412 1.3638264269918619 0
8.670639638433078 7.793071845069006 0
-0.9086052189009797 -4.357473950773981 1
-6.232360785786081 -9.109847539940269 1
9.545429076089228 -9.23275894453057 0
11.800877131660918 2.0404481740806064 0
-8.831127108950222 -3.5000270641276465 1
1.9537324114031118 -10.494760555808265 1
-2.11234401305681 3.8195876107290614 2
-7.1566020600055715 -8.931637046720079 1
-3.542344123353141 -7.956111579030963 1
11.973801485558457 1.240831037578851 0
-8.825536215983279 -3.5315241589304565 1
11.957380112633015 1.0745302519059048 0
-7.593814751593974 6.485030206241694 2
-6.27262611580282 2.1258638219709614 2
5.435888254492063 1.5350756983532179 0
2.9632707238680687 -6.791192911837808 0
9.312150570698272 7.084732139773807 0
10.905919980697288 -7.477464697066886 0
5.8716158529286675 9.654624249411905 2
-1.0591516474948246 -10.87823981044175 1
4.093782687522264 3.465475565341559 0
11.379530108781324 3.917466002811887 0
1.3287744947912778 2.0101008869265646 2
6.954343779132569 -7.461457666186688 0
0.4635798099824165 -7.933542853450498 1
-0.9055577209626304 10.467063433552703 2
9.876478048356931 -1.2261751115041564 0
-3.2688820689219265 0.36650531506309664 1
2.5595531628198165 -3.216659351409609 0
6.210180768609131 -1.784408998336715 0
-2.4485083019192477 -10.533926154547506 1
-3.3102509999105627 -3.843227362097587 1
3.10252370934328 8.086515815953137 2
1.5199155338092094 10.605087392617211 2
-7.7966322094607134 -5.267549566361828 1
-0.11746755656326334 10.718817873698049 2
9.1395577411007 -4.008903814798241 0
-11.631733665502265 4.8909485074987735 2
-7.4141273871253395 7.15544331756582 2
-12.386756587485465 3.227392231578067 2
9.838764504873406 -1.2044494176217588 0
6.378488119872011 9.38900826966601 0
-3.019426646460738 -10.660572639723721 1
9.145118226710775 -4.466205995436876 0
1.2598789266126758 -7.739844472453419 1
-8.538686344616979 -3.811085154163645 1
-9.561518155102599 2.508847913600949 2
2.344464224174545 4.502001071979789 2
-2.637244933119359 10.260767333113451 2
-7.852500615838987 -8.189446745773404 1
-0.7194139340829546 7.873794832027735 2
12.518961205969958 -1.6775951179743853 0
-2.6723115333660985 -3.936990709997851 1
11.710876662462946 3.332621570829739 0
5.622045022816632 9.742536634113337 2
9.60839720289139 0.86007116985038 0
-5.468969880975257 -1.2178432116299658 1
-5.630306264592162 -9.57047313984231 1
-11.606621749243727 -2.2588120142508368 1
-9.410637918989782 2.258750896323811 2
12.202640211658986 -0.7102399625256713 0
-9.49587516195113 0.7386879290411004 1
-11.615846355042768 -2.4443871833835424 1
-3.0596336913463293 7.162574309864325 2
9.233263932377726 2.280989015195214 0
-0.37282105872094745 -10.927932886413712 1
9.76288406454617 -1.0934142970685863 0
-6.274873333085304 -9.177228982703243 1
-2.4101706067384967 10.57938228487445 2
3.3304075287778976 -2.14588202500668 0
-6.917873360845017 11.808550407775767 2
-9.523131188554478 9.418981019170019 2
-4.224280527167455 -10.136261896888433 1
7.67662312029356 4.666664425630707 0
-7.80984528619134 -8.110557813678575 1
0.35159236443484926 -10.735158738825369 1
-9.115155928813927 -2.8189190387130623 1
11.958983459768604 2.2406568830795486 0
-1.8473331047162933 -2.23433779078046 1
9.668683408518346 -1.7104347085262246 0
0.4525696170782478 -8.040296581184414 1
-6.0087624828912265 -0.029162031317231184 1
-12.203931466450458 -0.31293033331238057 1
5.345682758519953 6.977171855996222 0
4.21496197435907 10.14042868723852 2
-2.055803902374209 -1.9806560454741573 1
8.119122962519652 -6.125517126519499 0
12.21512663936503 0.6649095378607273 0
5.904754743218541 0.11637582357857357 0
3.6819997818614123 -0.7673788764054674 0
-3.333893918931499 -0.8650669221049043 1
-5.707974004031595 -6.997728933843513 1
7.910963124110493 -6.110411560284842 0
3.734543856143651 3.202801435653124 0
-9.503999962354909 0.7952800157811644 1
10.492318873144795 5.410262517331997 0
-11.675614212765375 5.739258555093487 2
7.594176205852789 8.54380234995506 0
11.413027746143328 -6.323649256628852 0
-10.895257789768475 -4.768392382619971 1
-9.23943768170102 3.4096472066040753 2
5.029010604860787 9.656911203892902 2
-2.1453105623256974 3.3915088502440303 2
5.74816876452353 1.4720007389385825 0
12.282200693327653 1.162191775678695 0
-3.565558616103394 6.247308517949164 2
5.817535448661301 1.1125269373185267 0
0.1279397127562076 -10.782816144564165 1
-1.4078050331029328 -1.8531907399087166 1
-11.863624165342252 -1.1544580023000204 1
-10.96335828970773 -4.526292726267832 1
-5.791691772551995 0.24056124573124626 1
-6.119923537058096 -6.475006503996933 1
7.807891694293184 -10.71643335615149 0
-8.304764979624451 5.968032646444534 2
8.894306492219128 3.051027689175453 0
0.012420073193415149 -0.3297144448106982 1
9.097868904724898 2.1988420914034448 0
-5.458358563874292 -9.910299924069449 1
-8.53323373758128 10.150564328334902 2
6.559811338838495 9.301962389212328 0
5.301004939875419 9.493945166194534 2
-5.838293574708205 0.4764939960036034 1
6.571427240202616 9.459928097434066 0
0.21986699439393861 10.930606431118933 2
9.37606383908533 -3.4182009606243904 0
2.229016049794892 -7.344366535463205 1
1.4281530627114487 4.543694824241027 2
-9.293941385773016 -7.2150067769704 1
1.095291643312998 4.649841248494711 2
-9.523701633149237 -6.599897759855 1
7.892403027468657 4.52483133329277 0
-12.048012720049734 3.655046877432242 2
-0.09063287617829724 8.155809145840264 2
3.389684488455795 -1.1692387391880275 0
-8.12748742535617 10.982450504861555 2
2.871250211883308 -2.582726017530296 0
5.56676240471097 1.4812859821637732 0
3.034294043310855 4.0008174044279645 0
-9.684513654478328 -1.3086255185096176 1
-5.742393143319071 -0.2272077806403533 1
5.999696821003723 -8.408738624923199 0
5.099865430507669 9.899702469885375 2
-2.153619557020138 -7.849339617295453 1
-3.2811872777188786 2.063051788032604 2
4.43112094688309 -5.7062019113183915 0
6.5529234508533 6.112418494757128 0
9.40509622216404 6.784234581979392 0
2.4105999627569963 -7.123435207578892 1
-7.618577564582673 -5.024113648026327 1
2.2279138463295025 -10.51611447135246 1
5.169327041932823 7.0148743806462726 0
-7.780788343789595 -8.361756777354218 1
-8.063247094568988 -7.72611642607552 1
-5.857544829924998 -6.6257760234488545 1
-5.947585927262626 -9.688156234433256 1
-3.945497320714983 9.953566676855502 2
-6.083388564357964 8.128291548615294 2
-5.962137780710042 -0.6223562146890735 1
11.447034969083791 -6.597313809701419 0
5.1770226411963165 -9.220699842515613 0
-6.787690534871941 -9.128120498076605 1
2.0989568306648314 -3.6156092833351456 0
-11.176714843770165 6.09188436114454 2
2.2682921123826656 1.790051532472294 0
3.6824596698564536 -0.27329065968668464 0
11.671080546605106 -4.56310963946494 0
-11.389015931934306 6.340685424149791 2
2.1804563737909146 -3.693972366556497 0
-3.6472046029734213 -8.027806269372999 1
-0.6570468363190822 10.922091248820012 2
-7.98537863959295 -4.436560499068891 1
-5.566803675377758 8.364900703021068 2
3.944961691115716 -9.814290300941742 0
6.156084601943398 -1.893075977887797 0
-3.469591721507623 -7.878347116520121 1
5.397618419922437 1.7630508481703813 0
-0.9682425715140711 10.705827654264553 2
0.9338970191349787 10.973997005352734 2
-5.012906833956648 -2.3208531414298124 1
10.336213646148137 -8.538883556619552 0
-0.8398665555505075 -4.631933260570698 1
7.102778129001632 5.952616849781633 0
3.0012147872214965 -3.0741070250648987 0
-3.4523053768372964 -10.371442477949282 1
-9.11758273596532 -2.859900300072434 1
12.416997659825592 -1.276971952550999 0
-0.6318034139241482 -2.0139604086425615 1
-5.393724720636184 -7.074932802229984 1
-12.21828880920602 1.7754814742331988 2
2.8553065960913817 -9.935349072314702 1
-9.6573744674753 0.6546949058887086 1
-0.32128593810987516 8.24763292274317 2
-3.1794962802966786 2.7070014725203118 2
-8.219416347165714 5.904831478737181 2
-10.887573192588796 -4.7765614818479945 1
-6.083599906698548 0.22208226151215163 1
8.392846238394844 7.876482193392223 0
-9.008580798261216 -3.052199821333555 1
5.699690221217436 -3.679684293818488 0
-4.877783626944632 4.612162976317244 2
3.1570926119025433 1.0601066700548816 0
1.123703086100939 4.408763963302639 2
4.932036833645656 -5.070677224355662 0
0.9901636913160532 -7.903444243247481 1
3.4994224044679143 0.27560440587027896 0
2.100169578872024 -3.699556563670938 0
10.60776551647522 -7.146025682733232 0
-9.602125635013156 -1.0080873752090707 1
-6.117558493357499 8.469530308326528 2
6.9328661264250595 9.084704481436477 0
6.478964297348605 9.013013491171517 0
1.950728441502207 4.466910456789712 2
-9.53758197131382 -1.168589389998264 1
10.995382596383475 -6.738557618822315 0
1.858613770739032 -7.332156951612701 1
4.54565897172209 -9.419672793353604 0
5.206727667473225 9.637243442933126 2
11.451964059416795 -5.149292003619877 0
-3.183582392275158 -0.2952875457428856 1
-3.9852093415443375 -10.528116414001904 1
7.855383337318814 -6.920336865733869 0
-3.9969881185883303 -10.427992784071161 1
5.017817677537637 -4.517429061131959 0
4.233759798757018 10.20194413521804 2
6.511384522266723 -7.790656930520486 0
-4.423719685224521 5.731774193431937 2
-7.899788416118965 -5.0496583199352 1
-8.118977680970366 10.837764438243356 2
6.1651061389715895 -2.262327283610425 0
-7.864258908020951 -8.461490924180946 1
-8.044806942987103 -4.963588958549459 1
3.1787182364614615 0.9949050108401462 0
5.29578828160671 -4.076395020771563 0
-6.252032984548357 1.1340030366201843 2
-1.7320221826585616 10.406090433874816 2
9.814379430465639 -0.9744191745332984 0
-7.732845268645106 -4.578885116995229 1
5.8609370051189815 -1.2575007330584635 0
3.3855510885330897 -10.17680094428795 1
8.408692510513333 8.058470583906232 0
-12.369276882905734 1.7447461300480027 2
7.465437836557525 8.726253366146084 0
-2.974216672014972 -7.8831218088806425 1
-4.1367264771406695 9.83696944434339 2
6.041723481722349 -1.8406671958660448 0
-11.198963686205719 6.240151054235909 2
3.4860151255765195 7.757017007086476 2
9.490816633352598 1.569128557012974 0
7.221255299991477 -7.266285800443301 0
2.6850834415337035 -7.250553054174406 0
0.12175781060122876 2.1008139765346 2
-1.7397390484196804 -4.668200155208613 1
-1.5478463339392796 -2.0049766556976722 1
2.436485242623405 8.312932500884004 2
-0.5829174300267808 4.236514309149802 2
7.4048412097261345 -11.628378665101408 0
-3.265045862759287 -10.465179236304204 1
-10.591992240290711 7.309183072799479 2
-3.533193828405217 1.5586968581952103 2
1.784998538284962 -10.755533585849996 1
-3.397700245123824 10.028222988789775 2
-6.025579639975725 -0.6201830012093095 1
-9.272571105201429 9.47390802372978 2
3.8209024423751874 -6.2597211259924554 0
-0.33790274430167944 10.575895372158705 2
-1.9975704409224389 -8.058773496216277 1
-3.2565892160143592 -7.921620669621606 1
10.300351935548276 5.972068084191144 0
10.830023063615426 4.5324785393809615 0
0.6570468363190822 -10.922091248820012 1
-1.1369753304746877 -10.840935209603389 1
11.437024023426282 -6.626270094316887 0
3.869057647431921 -9.758178361452423 0
6.8980549353465515 -7.696412179401818 0
9.929840103743388 6.431406174994415 0
3.6937446230107107 -0.5492134077595268 0
-3.58936913686481 0.5599773489235413 2
12.109335568171575 -4.892793773518552 0
4.250734695589098 3.316225864177478 0
-10.274286342248004 -5.979286792208076 1
3.177470825576593 -10.193069911763706 1
-7.939853714376931 -4.35168963927815 1
-9.750504749135914 -0.654472619767124 1
-7.974202286061418 -4.384107578381513 1
12.405501813450261 -2.353653052838166 0
7.116819689946817 8.895747436384642 0
-5.781328109166903 2.891604429152901 2
-8.162682259598357 6.288162513901695 2
8.587196267276108 3.8379645377276934 0
-11.008638550618468 6.740450936589718 2
-8.51483062617609 5.607986193831709 2
-0.9286638144331989 4.000555632731201 2
5.40346239370396 9.867049636788455 2
9.190963701491489 -4.764970216473715 0
9.86024607025256 -2.009514103915679 0
4.939931196522198 9.887640015547804 2
0.40297730888773836 10.842529652318218 2
-8.463286734599352 10.263642156338022 2
-1.3652200055922954 10.807751791311906 2
5.910294964743362 -2.656104232195047 0
-1.4914600656827806 7.476939412175241 2
-2.208769352135306 10.652722020463788 2
-4.221455841591468 -3.478719481181829 1
-9.577829709883876 -1.9939627832403004 1
-5.554311203343332 -1.0278195117942657 1
8.499202827625908 3.9151978977955006 0
2.3276852829260064 4.057385951811012 2
-6.2855139821998565 -6.346535135265539 1
-5.562082781382031 -9.736288873573644 1
1.1276626507038836 -10.651638914042671 1
0.5356981790119474 -4.459671608518947 1
-2.8080415138648482 6.788549767119549 2
8.129763553852206 -6.198682021071526 0
8.98547381532793 2.6483769459073465 0
3.576323686619728 -1.4277129853896573 0
7.7116432175703835 5.447965825211382 0
-5.859351435255555 -0.784864490829356 1
-0.36744186212805463 10.627166850288345 2
7.439879108857052 5.442882582379277 0
-10.483756511670041 -5.41472523913236 1
4.572259282161137 -9.60010993396137 0
-11.874637308300736 4.894026723217376 2
-8.741376093625785 10.339851201164844 2
-1.6889309522586782 7.38859574239068 2
2.208769352135306 -10.652722020463788 1
2.0957960764087677 -7.401606436939698 1
1.656351102610804 -7.821678595969279 1
-0.9283023579046165 -2.042749536317982 1
11.455363606358837 3.185277426080712 0
-1.214729688662685 10.587305046020354 2
-2.778580756569161 2.8743033864826737 2
-0.8233822259293297 -2.158774044727942 1
-9.532956813797098 -0.2244856234175989 1
0.23974165044809606 -10.858644514008402 1
5.598666311681621 1.191081468109913 0
-3.0213733159556266 -4.137856005351947 1
-2.8878589737653866 2.520357028097055 2
-4.52207580430957 -2.8426154255530305 1
-4.446402408347606 -2.876355455441304 1
2.128770259260757 1.689656455763442 0
7.882380801217424 -10.922886009942891 0
-3.4214013772640617 -10.521538226615952 1
-1.6103372769339444 7.879540160132871 2
0.21368407312415655 4.739954326802059 2
-0.05113900834475493 -10.539187388134161 1
10.924963929615942 -7.0617502884759755 0
-1.5895861221336478 -4.648850806311528 1
-11.351041387755348 6.31629090118214 2
7.218468473603643 -7.0613652476037245 0
7.126985185064051 5.627337765607777 0
5.978700034673895 -8.323936502962118 0
3.467622510666583 -0.211740992920187 0
11.615980151125337 -4.928100980665962 0
-3.2014462545427746 6.52399545064965 2
-5.922687779622686 -0.38495018065193964 1
10.223033700233373 5.531498142709088 0
9.656081601436613 1.102407905827311 0
6.1331583386062745 9.283996007277452 2
8.26413537014112 7.726821354937393 0
6.179630317236632 -2.0554109479257243 0
-10.764113530830109 7.584137959430394 2
6.787690534871941 9.128120498076605 0
-12.232089633903534 1.4815622655114036 2
6.103282647697843 -1.3492175386695167 0
-0.6297808677231356 8.043513532027179 2
-2.1941480962470097 -1.6287352903230587 1
-1.6827043479281958 10.334110157007936 2
-12.049211208612569 -2.422786077918572 1
10.516833349125447 -8.086521228591405 0
-10.385417768122734 8.035015016650336 2
4.303180843711837 7.693497216955162 2
3.024603257858325 0.5844356347367828 0
3.9124270923881332 10.504288307693766 2
11.02665395118703 -6.855990351475921 0
5.6398079432618236 -3.7350593853674594 0
7.470717695247279 -6.70156129985542 0
-8.98887797928585 -7.139301387923647 1
4.100451431454519 -5.796441557215624 0
-3.7440957218405955 0.459016401503836 1
12.250490183102853 1.4538680888226492 0
5.622707961014082 0.9729626233179416 0
6.90354223223848 -7.747444577220149 0
4.66274129760526 2.74551151156645 0
-2.19669833160286 3.3273084379441316 2
-6.101912527021771 1.6432974488123855 2
2.8820334261551688 8.146313652249917 2
-8.321127800183364 5.554717105443776 2
-12.178701996001688 0.4525795857872712 1
1.00676005925634 -10.429218333725013 1
-4.372525622295098 9.606762047397588 2
-1.5369722872722573 3.75063397894264 2
9.022592080498745 7.062442387285199 0
8.248035042000039 -6.45227224469698 0
-2.468623625553951 -1.5189394686233322 1
2.3724256004593167 -7.19089316365398 1
-11.88907989092112 4.074827168525697 2
12.319723083131747 0.36670602693577603 0
-7.811544512139704 6.692610304349785 2
-0.3040222383198203 -4.489335075280884 1
8.535994415584476 7.72230220057549 0
-2.809652811710994 7.301098134810331 2
-10.943501958775796 6.769089864458985 2
-4.132259545191137 -10.332138108979795 1
10.751805053463247 4.996063863777155 0
-9.087701782759407 -7.0722893719868285 1
3.2682445914399993 0.7354163941900387 0
8.856858094144412 -9.904477941736817 0
-1.8360159327164984 10.573854212353867 2
4.412120620968734 -9.527635978436011 0
-5.06273859515056 9.373813958449837 2
6.784306568672238 -7.666541834962558 0
5.140875255329725 -9.098859328227919 0
-7.667759798947953 11.207923898883646 2
5.097404398732078 7.243216423487541 0
8.755101268460093 3.155480323345084 0
-5.4856557780589155 3.6048688204366734 2
-10.732410456961647 -4.437959578626839 1
-6.104124532387452 0.5254802560487464 1
8.407168238176364 8.006070371594532 0
-12.127835716446588 4.307062857496759 2
-8.254217058277414 10.592287541761005 2
7.825444391598438 -10.8527304975378 0
6.517846738182571 9.232661902176616 0
8.316462809649279 4.28331143010392 0
9.667654087713926 0.38585073394671154 0
-9.34707375778764 9.508138200554352 2
-0.7933735922210186 -8.03229692335752 1
-6.5236599036371565 7.9806942096884 2
4.512429677609059 -9.357436324598705 0
5.717508553012396 9.745071871124816 2
1.5347054043200683 10.987186606303212 2
-3.357535035286311 0.6136592539029694 2
-0.002005065240338569 4.641674389416975 2
-5.7885639729760205 -0.79196551681692 1
-3.2456047147375977 6.575752008141132 2
-12.000409271230119 -1.3020713309866156 1
0.9086052189009797 4.357473950773981 2
-11.710876662462946 -3.332621570829739 1
4.8546444543962615 9.910838756453758 2
-11.1519626465988 6.09577035110855 2
9.113102315452696 -10.118556778751099 0
3.2960999728784888 -10.289336105889026 1
-11.964812822455057 -0.6924339191821671 1
6.939050341019163 -7.728309064840339 0
-5.295564960041827 3.7739882861110052 2
9.523131188554478 -9.418981019170019 0
9.72667662038992 0.24270714844351715 0
-6.108593782531157 2.892170317257813 2
-11.54844696621814 5.86277559346199 2
-5.3191090357343045 -7.2736797683220935 1
8.37742352034519 -5.915380076577436 0
-9.871467069510432 9.193930829298722 2
-7.978141410699778 6.175642252964433 2
3.6931927857037365 10.372955178810187 2
-9.724322796118432 2.353168934568137 2
0.2021397498999059 8.324060175506226 2
9.20265034385071 -9.79243431686766 0
-0.5153035757815292 0.8414156103312188 2
-6.878513796535854 -6.058842693671931 1
-5.608966001842276 -0.900662483105203 1
-5.395070682382675 -1.8808369026879712 1
-5.355992986423314 4.263594148888126 2
12.555942901089358 -0.2555432130149091 0
-7.419286621786189 -8.522378859673838 1
-9.55757712101192 2.021818158263602 2
-8.755101268460093 -3.155480323345084 1
-9.475705953300439 3.2378395007059235 2
3.112328685522642 4.057547836410197 0
9.169330566440703 1.8921007641007581 0
9.033652187464957 2.851620516405897 0
-2.041069446366025 -7.945789678421742 1
-4.516615237399843 -3.130858318279188 1
-0.6641691388876338 7.982204249974013 2
-9.091925156266766 -1.9043264540104132 1
-7.221255299991477 7.266285800443301 2
-5.941677970180441 8.564459421095975 2
-9.257437677612945 2.7134212629677346 2
1.774655438910269 -10.313459790291141 1
8.278999599967053 4.4229950910882625 0
-4.100451431454519 5.796441557215624 2
-12.27551565321279 3.419715770749123 2
-3.344158003523129 -0.27629868736550867 1
6.289732495635541 9.217246033291485 0
7.999519631570578 4.578627285438821 0
-7.583319033139849 -5.51349800048876 1
12.386756587485465 -3.227392231578067 0
11.913836276896408 -4.504259737344655 0
-3.145928324465276 1.957690573584818 2
9.475171729575965 -2.1324976460684475 0
-11.770550686437124 -1.7338446557446958 1
-9.551039909868896 -0.9584571682377897 1
-4.840884956777388 4.834222984805939 2
12.275536303395299 -1.297355611125137 0
-10.67418101586915 7.890652842937359 2
3.484082049175939 0.12824101394406223 0
5.408171542625789 -4.3399912388423685 0
12.25895366490647 -0.7366448696708479 0
7.945952367464304 -6.322177510728036 0
-12.327224505067733 3.391923572601959 2
-4.73485260412598 -7.445711266919752 1
-2.2735496849887467 -10.65240086857501 1
-1.6072219771877054 7.67413182490423 2
5.8670094034440865 -2.778725602865474 0
-9.819392198052714 9.082654842535266 2
12.144657286180424 -0.5828493932056232 0
0.21277686532051532 -4.306421268491583 1
2.1894377773633362 -3.264493869832446 0
0.949391603083083 8.022979200750765 2
4.23224141972593 -5.948350186606644 0
-11.878371843920911 -1.039705465769029 1
5.69384954007146 9.348618737002612 2
-9.41059063834917 -6.910941979529818 1
1.4356037084379656 2.1202749844637463 0
12.354643978385747 0.30693759466003406 0
-3.9290812780794546 10.000610886303173 2
7.767814892618834 4.979501933949597 0
-7.467082982774429 7.011637144433657 2
8.463286734599352 -10.263642156338022 0
3.2699906141312125 10.357626358317706 2
5.333920583155733 1.4771487851615317 0
5.903159726934704 9.443453771911974 2
-9.667622688667143 -0.23113921256932368 1
-2.8717442434428184 10.304417429518665 2
-11.95587019450436 3.363683865856364 2
7.765067705005842 4.970065762066642 0
-3.9972809564957235 -3.301176178758943 1
2.341043615375105 -7.244408717896583 1
9.641775891950852 0.3234683189463906 0
-3.135380897344783 2.4960424994219657 2
-9.883528341844054 -6.01782685423897 1
9.764772463950791 0.7952651340362469 0
2.4241790156516623 -7.283374852287722 1
0.9855623783621026 -10.619189767859652 1
4.204908690004105 -6.255124786265386 0
-6.038582801035968 2.5613617923424536 2
10.409600640050686 5.566401680897199 0
-2.236414259743312 -4.291643143087168 1
-9.44085551681652 -1.4175623690187265 1
2.043155262036012 4.503596569107161 2
10.656863018530954 4.910723325625803 0
-8.567653664226517 5.064366945115537 2
-5.668231567879351 -1.3636483117389182 1
2.832014889964814 -2.787188135180372 0
-9.874388253879257 -0.07819848647757977 1
-7.319374877305554 -5.258602914343275 1
-0.6920716564999994 8.147640885791937 2
-3.3503457676198476 10.077522115100374 2
-1.6934441837964416 -1.8131550288057274 1
-0.4725699501628881 -10.650992341820086 1
0.3154689341530387 4.427255472611695 2
-9.262691907746484 -2.0746552856163736 1
11.691353920332231 3.403025315937781 0
2.835000279158976 -7.241472459805462 0
12.480640230551153 0.1327080235526704 0
-6.247926643488807 2.220399231475847 2
2.775080760200301 -3.038171390196768 0
-1.518221635165254 -4.292120412743404 1
0.4064195126456326 1.5214247200946809 2
-8.616905152258006 5.491658356268478 2
1.2363796150866677 -4.024542900356889 1
-3.3751624587843185 -10.342997956077205 1
3.279850511481247 3.8685164529382297 0
0.09685696792504946 -10.894169867112847 1
11.707575848010103 -4.9493060482673625 0
10.4420688540474 5.164387219581339 0
-3.869057647431921 9.758178361452423 2
11.656636062010028 -5.016903421178381 0
-2.075392547449226 -10.724479738761945 1
-5.5197581583620074 4.489116958621218 2
-1.649946198844379 -4.405397552462741 1
3.5517166798810034 -6.429654404158497 0
-5.206947676239972 -1.647557185839738 1
-7.6293648331791974 7.033893033206185 2
9.36467937111169 -3.162982324253652 0
10.896236931531616 4.098368309305147 0
-7.910963124110493 6.110411560284842 2
-7.814676245974476 -5.11060328212956 1
7.023685884084785 6.117491464185706 0
-8.882180971078478 4.045145163241109 2
-11.379530108781324 -3.917466002811887 1
9.748993397739747 -8.691785969793743 0
-6.047891727717191 2.5959021122718497 2
-9.88464853387008 0.6255529913781303 1
-10.243635679828587 8.167879712639307 2
-7.211116062209703 7.294958421266745 2
3.468109147598646 -6.3368512094533305 0
-9.038132129596184 4.905583354461518 2
-3.319735231015052 -0.24419486500632845 1
-5.7220141123897506 -9.320823166439606 1
-1.3016907175779222 -4.720990532958238 1
-1.5244601495485237 4.22020128364276 2
-9.516178753584713 2.0633951094795457 2
6.6863290194820575 -12.055144684719139 0
6.362244447032606 -7.941721847531442 0
2.0985001157801944 10.768165736204224 2
12.183031843345661 -4.077616893575511 0
7.171943696754272 -7.534831967708699 0
-12.024358668717188 -1.3870556473178457 1
-3.4056611502956606 -7.6239811348317374 1
4.957737932252241 7.447187512014985 2
1.1369753304746877 10.840935209603389 2
-11.759131069398492 -2.9015294063537693 1
-2.212261682085734 7.106153417192962 2
9.788873187554682 6.251368256147835 0
10.403759405271305 5.565207463714254 0
0.8264229701673559 4.644805469419486 2
-0.4320363898820123 -10.720278185911871 1
-11.986529541316854 -0.7851320502205732 1
-8.971071164989297 9.535378789910732 2
-7.703037826645459 6.147022610611917 2
-0.136038839970351 1.0136306991250783 2
-5.097404398732078 -7.243216423487541 1
2.267677876360225 -10.581467908573917 1
8.78851329355461 -4.997292217823462 0
-5.5086545393553665 -1.3483954689406485 1
-12.482899416276691 0.1952192085700774 1
-11.276539357954546 -3.496385804284121 1
-8.923811369816278 -7.361039630297198 1
-10.471585027261488 8.144322494641752 2
-11.729329717458793 4.504264354191232 2
11.937501596970906 -4.7600649141024025 0
-3.9300121805602894 9.885798698489724 2
1.1213747905339269 11.02362597958393 2
0.7257127427720063 -10.661469458188167 1
-8.434568151513426 5.784192943693375 2
-6.017959717851348 -9.300027019868779 1
10.641894469389998 5.176496071483709 0
-12.232200454381164 2.3770087839837455 2
-8.135936547319032 6.195772096977661 2
-7.237418401201318 11.2423137615959 2
-3.6132050084101253 6.3969585259151325 2
6.147126719561312 -2.280692291942326 0
2.7742390170826035 4.4131016861920465 2
-4.9918565858292965 -7.124319193769184 1
3.247940922444548 0.25242177555154566 0
5.37445043187307 -8.906345014148956 0
-3.166873344199394 6.677643693043173 2
9.087701782759407 7.0722893719868285 0
8.461937663408683 -5.785175077822369 0
-1.68342723696616 -10.870690051671806 1
10.822637507286114 4.383340876552841 0
-12.063319768919019 -0.8558685653846604 1
-10.205376416906578 -5.949255836321741 1
-0.6887959214820869 -10.969679047651217 1
3.9692642969082863 7.663728951863325 2
5.6303687959160085 1.8569258657548022 0
1.9371977040710395 7.90757249188949 2
6.093552751925451 -0.5668615466312665 0
-3.473967088750459 1.3280180614052686 2
-12.42986494027978 1.9979412284736577 2
2.4352769446599867 -10.409189653644734 1
-10.249673772932223 7.954898158449699 2
1.3079256603679659 -10.793534612313184 1
-5.520237428000628 -6.8281238147287535 1
10.458757555553916 5.15425268742825 0
9.879015610942428 -0.9945623776570071 0
-1.6557073642346856 -4.671856600172643 1
-12.276375222193195 2.0054459893738743 2
4.3103243221995005 3.1534648636970672 0
-6.362244447032606 7.941721847531442 2
-1.2794959659193306 -10.788199042356256 1
-1.7326292421652463 10.56423179591908 2
-7.954786216528163 -4.776402263497077 1
-3.5086966388068954 0.8127238748602271 2
1.0147667529924091 2.2427105313647933 2
-3.0769376613859922 6.5631611009997695 2
11.3726956793617 -5.479467316110369 0
-0.24361026960421406 4.315405162600607 2
0.26020033039972384 -4.538365558089494 1
-2.8062400528638474 6.952094353030781 2
2.3623479441890685 8.082035494209455 2
8.138747954233118 -6.212119255939492 0
9.520018798070597 1.6837064185228627 0
0.01820828939489766 -1.5141358037149322 1
-5.904754743218541 -0.11637582357857357 1
-9.147851479662446 9.543682915312326 2
9.534890322853478 -1.0062414188359228 0
-5.408222005252795 4.134817825549361 2
-5.309450830896294 4.222059295907901 2
-9.55991774061933 -6.458276058337558 1
-11.76387389807848 -2.869245480719402 1
-7.7280753079351685 6.96915106385606 2
-9.347464173519406 -2.2963094083860867 1
10.700990476761385 5.079570727659309 0
-6.890035147335209 11.59479696772837 2
-10.325725990677842 7.950811384747515 2
-1.8618037257483422 -1.7487935243551964 1
9.541108879202042 -1.1449380720890021 0
7.542004889083334 -6.569110507745904 0
-12.004250266133457 2.7746643501502026 2
-0.108119811014841 4.638631612131387 2
-12.309834189519316 1.038399922830489 1
11.86965693027205 -4.09844462162731 0
11.71937859132167 -5.736895893248121 0
7.585845521437698 5.2469711267405845 0
-5.8241495297196275 -0.917760063437602 1
-8.787200047967286 -3.4193212028586695 1
10.210854428838221 5.876967237719568 0
-6.908711216066716 -5.736877162120536 1
-11.413027746143328 6.323649256628852 2
-2.7967035713582415 -10.322421930544616 1
0.22639397678176615 10.600608654700434 2
11.563218963230081 -5.375610110235445 0
9.259738682848504 -3.2657461343383782 0
2.7093159244518086 -7.127138438604281 0
3.0962332674231305 -10.319420116952685 1
7.271299026941571 5.534519089867447 0
4.934651369511657 1.9423727977116803 0
6.2424955319132165 -2.1624326003561007 0
-3.5593901995347905 6.582840046258663 2
-1.8173664862240573 -10.911202203708344 1
4.627288180443648 -5.352885318293567 0
-11.885851405834737 5.459581936140452 2
4.596109581321622 7.605881803121541 2
2.563989098149538 -10.221843995652383 1
1.1735122923474552 -10.719629277263754 1
6.802298017976868 -7.425340031815288 0
2.582310137626195 4.487156906982247 2
-1.5862762448733494 7.508907323023018 2
8.037744261561183 -10.881761744306221 0
9.009228508429327 2.8480483181973315 0
0.8099769414462513 2.074398775719404 2
-4.3601788864429905 5.958791774521161 2
-6.505120358206606 -9.291458776669637 1
-11.487167178844556 -3.3589296152055974 1
-2.6001607375316365 2.94587303953979 2
3.1084972834523925 0.6848572829890235 0
2.5505094562844866 -3.255501113680033 0
7.608674389679854 4.957980688750506 0
-2.713065796702791 3.206445631874028 2
1.9041944566968985 -10.242998788098504 1
5.500403134537673 6.908814737832891 0
-8.381659256978645 5.609422254492526 2
-11.862288689325165 4.350049578080316 2
-2.9177079659343548 -7.951292126395783 1
-0.6286075089302808 10.727439120256111 2
-3.6820882446222676 -10.635348592917993 1
0.4589749266274813 -10.621491825042801 1
-3.8224354670366467 6.42138606796852 2
-5.018209255221399 -9.717734599869722 1
2.5374512891625134 7.861754734553018 2
8.605262714525429 4.100319332722462 0
-3.6231501285197414 0.5685186907314546 2
3.226051229590937 3.7770970491108073 0
2.589557875553572 4.257084167027064 2
-12.582975777767205 0.8159616855768757 1
-5.724346541399774 3.6789531188776343 2
5.836456883554014 -2.3326281682219623 0
5.420031837400691 7.066354120859783 0
-8.318012421843543 -4.620508813889142 1
-8.365201025900827 10.379567127562272 2
-2.381279116212168 7.39936784568669 2
8.392909652706788 3.9541195606495787 0
10.214173695443234 -8.027360978527218 0
12.35072309273641 0.6184809158682211 0
-6.867604421521206 -6.0725345423930905 1
-3.477514222069171 9.6979703936563 2
-9.669564937397467 9.466773008607243 2
-2.3593934152725895 7.329820763206746 2
9.299042284278531 -9.149680658888208 0
9.100165996295075 3.1778014690154968 0
-12.401545838218873 0.7329839905816603 1
10.86117667400455 4.49823690648157 0
2.5641491919888915 3.956871691884931 2
2.691569301604453 -2.9797035108109995 0
8.372326639945133 -5.327502857050992 0
-2.8677499295294453 -1.1184498736963226 1
1.3712948697127079 -7.978573798044709 1
-6.003650134680983 0.6616493522319837 1
12.174617947881144 0.9402808128713922 0
12.446752423664902 -2.972438919427664 0
-6.112818319191643 0.1720115227848953 1
6.607021108509469 -7.795140372401274 0
-0.42229819053773754 -7.880020306965929 1
6.701486992930951 -12.077006173327666 0
5.795769837757829 9.791789150061637 2
-10.830023063615426 -4.5324785393809615 1
-5.706522358356 -0.1337537030101827 1
3.3589715150712967 -9.867819523781268 1
5.184497853197245 1.9495381065455781 0
-2.922060247585226 2.409245096368942 2
-2.9452568940180957 2.3700665134857535 2
-9.427351998530662 -6.713051766879331 1
-1.3433319399027808 -10.99806660624939 1
11.961861483282577 0.8878008498624883 0
-5.487373049308678 -9.599158251252588 1
-9.0527259659403 3.8618109888441303 2
7.187575222568611 8.564053083140506 0
-0.45777339256572197 -4.3376645522334725 1
4.645110969805242 2.528216989390738 0
3.461450109677905 0.5498209890116477 0
-4.2385975654401715 5.677317143455965 2
-9.630078866094406 -1.121659509627903 1
3.8976749200768013 -9.589325659234845 0
9.385063140850958 -2.8287043728438452 0
5.319019953187158 9.995590924156648 2
-9.000399693137878 -2.7452000241534558 1
-11.018180678136977 -4.238053066414921 1
-10.66400363102814 -5.245256473319403 1
-2.342724517373976 -8.319777337392894 1
4.497559461401227 -5.732537849652837 0
6.117430426748613 -0.5461974834561512 0
7.492321586322178 -6.703616836589041 0
2.46344681375468 10.687355585745978 2
-4.817896564819437 5.004217818269667 2
4.944891903149772 9.636093856714847 2
5.918349240289463 -1.933742595389282 0
-5.615596007081673 8.519870657182329 2
-2.8478208277938584 -7.8916108058035785 1
9.600246653664923 0.451480887395969 0
9.01817762959793 -10.154023231876883 0
2.9645367152609734 0.833332858469541 0
12.210007527630687 -0.8251196578485024 0
-8.20047401500925 -4.277547880431799 1
-9.188863363744222 -6.979000397428983 1
-11.471775453040143 -3.8213367645996237 1
2.6927794407767847 -2.9910768654985667 0
2.112101032452275 4.500764972403331 2
3.077402761508681 1.32849456746308 0
9.226060620783704 1.8046658320002185 0
-12.024271045165897 -2.601210700785251 1
5.18755435752813 2.0045869492881203 0
8.727924614327334 7.195286379645018 0
-2.6337968711914193 3.191794363292973 2
1.6548110946276187 -3.9423395915797665 0
-1.7013630966316056 10.525701893961495 2
-1.3461162852734432 -7.914753610443043 1
7.56544919804818 -11.139703927839504 0
3.943713774583959 -5.7142017145772535 0
-10.381358936841279 7.643431780046592 2
9.785077318229535 6.282071618134517 0
1.7013630966316056 -10.525701893961495 1
-10.2377540435076 -5.8113061121909695 1
2.9439806583500427 -3.1790749810454955 0
-12.183031843345661 4.077616893575511 2
10.172186446421783 -8.063967697940203 0
2.5483601897982524 4.119858849474593 2
9.125433027447976 -9.928319641404576 0
-6.523194711239035 7.898264856824749 2
-1.2129443899579584 -4.746321542727199 1
-2.211846919221666 -1.7310510626392408 1
-3.3416524464932866 1.0666285514501488 2
6.505120358206606 9.291458776669637 0
-1.4905168999491551 -10.734100403393384 1
-4.572259282161137 9.60010993396137 2
7.7280753079351685 -6.96915106385606 0
6.050737579138745 -1.425414981568008 0
9.893237906973948 5.8428049433559055 0
0.16073132162822512 8.062270533286595 2
2.685555479107372 -2.878304512772936 0
-1.7308957337230524 3.7466891765038226 2
-8.055643087942647 -8.401116547638917 1
-8.075261651183135 10.840751127302973 2
11.456672989996882 3.368458141888259 0
-7.694544619110874 7.07085731699237 2
0.17078682472570433 10.63790026564161 2
2.9028334515802445 3.9404572778872287 0
9.162671669235586 2.856243831928991 0
9.38261381405048 2.253290966862846 0
-12.300317023331806 1.5894925696119484 2
1.651131703343085 -3.9748464134803574 0
-9.735132964332063 -1.0919227549995847 1
11.394016362704795 -6.261029115182152 0
2.546318868585324 1.8443687965220605 0
-8.594673860956549 4.712586142547374 2
-9.300636168448625 3.625004248320414 2
0.12249059520661731 1.702745088861477 2
9.736154084004953 -0.5855622374891646 0
-4.719355990041295 9.146041536157513 2
5.247876118408165 1.9122244865044342 0
-5.039713760535948 -9.927081540702908 1
-9.580877081732007 1.823416095813133 2
3.5905108872914635 -6.405823132279027 0
-3.1135171015741028 -3.8885220866992967 1
5.88337216762811 -3.7901592768284162 0
3.02288864953191 -2.052997303898925 0
5.243004080913439 -9.084971482964228 0
-3.4547412513414413 0.9996499759728725 2
6.390098457236815 9.332170057819313 0
11.878371843920911 1.039705465769029 0
5.423559759080665 1.38986523661358 0
11.400302595819403 -6.503694044699072 0
5.098351666325133 7.25021847132585 0
1.2682405781132173 1.9415182663534698 2
-12.215321631122256 -0.6782097872734388 1
1.0126492625533632 8.398421484660782 2
0.5375723650306092 1.811576969592707 2
-3.6461769551268723 -7.746575817877285 1
11.49843783457952 -5.379752895133464 0
8.477842317763452 -10.090458739091053 0
-3.6943736811136 0.3618372923668323 1
11.773725583675123 2.7282039826780187 0
-6.7952013680544265 11.781063256807041 2
-7.183998461811085 -5.373558195258039 1
-1.1724984701242933 -10.522832955242935 1
-3.06158804624441 2.2374147868740923 2
-9.518019069796209 -6.725867920688623 1
9.086494455962617 3.2563785642197294 0
-2.0857432594278182 10.370828139190598 2
9.260317934878994 7.040718129990918 0
-4.23224141972593 5.948350186606644 2
3.6472046029734213 8.027806269372999 2
-3.015698240941581 -10.540459761409108 1
-0.15312630777206104 -7.974480009077864 1
-5.471252223036098 -7.019995945149734 1
-9.912603420957337 9.346335191921224 2
3.4878160958038946 3.60498145522256 0
7.550063646827389 -11.430319013170035 0
11.176714843770165 -6.09188436114454 0
-4.44137026505029 -3.1147497016755943 1
5.06273859515056 -9.373813958449837 0
-4.363919458891252 5.764465573523182 2
8.89143860120009 -4.401894199809906 0
3.7422510836757024 -1.2323184373394775 0
5.046648163422128 6.928566368172162 0
-5.4222006534024105 -9.938316674806874 1
-1.6599791709112905 -4.409553114220015 1
-11.885083233178214 4.590675281852019 2
5.250240944217024 -4.974296970821581 0
4.34568358828478 7.463755935583822 2
-2.395898732474613 -10.785759807763595 1
-5.893743063118201 0.5637313603520173 1
-0.09368904065539246 -1.6495124316628735 1
7.785954106304534 4.828522144522954 0
-6.956502611975696 -8.638032652400305 1
6.582666794889179 6.151385842379077 0
6.523194711239035 -7.898264856824749 0
0.35215782239524357 -10.945510920408651 1
10.331534345338747 5.958292166104861 0
-11.712790958542085 4.228546433894591 2
0.25761501684865534 -1.5369903425570595 1
-0.43313148535674856 -1.8962251663168082 1
3.1883003267816212 -2.4758072901680355 0
8.622192947436428 -5.1065977179124555 0
-1.569805406190359 10.47140407427901 2
-2.312615934748342 3.1653294626006896 2
-1.271323642132287 -11.001066431353227 1
-12.154190449284783 3.779126420427363 2
12.048012720049734 -3.655046877432242 0
2.7005449588180905 1.36356037493508 0
-5.802945415323819 -1.1851553026512796 1
-1.3811887939533447 -8.046458388330256 1
-8.655842566570179 -3.795469038178183 1
4.241679778498934 3.1849768512355867 0
-12.267997281518264 0.32958566769508496 1
-9.277254733657323 -2.6966399128970635 1
1.7897832137100853 2.0755239962040544 0
6.077958939802245 -2.528365588570212 0
-0.8800319858123373 -4.385203371306533 1
-5.92688008853387 -9.413530241690209 1
12.569706470803599 -1.739853878898086 0
-8.202057570109202 6.101813565469427 2
0.6887959214820869 10.969679047651217 2
-3.693267400420014 9.67483271363339 2
-11.955277926886254 -2.186741480027462 1
8.592880509696739 3.9195826422912208 0
7.913564814125475 -6.138040019058048 0
-2.299199375879923 10.358436854940244 2
7.996484203346833 8.456316878519207 0
-2.960315146179813 -1.087820948753535 1
-7.998357384677321 -4.727733889070783 1
11.997016924860958 -4.216031321572606 0
3.693267400420014 -9.67483271363339 0
6.024758217782432 0.3579591913659446 0
3.122636115365313 -2.0161939450124673 0
8.616905152258006 -5.491658356268478 0
-5.884971369339163 1.4620728607760283 2
-10.83624551501416 -4.775885181070942 1
-6.16989667905218 2.484498050642658 2
10.704789894175478 -7.748033490705892 0
5.783129239440349 -0.03207045813736359 0
-2.9306195851646866 -10.648130516952223 1
-9.627414048849582 0.09589600205168347 1
4.165670685322016 10.148569543073974 2
3.5086966388068954 -0.8127238748602271 0
-2.2259091776396396 -1.8677113652512651 1
-3.315175466040986 -10.239549988426313 1
-1.921522185778071 -8.27591800541458 1
-3.8976749200768013 9.589325659234845 2
2.0930731928053636 -7.352681338975133 1
-2.957074737936947 -7.792231080940369 1
-6.0295577745964115 0.19366771119641463 1
8.54419263970156 7.569031201330112 0
9.245855410587895 -9.882909782173911 0
12.290888080972708 -2.596501992597939 0
5.254801696919641 -4.251844692241721 0
7.61564988827779 -7.101350792251201 0
-8.582748119489672 -4.0466765641391325 1
-4.012039396337094 -7.893218579313472 1
-7.622708187881206 11.592437579090214 2
-0.37498984743548797 -2.056408493837326 1
-7.395901909296991 7.029260383501532 2
11.854458295358262 2.4420685541485563 0
9.044157723493253 2.228773449501902 0
-2.2857672966506306 10.331643076507508 2
0.10946591673858014 4.760873230495447 2
4.741766029442466 2.653524878493306 0
-1.3041661080430318 10.459380664374004 2
-2.126646076075352 3.4030272909687893 2
-4.872890493115379 -10.088715836254925 1
3.0831443745996436 0.5820998019659382 0
-6.388405625996434 8.064501770006869 2
3.316288452212476 0.15414140492201817 0
10.735764941406838 -7.86209527179518 0
3.4421481993022303 7.92251426789155 2
-1.6481519021168138 -8.343611743426903 1
-3.495438538841682 6.336774587038293 2
5.630969630464537 7.054613443094078 0
7.233347787815314 9.109386208661267 0
6.763331002523888 9.352809601860093 0
9.293941385773016 7.2150067769704 0
-12.569706470803599 1.739853878898086 2
8.092029063619604 7.867982654074337 0
0.22898852359063537 -10.698310854603188 1
9.149287517519824 1.6289627245641949 0
9.556232846296943 -1.5886833768768942 0
6.5721954920014065 -12.133819934178566 0
-4.997542331711242 4.885592332909609 2
1.5473579756741325 -10.275053885422457 1
9.834509609961398 -0.4903505075555973 0
-10.466974242059866 7.830260207923919 2
7.842514562764402 5.284883950768722 0
8.19317364920062 -10.808136647850146 0
-8.317125628122055 5.977629405472513 2
-12.118591714504513 -1.436828690171363 1
-10.460372202333104 7.7737170435359655 2
-6.147126719561312 2.280692291942326 2
-9.934757523281572 -5.949234109412229 1
3.435289156424111 0.5879942858106085 0
8.074769322539982 -6.295531853686451 0
1.7298273177406722 -3.6793621649263675 0
8.585806664765313 7.588190636339131 0
-2.912561214784031 9.944616443391622 2
2.9242544803563795 -2.980014760713672 0
-1.1387785808608446 7.855212466985963 2
4.186083525097186 3.5312160529464176 0
9.847898444412326 6.147475556323828 0
-9.571422440869577 2.613045425824949 2
-3.3197422963686702 -3.5381463958189494 1
9.83147255088372 -9.138574112053497 0
-8.872121521676416 4.821596251911114 2
2.727629382707672 1.2154929383267006 0
-2.6601608573747932 7.046670852808787 2
12.589673479829308 -0.6563024745336253 0
-4.156897822292034 9.40218239560823 2
-4.34038036303127 5.741994886584223 2
5.503608453752773 6.8546359590988475 0
0.6239533374554112 -10.837837362998158 1
11.269954642478961 -6.178539309053599 0
0.23807567103826377 4.753211557078952 2
9.471404986446558 1.6655936376467133 0
-6.390098457236815 -9.332170057819313 1
-10.663247593544908 -4.9886723669882045 1
-4.838341284343348 9.483184109960632 2
-5.996016603397218 3.0184307781186277 2
6.054098283316242 -0.30991530434239406 0
6.576743679385125 9.006570201038095 0
-3.209561867561956 -7.798677700143495 1
-6.8330354544029035 -9.127211231762569 1
-5.2544533321310665 -1.930086813177804 1
-2.892954297188602 9.944690005258012 2
6.687591165161098 -11.576576175469665 0
2.00359967588141 -3.777631612195778 0
0.0535778597236502 4.679851913982642 2
0.002005065240338569 -4.641674389416975 1
-1.6322987683821624 3.6388446703720105 2
5.085876459764554 7.413065584576518 0
2.837644667070849 -6.9306670650819715 0
2.241095841294852 1.8915422096115273 0
8.808132388311167 -5.109179009809736 0
-10.727285540481988 -4.94630383871146 1
11.84135538661799 2.8078685621881334 0
-10.550838333162218 8.055407151359876 2
-3.429508468991853 -3.7278319387107324 1
-8.675262733293863 -3.3130798034281006 1
-11.437024023426282 6.626270094316887 2
-7.72493847484571 6.395715856721393 2
5.727683577790091 0.473403209238572 0
-0.6280667903355056 -8.096689577624304 1
3.9588203849675327 7.788805149540919 2
-0.5628592971525178 -8.321778552557655 1
9.316625168984682 6.617176040976162 0
1.522242501468794 -10.58308600949259 1
-12.383521435892062 1.7544591521552397 2
0.4925038183838768 8.060156380356709 2
5.70891801832431 -2.9639240652960592 0
2.3373405410951302 -3.5079845978643545 0
-10.834486784377681 6.874177251245276 2
-5.8854681323039895 -9.60969845204137 1
5.393239834059099 1.7515464103858078 0
12.34316050225835 1.0111583840490352 0
0.0022970717817066832 1.4959275537541021 2
-3.3297684942791292 2.1959444848445617 2
5.847648327982619 -2.937655667258859 0
-2.358096550023082 -8.160849494971634 1
2.999661570789777 8.00967264387598 2
-8.038340123800447 -4.890481871429815 1
-9.0218844669714 4.731335284422962 2
-11.782181544639183 -2.6100401929735497 1
-9.218693152744535 -1.5139544788564665 1
10.771304240865552 4.524894226364113 0
-2.1487410403081544 3.6616388952744874 2
-6.210789730725429 0.7520858223709899 2
9.501173321090263 -3.2365903321382437 0
-1.1870586398746767 -1.9793146180133494 1
5.673644879161789 1.1252281130179487 0
-9.069238929713302 -3.1026012545131665 1
5.314685587986826 7.387300382713259 0
-2.8041170638272566 -3.974136650461555 1
3.7722420443175606 10.313492281095964 2
6.1335465765645 -1.7733179822456486 0
5.856493223194841 9.763045460012208 2
-3.268246284964745 9.871763820477655 2
3.63864021271906 10.239903102113558 2
5.763308141131107 -8.451543562013667 0
5.893743063118201 -0.5637313603520173 0
4.552122052934336 -5.970741068344308 0
-9.662887076428255 1.3517601651360522 2
9.904685082612271 5.909245640481671 0
0.9462071963933059 10.852465725399076 2
5.800049307281844 -3.3097755424219617 0
-4.663012508715657 -2.7392715966050245 1
-8.047298951266798 6.357728532568833 2
-9.396742229804632 3.940756719439169 2
-10.833868891760204 6.703003337432038 2
-3.7239982932293785 1.4778197199607763 2
12.278269668795733 1.3310090270214254 0
5.574094323313703 -3.573732942221165 0
5.9002382307377275 -1.5346608328777451 0
-11.149627229954152 -4.106549445033115 1
-0.8223906826646414 -1.7814436226179673 1
10.834486784377681 -6.874177251245276 0
-9.56432459484486 3.453529763210338 2
2.0139082811756976 10.638842940392488 2
9.295274388283843 6.967347076590734 0
-11.712651529997771 -3.1956922676378348 1
-4.950346557108415 -9.724488843344485 1
9.470470877889964 -3.5578766025264272 0
-7.659713663515906 6.8185225708537605 2
11.944261865781552 1.2504725003239525 0
-10.630958477901244 7.294037587539081 2
1.2705855237183767 10.669043232839018 2
-3.322773279709361 -0.5130152212830426 1
-3.1230307872691108 -7.962585139406146 1
1.6981002485667067 4.634986467581527 2
5.374895640012234 -3.6152874009575915 0
1.7937809744333775 -7.835597239506358 1
-2.770272255648601 -4.043586607661213 1
3.1812305322258987 0.6097730726605429 0
-0.9756937319083387 10.60437052700227 2
-4.303180843711837 -7.693497216955162 1
-2.936053229822467 -10.549959898889444 1
-3.7074625209735412 6.142720340144869 2
9.955922796571308 6.136830048889479 0
-8.527703611684895 -4.062783469122052 1
-6.894271370195468 -8.658419120700692 1
-6.620902722183704 11.72977447427249 2
3.5419632700620296 -0.14401707629184884 0
5.366298859896329 1.7212535537019784 0
-9.195959078330702 3.965225791112795 2
12.556837471440772 -1.8159262153101703 0
12.215321631122256 0.6782097872734388 0
5.206947676239972 1.647557185839738 0
6.0632995112275365 6.622503221872069 0
-2.874373186346686 -1.2587261089026438 1
-6.137970966667207 -6.2565965354297175 1
1.4979337535758979 -4.053345273484491 1
11.288951315942164 4.193906249149307 0
6.180176312751775 6.439959592194301 0
-0.21665247077833855 8.072200584395334 2
-4.972878824360853 4.4368672191473 2
5.066304933252387 7.144044818906406 0
-11.262217209152688 6.2212778539278855 2
-5.985136576606127 0.7567089655759309 2
9.881532756051735 -0.9070744918880659 0
-0.009430555264400342 -4.72913386027909 1
1.357361439415941 2.252520997665262 2
0.7211454294323498 1.7896639035298796 2
9.109372604827312 2.2050973965142067 0
11.970757775712615 2.113108313240923 0
12.209898109363547 0.4389191090156158 0
-6.6905340316791495 -9.192421015699884 1
-1.8349624710767314 -4.249942327903674 1
-1.8305609673425656 -4.238606245074473 1
1.4905168999491551 10.734100403393384 2
-2.9719690797416476 -0.8240689208233549 1
2.3955685510454323 8.04090793695686 2
-7.714278443218282 6.802247694904979 2
5.863999347006735 -3.0436870696077225 0
-9.638657389939056 -1.3145071082824749 1
10.141023824583 5.732543044620972 0
-8.835770214360421 4.323546979951499 2
2.780435382661606 -2.4092508563029162 0
0.4001040772830758 4.776892871553393 2
-5.739994269456687 8.351362749810015 2
-2.017506585229122 7.663117797081909 2
7.647227959208881 -6.48464733661383 0
4.106063954542045 3.019422357718904 0
-5.215502490221525 8.969134649099734 2
-9.556232846296943 1.5886833768768942 2
-5.264787875926604 -1.6252967341450544 1
1.8525763995026008 4.296243436186951 2
5.021355872135686 -4.434634005151085 0
-6.156639102997898 1.2005633404306721 2
0.9961991410214486 4.66133692684729 2
-1.3742843516601173 3.787861639471441 2
12.145547220307645 -3.1499984809757984 0
-5.027661888738242 -10.056267952600106 1
-12.19231051449804 2.6321886360563402 2
-4.242735114572139 -2.9979845119529474 1
3.3610409953165483 -9.949993962848573 1
-5.257334662028062 8.905315745177594 2
-5.097294457111902 9.208560350397835 2
1.6918328075632734 8.206862098254037 2
5.177245920597683 1.8209480671722034 0
-10.156665216946939 8.370950864219092 2
-5.2564008225781 8.857154894327003 2
-3.356413575709208 2.138390762829543 2
-5.968105027728953 0.1919800412497552 1
9.24177098467774 -9.5650292578673 0
-9.095848668015527 4.33044280432491 2
-2.4379739625546177 3.610709550334675 2
0.03243479497967462 8.036529777254092 2
7.657635314513733 5.125700863318545 0
-8.310704113305826 -4.18564708541907 1
-10.687623893829006 -5.320434022717837 1
4.593946267358502 -9.52648946214585 0
2.0481604567277287 -7.262419339355798 1
9.514344608594472 1.699305961375007 0
11.863481280705113 -5.1881817840855655 0
3.542344123353141 7.956111579030963 2
-5.8632292584267445 -0.1561621730989901 1
9.743665813813207 -1.7081868148154933 0
7.489691323223952 -11.536964131748746 0
6.849774121480058 -11.630084770798522 0
3.9840749515060194 -6.0374843129391955 0
-6.0372563130550025 2.382148515420848 2
-3.499915164755367 -10.536616943227093 1
-5.959006094003495 -6.52852113005864 1
-12.101387203572926 4.69676282999507 2
-5.955594763453804 3.322899603939819 2
2.1753318097529504 10.530649016421286 2
5.335351070867769 1.6823738680038947 0
2.8152074118714605 -2.527843367733428 0
11.535597832315306 -5.7436861930781715 0
4.405841249326798 -9.303643684444044 0
-12.070847653380044 -0.2340298920443406 1
-3.665961524946392 9.749974269967252 2
5.742393143319071 0.2272077806403533 0
3.3919010206031674 7.97912341751156 2
2.5385603825764984 1.6249846627684634 0
-3.9842239285621996 -3.127074610185753 1
-7.5913350192017015 -4.767802126241715 1
11.958270206717554 1.7549143859112668 0
0.48809479232998876 -0.46514119374258506 0
-12.409972486980154 2.520247662763698 2
3.559645643785319 -1.7026090545306087 0
-11.902069360074453 -2.6759847364502587 1
-9.253051716568022 9.274347377292678 2
2.5963540484975995 -7.016057014927739 0
-9.099485132847981 -2.339525671368344 1
7.05435219188534 6.183713821660508 0
-7.535102961053713 -8.630806475464984 1
-5.243004080913439 9.084971482964228 2
2.682504063994412 -2.988561016536516 0
1.2194450364514426 -7.64842597377628 1
3.2760656959097023 0.9358568581859164 0
-8.459063175276416 10.478576330902188 2
1.00429441758793 -4.402372421504013 1
1.8145194349463234 4.646341471703493 2
-5.819620961919112 -9.552107433008722 1
-2.809296913852485 -1.393862649431747 1
3.5267446990981917 -9.962565711795957 0
-4.9920576174526445 -2.274054324175283 1
9.715249002752195 6.1271690191965975 0
12.094148852049456 0.6319254806642364 0
10.20376297556582 -8.732926745240025 0
3.005174672438609 -2.5936599527722404 0
4.791868893787095 2.470167960736358 0
-8.635385035033392 -7.320359243914721 1
-10.022253665266353 8.277134895448686 2
7.273410754690861 -7.539520223313107 0
-4.236954720054628 -3.5426893997766093 1
-5.738027095598418 -9.677686755444414 1
6.1068767301596605 -8.377051338152713 0
-9.548690982257558 -0.037756828701481504 1
9.55932794742477 -2.79325009343646 0
-1.3006225792796067 4.370874101323002 2
-8.243935552518234 -7.586902583412595 1
-1.6937527280359146 -8.234404302794632 1
-8.409846709281013 5.757281109051322 2
-11.155074085382351 7.021839197709376 2
-12.290810618636394 0.14035982035675132 1
-5.3899926230512945 4.748549994212947 2
5.3730802015890875 -4.603893724734897 0
5.637882211828152 -8.432881509367352 0
12.252049272468996 -3.2739592603745478 0
4.670022299383738 9.881298011879515 2
11.345482131043086 3.953885524524057 0
-9.079970714394767 10.169162377284682 2
2.033748033612058 2.0100071434987266 0
12.044158224579721 -2.89206592306068 0
-9.867343326473511 1.6444745611867855 2
0.8223906826646414 1.7814436226179673 2
-9.864882863349731 -0.030896663514755007 1
8.583557160929967 -5.628437583036865 0
-0.19803701309431637 10.796114355906731 2
8.887881644655575 2.92475180737613 0
8.02327291434446 4.381167710553415 0
-1.1021607561682798 -2.2859433159608162 1
9.28444266774701 2.6445331712504947 0
11.388701417175424 -6.337240486408911 0
7.860162100336587 7.980117743015673 0
-4.263890876486587 -10.428214504255987 1
-12.47138676729871 0.5134259126722649 1
-5.942396827535652 8.845273463104869 2
12.213464278338403 -3.2374686280920133 0
11.351041387755348 -6.31629090118214 0
-6.240321537979406 -6.457755719928025 1
-2.0565792001702583 10.469269444957902 2
1.1946023050991523 8.064057331594817 2
9.587213846344962 1.1856124969714406 0
3.199497669115362 1.0869012029826386 0
7.016366998323019 8.815534229579406 0
4.748929700206632 9.849366214597053 2
-7.118093815275589 7.615093149587943 2
9.323742726050863 2.906736687104244 0
9.581436141135901 -9.353481885432975 0
-2.52833995851531 7.290929710111558 2
-9.886580106030186 8.833829804305815 2
6.021270899882685 -8.53508322801992 0
6.245215810268864 -1.266755832916017 0
11.384969925237602 3.8580543837986414 0
-0.8411546950954623 -8.319304094138003 1
0.025227122990860384 1.1408205816414485 2
-12.513126408466626 2.341566137281541 2
11.00425039672971 4.742110148384218 0
0.36275135233416755 -0.9033747195430721 1
-0.4029054069078744 1.0090955730484585 2
-6.36705010577437 8.134164328432092 2
3.062538721573816 7.838334981968677 2
-3.7770712956701233 9.889787981005986 2
11.521044066904372 -5.811195966038403 0
-7.0084257484819625 -5.564390477259019 1
7.07236183650768 -7.065686922345406 0
-12.142810497774603 -1.2800506634082665 1
7.4230332235795 -7.221883438561552 0
12.017974501712121 2.3333644887038942 0
-2.2735854174778347 10.36926324231651 2
9.057064097082405 6.814127821218992 0
0.4476824051020663 -1.2054550755447937 1
1.9440421545015951 -3.8589155398489083 0
11.490110536291802 -5.695130226071681 0
-3.6013722800586296 6.169858579836683 2
11.596541058423968 2.6407938395603407 0
-9.162671669235586 -2.856243831928991 1
-6.065633851197548 1.4980366842987431 2
2.025654203148136 -3.9362551941194557 0
-3.5235896453384608 -7.636425650091849 1
11.765447396015867 -4.684725862981636 0
-8.280021911309195 10.780276870630663 2
-9.276320252669112 -1.5453545967633104 1
7.52703754744394 8.628753008137053 0
12.200405769510319 -3.341515751400821 0
-12.271536473476207 3.8786487577641027 2
-0.28279184555725523 1.2238926442263027 2
-6.180128712743084 -9.272859107040334 1
12.241889073251624 -3.7984832860470252 0
7.523722419100173 -6.910439948345475 0
-9.841614202453314 1.7941538209161552 2
-8.78851329355461 4.997292217823462 2
-5.462047642053385 4.458365569369374 2
-12.385660400167424 -0.24113163129672316 1
-9.944255558386164 8.671634934246436 2
11.687934985257193 3.3186734553569393 0
6.077951441527067 9.261905396393246 2
-9.805759213946692 8.796957404422507 2
5.890782245376741 -0.9821220280375144 0
-3.275559595655609 -10.310626194185549 1
8.181970958193064 -10.876437965622616 0
-0.25761501684865534 1.5369903425570595 2
-1.9302850909758411 -1.7738337469334529 1
5.879550304584195 0.0972401623731437 0
-6.20944683940301 2.228778509242473 2
-4.955198146286296 4.811387734746781 2
11.58020932426642 2.2224703307800735 0
-4.0276451085496 6.082051308404586 2
-12.226808959875521 0.3134041270738982 1
-12.021724369531078 4.204545734622936 2
-4.2114534364630805 5.67470289400049 2
9.936020959258041 -1.1973060952311811 0
-3.4668570912033023 0.19951242768743832 1
-11.328678235621664 -3.2832333844401678 1
8.591058977442614 -10.747844599898167 0
2.0549036501570255 -3.3035732332010532 0
-11.684171678292781 -2.2724810854340918 1
-10.00643298734341 9.056666837352456 2
3.0825214147197846 1.0718253768265322 0
5.911261283072452 0.19606438572974094 0
-3.2600185278213383 -7.8186368645448345 1
9.556183139726576 6.353423316809226 0
6.810712271917433 -11.734883671220965 0
5.495543473607536 -4.1666841771429475 0
3.2099401611577694 -2.3525193400780857 0
-2.867634394726642 10.260967285205668 2
-11.680246549987412 -2.0722379849702652 1
7.963591819898686 -6.345982196698059 0
3.610082006221752 -6.67554548470168 0
2.07710312458935 10.770888255901033 2
-2.3604025968526825 10.538602102925516 2
6.136441037276285 -8.492993625785118 0
-0.02068302255408888 10.98410356391183 2
5.8241495297196275 0.917760063437602 0
-4.131084316780868 -10.209223034817684 1
8.540668866018063 3.892022911468763 0
6.16989667905218 -2.484498050642658 0
-3.13102045717685 -0.38883339483173146 1
6.4832853380331965 -8.292487525804598 0
-7.4048412097261345 11.628378665101408 2
-6.65245154425908 12.11868903674727 2
-7.052437970583369 -9.005439332392456 1
-5.854619998785661 -0.6402473571632428 1
11.541786556511505 -5.447280866051847 0
2.871261298684181 -6.803843617439695 0
7.625718209862911 -11.199803477438259 0
4.03572660210002 -6.151759102788663 0
-9.700601414504392 3.0353573518841777 2
8.075261651183135 -10.840751127302973 0
2.52833995851531 -7.290929710111558 1
-5.902440179293845 3.343287977027774 2
3.265045862759287 10.465179236304204 2
-12.415576393348942 0.5110882228712804 1
3.744782134423984 -6.199024406233391 0
-4.587207337106572 9.342745047149595 2
0.380170088892536 -0.8781232821441622 1
-1.484611813219414 -4.4281522056996865 1
5.25324277506962 2.260123075174258 0
9.815696566234054 -8.915402703009798 0
-7.657635314513733 -5.125700863318545 1
-8.723208253309814 -3.22577110200566 1
-4.761962961224796 5.021568022332898 2
-9.183840619970278 9.775820612351714 2
2.933081644759074 -3.2078362188205 0
5.831167812871779 -2.2739611657856917 0
-1.422946635258279 -8.396081332689665 1
2.89114661184743 -6.973609600857706 0
-0.12175781060122876 -2.1008139765346 1
-7.4950873330228145 -8.336243290371693 1
9.77497461129604 -0.4285320049909411 0
3.526840314312827 0.16486186473214126 0
5.090306824176444 -9.053577205809495 0
6.158086836249563 -0.4559598413298511 0
-12.510309967852253 -0.14316937256754297 1
1.4171829803043234 -10.504523365570652 1
-9.655253227779387 -6.63939134496509 1
-2.6193661910923978 -10.822174200977617 1
7.338585017543037 5.622686025158185 0
-4.038923524383377 -3.436701674822563 1
-3.593800715220196 1.4576203109608945 2
-4.041224368585957 -3.2104767526791718 1
4.152067036812259 2.9940150709343696 0
-9.637441448875181 0.14383161821436224 1
-1.22884133713893 -4.562941893339935 1
7.664883454056164 4.880326222247052 0
-5.983649148156467 8.461766453959207 2
-12.499169859622802 1.4669710925665813 2
5.693899806346607 6.849415338874131 0
-9.142751728461059 -7.001455248124636 1
9.638410474859059 1.3151580355823211 0
6.134921983641727 -0.3001047961579657 0
7.333087695141039 -6.994245337091998 0
-9.314966702213756 -1.1867813044653088 1
0.40906827186432876 -1.510520764183645 1
-8.431333567097605 4.921647248874096 2
-11.839747666384016 3.8689487632262365 2
-8.13977215151461 -4.357143895176051 1
-6.754295753755362 -5.799313972666933 1
-5.876933043806092 1.1474913823723667 2
9.079993485081623 7.493010947897131 0
-6.202176714374394 -6.5955167028949475 1
0.21167898801065022 4.744607060860275 2
-3.508446177195864 0.7789094800520007 2
-9.322700383641353 -1.6621537812307035 1
5.479489804796653 6.957156662162607 0
-5.637882211828152 8.432881509367352 2
2.8697220065228293 -6.971786971633803 0
1.0507218088458035 4.52045964001525 2
-2.306580180196576 -1.6588958447327828 1
12.279516606852278 -3.2521236067379786 0
3.163059826041776 4.001455441180925 0
3.988046662904258 10.058183825753417 2
-3.024603257858325 -0.5844356347367828 1
7.189553635251282 -7.642976146567748 0
7.635936023973288 -11.291081627014929 0
-5.559969163929944 4.237997222874929 2
9.687050633327317 0.11370400534506953 0
-2.780435382661606 2.4092508563029162 2
-4.102184500393946 9.5543409021126 2
-2.212286323157952 -8.1855501012409 1
9.000399693137878 2.7452000241534558 0
9.632046821479216 -1.450873878069846 0
5.260718512224144 -8.814856880062507 0
-6.246843076258099 8.24211992466883 2
-12.554302973507442 1.938305613390509 2
8.970197210313653 2.1135849921988124 0
-5.755469835685368 -0.2753282789573572 1
0.8011979573533003 10.795717735336153 2
0.5004834701366363 -0.7008274596031064 0
0.7503489358795322 -4.633316197816119 1
-4.0494350050443995 -10.275211059913444 1
11.635489382344236 -5.919099731336263 0
-8.252768225324093 -7.869328101683568 1
-12.48446119442677 0.7780948548527771 1
-1.4979337535758979 4.053345273484491 2
-9.97903968854817 8.7250317624041 2
12.053391748361738 1.1057189114116976 0
-5.418066329515929 -7.18875780238529 1
-7.416355095773273 -8.396898579173419 1
3.867527989856685 -6.243351070735171 0
5.9853363537988695 -8.356594692671166 0
4.195389978372731 -6.197892122750374 0
-2.640101627439575 3.0336885702884198 2
-6.090126947730307 -6.631481969240565 1
8.732294636367676 3.1575038634019643 0
-5.1462670304004705 -2.141925638404896 1
3.646766306825707 -0.1698485112509916 0
-5.210926389615499 4.638871726164596 2
3.4437166429732535 -0.07865355046568889 0
-5.250658390834107 4.455317843846675 2
2.9380398205809044 -10.223943926339155 1
12.415576393348942 -0.5110882228712804 0
-11.716707408485682 -1.8790523575956168 1
4.378332245563575 -5.983432997756821 0
8.303443656830352 4.4911493954424335 0
4.269965390608392 7.589378690047305 2
3.1370254924711563 8.014985550591396 2
-0.3045150529741101 7.958507749156337 2
-5.087592023096123 9.034429069769168 2
12.113308920243393 0.24888997430560578 0
6.562517596178316 5.97807364164065 0
9.254061644022281 6.895187941858518 0
-2.840781897067106 -1.4351303591072944 1
2.202829552329051 -3.360947319147094 0
2.4076340199070354 4.1038735632280385 2
5.079617288814342 2.3453068419668015 0
3.1211960321958983 7.7131191538521096 2
1.725119216601399 7.905964132314891 2
-5.994730182452841 -0.5578157712555919 1
-1.4356037084379656 -2.1202749844637463 1
10.665521101820563 -7.756975319207408 0
-10.599304578800306 7.5063623398993276 2
-5.413858586290002 3.985542092358062 2
-3.2499019164938847 1.9144174776665017 2
-2.9028334515802445 -3.9404572778872287 1
-12.45890192413469 -0.06910084711147291 1
9.751969943285156 -2.727911017433272 0
-6.801184227398785 7.656416999079185 2
2.4398519011031934 8.070358503021357 2
1.0207957707418067 1.9330049537551686 2
-4.934651369511657 -1.9423727977116803 1
8.909076054916287 -4.680654067862332 0
-7.244931135442101 -9.06755077067756 1
-2.0826437914893043 -2.071080225244365 1
-3.9745630802881573 -7.828640284037618 1
2.0965950420096737 4.194017904286343 2
7.211116062209703 -7.294958421266745 0
3.1893605354281687 -1.488343914223617 0
3.483118267232838 10.590657486849915 2
-6.660822112415257 12.113388058166706 2
3.0688424725083636 -7.0101900200506755 0
4.500670550719502 -5.658451679944801 0
6.603634023031612 6.127920753704297 0
-11.455363606358837 -3.185277426080712 1
9.304541152271044 -2.419877869896271 0
-9.543201909906456 -6.836139412103792 1
-3.131593399108509 -7.947801546110658 1
8.219416347165714 -5.904831478737181 0
11.149627229954152 4.106549445033115 0
-7.3856535671815 7.054076369193198 2
-1.698622523531451 7.371834322665025 2
10.442916569247448 4.891113736065719 0
9.879638410704892 0.3512710652843162 0
11.3009710329027 -6.483646646988333 0
-2.534633342258248 -10.402478981997243 1
-10.159001642219955 8.312860968725927 2
-9.51416431600259 1.381170405822316 2
12.013207995088537 -4.472084347001846 0
-8.796176693888459 9.908366135473686 2
-0.13378941794104182 -8.184434669681727 1
-2.3276139163017837 -4.16551545208049 1
-10.468508349730387 -5.232335377934942 1
7.001177072650022 -7.364094330050364 0
10.990258287719001 -6.760778227100965 0
-10.870479138554284 -4.808581811724941 1
1.4871643870686335 -10.411609018999261 1
10.67418101586915 -7.890652842937359 0
5.711638132933662 6.684349404404018 0
-2.727629382707672 -1.2154929383267006 1
6.780438648185878 6.194701305754294 0
7.959871214534024 4.511205180097104 0
-8.757223601957977 4.313898552798987 2
-3.4914579997606117 -7.711144144061792 1
9.700530939469044 -2.237307681326728 0
0.5579676986102019 8.019470200916011 2
9.663229087666211 0.18076057560415498 0
-2.773458214247594 10.428896599024693 2
4.630859558675276 2.8679846251043597 0
2.2020257458920356 4.2761765921462285 2
-9.193151989867067 -1.686277300611764 1
-12.301361509928615 1.4656208897911738 2
-2.0070894821971517 -10.883415343758394 1
1.9943855566265265 -3.3317428010971204 0
9.311954344161304 -2.9933922758882447 0
-8.16313644228938 5.583361387503008 2
-6.871769512081329 -5.58720559661079 1
-5.596522584898995 -1.4734604304322976 1
-8.049232620350327 5.983475265660336 2
6.295317919295252 -1.606761310298941 0
-8.170221903034138 -4.648342599560776 1
2.2162442835720717 -3.187630843232823 0
-12.009431861943197 3.2884838507226473 2
3.751765603805199 10.229481555455894 2
-5.979206997549978 1.6845869850106443 2
4.140958081728275 -9.643525832259854 0
-8.114641576010829 10.483226167164345 2
1.5706423791827673 10.825392767289326 2
7.883960379403574 5.001854032307098 0
10.321752659848624 5.659798821179723 0
-6.384818875230159 -6.60893369130408 1
-7.535466179176589 10.983107020164956 2
-3.177470825576593 10.193069911763706 2
7.302106574471544 5.211918509832614 0
-8.249920685730991 -3.857284435258493 1
-9.736154084004953 0.5855622374891646 1
-9.839264466558078 9.058872080964301 2
3.145928324465276 -1.957690573584818 0
-5.991845361002546 2.1106798637879525 2
11.932136616330826 -4.585190925149406 0
0.8398665555505075 4.631933260570698 2
-11.405944534671175 5.337497853244793 2
-12.25790984806818 -0.003926836567578751 1
5.833186934299945 -2.501878556948556 0
3.341423179329612 -1.5722018814936913 0
-7.897059156120763 6.668338472723883 2
3.103043264288277 -2.241357512612208 0
6.047188188535188 -0.4448829709171014 0
6.336644429745346 -1.1468532605020985 0
3.3300448290342013 0.5062305478739465 0
2.8984748947979866 7.934853174184838 2
2.2505866810486777 4.54297866094162 2
-3.6571740732670066 -7.745281305652205 1
5.407744483684874 -9.194483262663342 0
-3.695169326591097 1.024106994673419 2
-1.8940054399608004 -4.6511468965453915 1
-8.008727297179837 -4.3229947900303864 1
-3.8894497517206545 6.197588710153594 2
8.09508913021056 -11.007243341807486 0
7.086163220187253 -7.425251547027353 0
-11.810862799235794 -2.383746535743725 1
11.37844548855863 3.26310619241762 0
9.535720373960864 -2.9692039325517103 0
-6.106493304189893 -6.765176649658107 1
-0.8386070420639566 7.6526862009266035 2
-2.2718009694733907 3.558587689132946 2
9.216174573980895 7.057152883057819 0
9.562217667595476 -3.3905062356132096 0
-0.21979708306957085 7.996181388365545 2
3.0358178514659073 -2.8383050592923267 0
11.712241626530368 -4.323842371102164 0
-11.28582505145237 6.390219015531618 2
3.4277814257018937 -6.604310268666098 0
0.5138688772608542 10.540652386889317 2
-10.738086429256844 -4.840895709099685 1
10.579263941537294 4.822230781572701 0
6.045855436834743 -0.8580220459154778 0
2.988997446976423 0.5359773092777027 0
4.665975548446316 7.330500415447921 2
5.949320218504352 -8.693345338211103 0
0.5297642514358001 -10.762040100614872 1
4.577745549236507 2.9688849410082447 0
5.969442476203556 -3.429870737356345 0
11.365061483911148 -6.770175868648908 0
-6.173892316751356 0.35934941513611424 1
-5.473125209351181 9.150553525238399 2
12.309952040890893 1.4256394472292018 0
-9.838764504873406 1.2044494176217588 2
8.327023656652186 -5.714535304087657 0
-1.0327894832955722 7.982361114275534 2
-4.531759171579842 9.307976129362217 2
-7.569955824889634 11.298123069289751 2
-1.4599849659715973 -10.719689001113029 1
-10.293777919212445 -5.694600043980284 1
6.207969298937993 9.056160638524695 0
2.4617852669500677 10.619579140828872 2
-10.299179504911782 -6.070719765438731 1
-4.051730947952903 -7.678381256104463 1
-5.49128586276536 -9.637445559076577 1
-3.2690756813271316 10.089832276237733 2
-3.355708994894532 1.815704100261281 2
11.156168719112967 3.9655956395980425 0
8.040229788711134 -5.849705665091966 0
8.982739183674061 2.740403686706446 0
-2.555480948537574 -10.84974270347539 1
-6.196369429262425 1.7409984452313974 2
6.628022713914573 -11.879482323926458 0
-4.771093645894047 -7.261904592844245 1
-7.408539866805371 11.336778243912363 2
-0.829251738483675 -7.931667814868401 1
-1.334012015750882 -7.948100262355196 1
3.407474830170474 -0.7341368087462928 0
8.269000298400773 4.274422863590801 0
-10.91690408351518 -4.10030822166529 1
6.000892368810174 -8.631474266145622 0
-1.4890288644010259 7.758114683893712 2
6.083388564357964 -8.128291548615294 0
5.792197628903393 -3.290984580190635 0
8.820149516798933 -10.057759848376218 0
9.556333831000792 6.1804917544829845 0
-2.0954193073736396 10.564189350781083 2
3.569696830461447 -6.411291787946805 0
1.5932408301134335 8.368122635987998 2
7.369822958568496 5.54416809703922 0
-9.178113949588274 -2.2227105540026604 1
12.394198499115255 -1.0359468795221638 0
-1.382673885528237 10.36031462117226 2
-10.611126016972854 -4.922237666689395 1
9.870157221573425 -0.27163677718266066 0
11.049475410983176 4.4867263013112355 0
1.599123713109187 10.928832676554425 2
12.354390147088191 -2.038309243257125 0
-5.957033676923858 1.8682697593686821 2
-2.5403053185373463 -4.183893219670858 1
-7.059130841916433 11.840340568925615 2
-8.169732865767038 6.348330486353587 2
12.10621708185601 -0.6305631738652839 0
-3.8160236656349715 5.9889142104814725 2
-3.380815535192681 -10.339029969313735 1
6.9919161009825155 8.801994808551882 0
3.9414198939940155 -6.441607351924991 0
-5.236361018648139 -2.1120131366610266 1
5.61253454315951 1.1548827718528636 0
4.245319465730872 3.0016966482106784 0
-3.731156942959468 -3.6066775760845893 1
6.294991615650182 -0.5869057445251735 0
1.9126154799091408 -7.6120806811895685 1
3.215275765652278 -6.871373794838528 0
5.641755804585407 6.767714680920669 0
-12.36870967739272 -1.233361951569123 1
10.66400363102814 5.245256473319403 0
8.582748119489672 4.0466765641391325 0
2.2871934366823936 -7.534145350529695 1
-2.0139082811756976 -10.638842940392488 1
-3.1812305322258987 -0.6097730726605429 1
-9.104289087957373 3.831279119540644 2
1.614652080309709 2.1978193422701926 0
4.91180794149201 -4.945605684284192 0
-5.9596763927712635 -0.13367807456649544 1
3.957728309638813 -6.313080400730534 0
-11.718472461169924 -3.2899975892286535 1
-4.161663886274924 -3.4184579846744323 1
8.966237944697838 3.5326651306286028 0
12.356649482315559 -1.2411397714519048 0
-10.409600640050686 -5.566401680897199 1
-0.9239339772429155 -10.976128437417088 1
3.2657778931015455 -1.8339617153607233 0
3.4129581030293057 3.8909862776062 0
-10.93593422726409 -4.529778842568663 1
12.04271408435294 1.2687225605375525 0
7.450031821962661 8.408063584874167 0
-10.374405716962178 8.205495721504391 2
9.24534660252813 -9.428313104713439 0
-2.648895820444052 6.946392385401175 2
-2.969998514031814 10.233919402936648 2
-3.741928631183673 -3.1871347285997675 1
-5.860430208039417 3.0881540071951865 2
-4.693105635042651 5.041272097071916 2
-5.277911844997231 -2.077510321999311 1
-0.08806634942705743 10.522473041945979 2
-1.817155021871788 -1.7666272122980653 1
0.43645846867892596 -10.850420171834338 1
10.498308255582158 -8.228045624228926 0
-3.3610409953165483 9.949993962848573 2
-4.970614040336793 -10.257415501094064 1
-2.7627138155041724 10.162621622933502 2
2.675493361712787 -2.6910604595724563 0
9.867217913504318 6.269564283510289 0
-8.701001693695524 -3.3141924423096065 1
-11.697749168785428 4.784398192314403 2
-0.683169605533052 -8.149740435481823 1
-9.696353988664777 0.3398914315737604 1
10.593742688439182 4.534384554561339 0
12.350682462377938 -3.2091313832574397 0
-9.67360816580709 0.2360945474612906 1
11.513252093297801 2.7629442071263464 0
8.081059710954078 8.324269012654531 0
-12.372866591557274 0.6481210257812003 1
2.1029456142569036 8.20781859352228 2
-1.762019274411705 7.665001235594899 2
-9.708407674608734 0.222560931206302 1
-10.035487221924587 8.281933810770887 2
-3.738096067954248 -3.3571387780013415 1
-1.9587230758676386 7.437916625969414 2
11.814307992963961 -4.875371070677848 0
-2.7042842811694356 -10.732870412720649 1
-7.934169861516789 6.520092602706389 2
0.6318034139241482 2.0139604086425615 2
-6.310518472189459 -6.366409219293271 1
5.824561436503105 0.3175833122246805 0
10.478359168050982 5.062666629463383 0
-0.15259226198136944 1.111490178769722 2
3.476591754515072 3.8213231360495077 0
4.415595221349744 10.26813034830617 2
12.281707620187994 0.24276498135139196 0
-9.231526733988604 3.9484692371159147 2
5.372632727272386 -4.413332440524579 0
6.3828897666961195 6.264741480728706 0
-4.257319069781002 5.903786886249448 2
7.703037826645459 -6.147022610611917 0
-2.873051498852102 10.25017263212741 2
-3.475539935133748 2.179971995413447 2
9.444872329832565 1.4861228576655225 0
1.9302850909758411 1.7738337469334529 0
10.142374954067144 5.544742080015711 0
-9.464352811969444 2.9212240062852155 2
-1.1489327047153324 -4.348486315442894 1
0.834467099215924 1.9121374233133974 2
9.473951984015667 6.576006290673764 0
-3.3922419448422865 1.663709947364141 2
9.789264097406475 -1.6014464158357313 0
9.139096910301479 -4.5795095871316995 0
-5.70732951451784 -6.731009761447199 1
-9.804108164503427 1.1843316684768492 2
-3.0084665255379055 2.6203453041572304 2
1.4398367991407748 -7.911648109029361 1
4.224496970083076 10.472392610901753 2
-2.0179254303885674 -2.0342067203841045 1
-2.61942137303171 2.9749477110376534 2
8.869186595703452 3.189752365699879 0
-3.0669850004446766 2.5793484178281543 2
-3.5244461356017824 1.4402000961030892 2
-3.017512582535296 -10.713034582239294 1
4.9322820857471665 9.84856377756825 2
3.096628683416855 -6.500593708702604 0
4.639197804252565 -5.185321076032286 0
-11.246629674695999 6.888927007151112 2
-9.770146847533306 0.8060301502031596 1
-4.664068798112806 4.856811674315442 2
7.819660317837723 8.065973469545574 0
-12.21172086992253 4.300562048272223 2
0.10231971561663035 1.5947603102558063 2
0.14434090476462014 8.251608928083403 2
2.4485083019192477 10.533926154547506 2
3.122795789067347 -6.7891684484334895 0
4.755612177082722 -9.619547620698539 0
-1.4871643870686335 10.411609018999261 2
2.2565600831553545 1.5849215028917019 0
-12.356649482315559 1.2411397714519048 2
1.460743802956915 -4.227920325481715 1
-8.24531551420222 5.665239863190442 2
-9.526680842762838 -6.665817084174616 1
-7.599399860714565 -5.016573421794912 1
-0.4536164376885216 10.900446531665967 2
5.559080728814559 1.8150213742772945 0
3.4205373836134414 7.7355864911306575 2
-8.644992746357524 5.12801333866176 2
9.201968170971266 -9.653143583533458 0
-5.975111184690986 0.7901730839023533 2
11.189173736376121 3.511389176234135 0
8.33301560872363 7.730714040275201 0
6.160022702601289 -0.22872205944891444 0
1.817155021871788 1.7666272122980653 0
12.004250266133457 -2.7746643501502026 0
-11.451964059416795 5.149292003619877 2
-12.480640230551153 -0.1327080235526704 1
12.07495674233564 0.7954141367127658 0
7.851866407874639 -6.45750919677428 0
-3.2825476154642304 6.858282839949118 2
3.2895448584614515 -0.7713684592071632 0
10.591992240290711 -7.309183072799479 0
-0.9798470707718836 10.857284157264543 2
5.908294471612322 -3.159323145418951 0
-4.132041564858031 5.85222046588086 2
-9.582983475545657 -1.1556400408219563 1
-3.5436053656806763 9.689964054272684 2
-9.189563045843158 -2.6614650983927572 1
-8.331791722732126 -7.6038831530544595 1
0.5286242057768804 -10.647634765836715 1
8.10915966299846 4.59780261533138 0
2.4932853554437004 4.367424135557802 2
5.298872601049789 9.640911123951623 2
-1.75978017031066 10.605847124114378 2
7.945186117476581 5.178399667621935 0
8.921371789110779 2.6859768491609253 0
-10.231048949104144 8.00422717293564 2
1.391429206650815 1.8961621939280686 0
-9.689663255847245 2.21552519833797 2
-2.2239024573040655 3.8373682202765647 2
-8.636275592379324 -7.708325527046226 1
0.22337891053770742 -10.739993123113377 1
2.705552708599908 -10.318052239096273 1
11.986529192272512 -5.224254740422763 0
12.226550905275028 0.9107429743337889 0
-3.2262587642534513 -3.725413800094414 1
12.335646939018266 -3.5922983551090955 0
-11.670992416965152 -3.018991678056212 1
0.6722562546985732 4.8107116705513535 2
0.7130981468695587 -10.60989444552781 1
0.23848079864947885 -8.114224674685818 1
4.724237836198583 -5.770235384211821 0
-4.734539863318755 -2.2525235981880742 1
0.5584508268126749 4.519947455175683 2
10.967717141451502 -7.023695460511053 0
-7.866222986104654 10.77496494985806 2
2.9632660820496355 1.0011892613715045 0
-12.1971289478057 0.9835156033799128 1
8.568464447868818 4.051563616123521 0
9.211236385521186 -3.603972446394607 0
-1.5038645289200305 -4.330713105098406 1
-5.72392378247117 2.4562346503046326 2
-10.641894469389998 -5.176496071483709 1
-5.29578828160671 4.076395020771563 2
-11.388428452651421 6.627237632834847 2
-5.140919001445161 -9.977649129963606 1
5.7731190020944245 6.4681935694423265 0
-0.47808762070488037 -8.285639961916669 1
-6.700693678049338 -6.272320315045342 1
-8.657304078316763 5.828241520816197 2
9.169195771069809 2.086964159615054 0
2.153619557020138 7.849339617295453 2
9.447026711725165 -2.8864562856335083 0
3.447387680683511 -9.881478055813464 0
2.707662758482952 -10.40170454992508 1
-11.287622339996005 6.843349485333481 2
3.429508468991853 3.7278319387107324 0
9.549277398565813 0.6354331957475398 0
9.47445279258334 -0.21096336452581282 0
3.395766828874779 -1.4064955911090307 0
-4.511145116365618 -10.22039904516958 1
9.565106718338743 6.868845848984249 0
4.804807787761209 7.504629684388704 2
-8.223737755059194 5.783192849021422 2
-5.432396226297113 3.976110663155933 2
9.672438247952885 -0.398899141690465 0
7.265900109499813 -11.682371678214936 0
4.021225724170619 -5.874749000773537 0
7.28836858926586 -7.310132007686058 0
-10.596475454918105 -4.601577972718777 1
-9.958948080658068 0.7390712856350314 1
11.34128357776546 -6.132986643197975 0
1.1634763695425965 -10.80798951524483 1
-4.967400506068633 -2.5514635670063623 1
5.4672359464594615 -3.766819065109959 0
0.2413164310407565 -1.0230503032741187 1
11.136082933832025 3.729567042283781 0
-4.609948340046561 -10.037542283337936 1
9.833130543180552 -1.5023615715226533 0
9.789865423073202 -1.8185867876639759 0
1.6703177659762853 -4.239388065860678 0
-6.782743166103244 -9.05984217146001 1
-1.1119813987855096 4.314113224685431 2
-5.337200237953701 -7.159991339908565 1
12.093235278593703 -0.11187115082996937 0
10.236490025316309 5.819612836607222 0
1.2524567828423225 -10.60024993129873 1
-8.653815965188157 10.345065286603237 2
-3.17626324355193 -0.08476385765049588 1
-8.983957106403494 -2.3225608881734225 1
-8.730042617800658 10.026688003291497 2
-12.390922256756546 0.33951625981252287 1
2.0893357525047653 1.739786502503424 0
3.16634193847094 4.088792752143499 0
-1.4901455306508944 10.400137247249031 2
6.2709187002667015 -1.9718046089643015 0
-6.0476032937242215 2.864308147129708 2
9.671997348925851 0.5182860207592906 0
1.3589137136845797 -4.294666461356079 1
-8.630455347620556 10.100543471631655 2
3.305196963171607 -6.707154330881894 0
-7.010902598477803 11.758630379488418 2
-7.956207699432842 -4.788935443469876 1
-7.819660317837723 -8.065973469545574 1
-11.202337429308884 -3.4133533108248297 1
6.565928778589981 6.5283327129599344 0
-1.7979360200571712 -8.140263497849162 1
7.4082871301496915 8.275904599864583 0
-12.252807850710036 0.0625527161754883 1
-2.917860779380997 3.1576432869335056 2
11.863624165342252 1.1544580023000204 0
12.301436685162772 -0.19205472598215015 0
6.232360785786081 9.109847539940269 0
-5.947987528742331 0.05102155266019845 1
-0.5232225267741953 4.342253304535599 2
-1.8179234854875912 -4.594803960495173 1
8.368886437908937 3.9377571783504877 0
-2.6761234067784385 -10.79566310075067 1
9.157020292611739 1.9504731595917932 0
9.396418883860154 2.643575906131068 0
-9.782742510877423 2.374292880443627 2
-1.2114228619281313 4.274853450056304 2
-8.943093713066311 9.84645606301303 2
-8.142161854614674 10.742315748429382 2
-5.9963493293665175 3.3969775432943274 2
8.444253807772924 7.9257081636911995 0
5.200437955371856 10.082309629161445 2
7.547651246704003 -11.208226390164011 0
4.0276451085496 -6.082051308404586 0
12.049081861437427 0.9532422755069169 0
1.733492425566712 4.371888342153193 2
-1.858613770739032 7.332156951612701 2
-7.137311004381831 6.978096136983815 2
-4.29230278678317 -7.805034588109887 1
9.476411133723932 0.5968662916573833 0
3.1749261486624922 7.879448825057111 2
12.379214542330518 0.10522447386 0
6.76441228687318 6.30012052289243 0
4.92453930722172 9.953735538690175 2
-12.208255818969665 0.2393816278151649 1
11.329571478460771 3.8037940386876588 0
8.82761384035356 -4.445116958559004 0
-4.92453930722172 -9.953735538690175 1
0.5833533948373477 10.542291882699253 2
9.25853890964181 -9.495960377439493 0
1.6048452238286421 -10.590185778667578 1
-3.3967490838202354 10.231476951344955 2
-5.901816349912874 0.5168643470908455 1
8.869713195316741 3.445944442084371 0
10.791708056021202 4.351198876818732 0
-11.514992907960014 -3.823075294060133 1
2.7967035713582415 10.322421930544616 2
-9.495853782086543 9.349072637226044 2
-3.5244584329576556 -10.186463900186794 1
10.710904401094508 -7.624514436851248 0
9.724322796118432 -2.353168934568137 0
3.3773880635686178 0.5264013541811986 0
9.40654999512014 6.781294942923659 0
-8.78638827414937 -3.048800905470374 1
5.284481767765432 -9.148292705870388 0
2.9224574114420525 -9.903989534561587 1
-3.3291880675489938 -3.7760341132699775 1
5.774453671856076 1.4537149377499263 0
-6.1655392941291955 -9.482549471657489 1
-5.87515374674353 -1.3113953703579384 1
-0.4207116666454438 -8.069808315191409 1
-0.8218476535673487 -4.613800004853083 1
-7.883749764439383 -8.205461753075637 1
-0.2413164310407565 1.0230503032741187 2
-0.0018139316212951104 -10.970942352009684 1
-3.6778592201064275 -3.731848621000573 1
4.322336647555243 10.286457587490615 2
-4.378332245563575 5.983432997756821 2
-12.297668845931312 -1.2520287614016452 1
-2.430431694196717 -4.29147545675303 1
-3.559645643785319 1.7026090545306087 2
-6.807109894653667 -5.960685141967892 1
-2.824460142850696 2.8174180089342014 2
-1.5104154220620067 3.9527352331457135 2
12.290810618636394 -0.14035982035675132 0
5.447602894496804 -8.674713536905319 0
-12.246662033134623 3.8254507434948706 2
2.8833773065246073 -2.4206936050114374 0
1.6756842751234264 8.221567802563097 2
-3.2699906141312125 -10.357626358317706 1
-7.378641831563465 -8.399046255325269 1
11.787689986487818 2.184040493430155 0
10.863881209712924 -6.9866677095305745 0
-3.49049358240911 6.894213118384727 2
7.03798434121894 8.804740640646969 0
5.5072877732719325 9.649161144761802 2
4.524589578377489 9.961172592199958 2
-5.5317997486198385 -1.2647378484988332 1
-11.284327938174538 -4.194671770649784 1
11.885851405834737 -5.459581936140452 0
3.2453339414875746 -6.712722031880604 0
-6.219616418230012 2.288430886246141 2
8.064430709761094 -5.882600303800598 0
-10.223033700233373 -5.531498142709088 1
-9.38993454198293 1.8275657255223678 2
-9.560902198509861 9.155190252892842 2
12.128802069451938 2.028621433436791 0
12.256773174468755 1.2645985679499014 0
-6.330980857242682 -6.336348823816654 1
-9.848916611653333 1.8668617158212861 2
-0.857133325533929 4.439751299771828 2
-11.926341598477915 4.271603920313548 2
0.872666695457446 -4.498131403078463 1
-3.747261751231658 -3.4135831685969302 1
-8.535365200338697 -7.756204513057486 1
-8.870738372790202 4.026780285940117 2
-12.060404196356359 2.87482581447231 2
8.646506556263294 -4.862180819850299 0
8.270264319753966 -5.420955761184576 0
-6.034059663040863 -0.5154631948737718 1
-7.762220500728093 6.541916954544642 2
-12.115019560638448 -1.6724852001211117 1
-5.175209134725364 9.00799476019102 2
2.0600846469806076 10.922529154415068 2
8.204682385791472 -10.90357650811317 0
6.814850980060562 5.960789307097217 0
-5.403037169790781 -1.8613292554957663 1
-3.1877270885081974 -3.7951226691758917 1
-5.4887447630605495 8.889171717150834 2
0.5693412076288962 1.8523193386692294 2
-7.602417323760229 6.517236265228242 2
3.2500728634803577 7.860082630072753 2
7.458840031068067 8.553420674819943 0
3.569358656355668 10.402654142621007 2
-8.759004946090913 9.971114796162068 2
-4.275930081180865 5.886685354785708 2
-5.986665460746455 2.2555711085729855 2
5.422457307460105 7.037360634010372 0
-6.948033314504602 7.541505537275164 2
-3.4405059399305817 1.6780707107101178 2
-5.882613311163378 8.508047160735966 2
-12.446256013181 0.0646263517278377 1
5.873799036437742 -1.7392436999017753 0
-3.2657778931015455 1.8339617153607233 2
-6.1651061389715895 2.262327283610425 2
-1.9537324114031118 10.494760555808265 2
-9.129580987063965 4.322483970420233 2
4.7998756614619715 -5.3984047616911655 0
11.287622339996005 -6.843349485333481 0
-12.418110674705714 1.9063714434514085 2
-1.0210932173638936 -10.894822366877705 1
-6.209281771324626 -6.420210472175025 1
2.7641351912996455 -6.710441904032566 0
2.2972901216682593 4.239877716076168 2
11.495859018722175 -5.528849725583545 0
-8.064430709761094 5.882600303800598 2
-2.691569301604453 2.9797035108109995 2
-2.8777790805319574 6.9491164045290885 2
-11.541786556511505 5.447280866051847 2
-3.727528067261961 -0.12072434079733452 1
-5.4880394900300535 -1.1258994763851093 1
-5.399178721865703 8.736129686877533 2
10.468508349730387 5.232335377934942 0
-11.579674039109355 -2.522161283411248 1
3.63999174289756 7.828706280240035 2
12.12576422666915 -4.384784893584994 0
-11.632252895368651 4.916286966515527 2
-9.279816155775288 9.79601507595857 2
-5.858911718396239 8.592221430182429 2
-6.022990845217374 8.392313993873088 2
0.9639429055752784 -10.82976801625701 1
2.640101627439575 -3.0336885702884198 0
8.530773858845453 7.627539597460842 0
3.902949970243373 -6.389667907498434 0
12.432954977332216 -0.13344266092140245 0
10.306150008695708 -8.050088490523406 0
-3.286576599662825 -10.203576076432554 1
7.993245004554873 -10.999849317087675 0
3.485940156829267 8.13891819314696 2
3.1220305698840227 3.7495452056345338 0
-5.883973835894593 8.42298872765347 2
-8.36886620733773 10.409818445984923 2
-9.83147255088372 9.138574112053497 2
-2.9412299941484417 -8.09366124353341 1
-7.562360534401503 11.174302618279107 2
-7.56544919804818 11.139703927839504 2
3.670685071724379 10.428625038355518 2
9.648747426517227 6.386636370455126 0
-10.488705935104107 8.129808382686631 2
-9.233409337543925 3.856841639944852 2
-3.5385187983263453 0.6746781557728572 2
-8.915998700349904 10.34458608113478 2
-2.321217901418335 7.150337176445829 2
-2.5981499070946246 -1.2566028418960875 1
3.9972809564957235 3.301176178758943 0
-2.0671752323510684 -7.854910533508557 1
7.52983387746305 -6.540379701669554 0
-1.9943855566265265 3.3317428010971204 2
-5.378472266054456 3.9985714292833063 2
12.26613489799953 0.8817491734022662 0
-6.961656803872827 -5.608929860896566 1
-11.02676311051363 6.685117721771364 2
-9.776781149219708 1.154749815046166 2
-9.808739345597681 0.6363310327192697 1
12.21172086992253 -4.300562048272223 0
3.9429509189048417 3.4668912345206184 0
-2.038289473794085 3.3675603813823662 2
12.009431861943197 -3.2884838507226473 0
6.066526058605006 6.671973462134171 0
-9.128104251179485 -2.82359493307294 1
2.3319204481192704 10.501321327571882 2
-9.545429076089228 9.23275894453057 2
-3.287718304314901 1.78174504157645 2
-8.325804155737496 -4.300597898255631 1
-11.948248136544251 3.467436724301203 2
-8.699584833835546 -3.201525090127665 1
-8.008907118634637 -4.825994100532137 1
-7.8133756113163555 -8.121201879698246 1
-8.2529587691722 10.890936875775209 2
9.1097249171317 3.19411632324629 0
-7.6769088443655304 -8.208825683407282 1
-5.7637766950687 8.674644203752875 2
5.415407700392902 10.022717864450899 2
-4.775798199430306 4.987875026512134 2
9.596777911837776 -2.6087962524779247 0
-1.3088720748127414 -2.3073876054993616 1
-12.226550905275028 -0.9107429743337889 1
1.6979121887441546 4.459568813860401 2
12.131492691141855 1.3891100648381114 0
5.235875528444573 2.136720656360264 0
-1.771069391323316 3.9109876997529343 2
3.7149466080184426 10.532577053797372 2
-8.986376793869022 -2.8034784442110277 1
-8.961469265655888 -7.361952956089943 1
5.547267301009844 -3.341850147220384 0
9.863074351988951 -0.11205186376735976 0
3.638064643737864 7.954775747499294 2
1.6310343551407485 2.1015331681762905 0
-1.6536164606767798 -2.143967475832484 1
8.050039860409406 4.88651095370639 0
-5.167923967535388 8.95598925952903 2
0.5028023308125468 10.978307883037134 2
8.870757257998601 -4.247893643667322 0
0.12992666976291528 1.6817349801322663 2
-4.268382042053164 9.758821281026817 2
9.385629434059696 -3.7151284718560214 0
-1.4110200426864 -4.571329847199922 1
3.183535065985757 10.728200634653863 2
3.341072072866804 4.175586959619894 0
3.3236813215925487 -1.9839719334231414 0
-3.5517166798810034 6.429654404158497 2
-0.25556588625201876 7.882085983401192 2
-11.535597832315306 5.7436861930781715 2
-9.673226050851055 2.8676358621637137 2
-1.6777107864912217 -1.9861407982571329 1
-1.9774100782815347 -8.124236079244398 1
-12.50292480259136 1.0008369042835983 1
-7.047737017041591 7.898857836263487 2
-10.177518970622959 8.21126982155559 2
-3.0507719621671403 -10.332989010947138 1
-11.198242513800126 7.202566538406297 2
5.911848933661689 6.496549308184143 0
-0.3426395290027471 -7.974910851446404 1
-5.050413878579105 -7.42176934959882 1
-3.337140008809606 -10.49904763879237 1
9.523701633149237 6.599897759855 0
-6.4832853380331965 8.292487525804598 2
6.187546380760355 -0.3744898444498394 0
-4.5109665636950265 9.579396811749602 2
-9.85273845759429 -5.817803094635941 1
3.609809527859271 -1.1387277762038082 0
10.085087383627453 5.909170819332624 0
8.941608913509898 -4.144497851328536 0
6.118296277987254 -2.1780623727215227 0
3.446010874666968 7.931116555063244 2
10.102253937613186 5.43714446835428 0
-3.911667618885282 -7.942789665000238 1
2.4770932923155766 4.324967716179843 2
-11.931665766602913 -0.9609398400395012 1
5.473125209351181 -9.150553525238399 0
1.4105392465695739 -4.258388258461369 1
2.65561968663558 -7.341572325666715 0
-0.2658088882732692 10.894213519487208 2
-5.899196723145403 -9.601772480306197 1
-3.6504660013309023 0.6719963608287126 2
12.014601003083841 1.113701812130341 0
-8.565327432773586 -4.05216392029111 1
-11.723140378659565 5.892650368046464 2
-7.570621916813099 11.652207915456323 2
-3.55060644376028 -3.8748948630633016 1
5.44271755653055 1.7721001231466 0
5.323622138806851 -3.6908909484099777 0
3.725595643028096 -1.1208661017344492 0
-1.5486897452311748 -10.908593626050951 1
2.2576247457965404 -3.5965228001704923 0
10.781567824518905 -7.6022749200453035 0
2.5499626645672437 -9.958144832012257 1
-9.90097496737851 8.749699201064715 2
4.215618875755617 -5.926521348783084 0
1.0917553455460813 8.300058271393462 2
0.6955516053257225 4.516478738079874 2
9.650018714953548 -0.5250223932233581 0
0.8000094867541184 10.59679537151306 2
8.887748482690284 -4.929164692240699 0
-3.520948158578784 0.17784881889328735 1
-3.237367955149379 -4.14788828812082 1
10.85867638206582 4.246414184500908 0
0.683169605533052 8.149740435481823 2
2.3249375950446383 -7.411890052830089 1
3.2073471992606373 3.999457928453739 0
-9.310012085400654 -7.0575330527692595 1
-8.012689402764284 10.844024756574948 2
-4.385967225208104 -2.5770365046495183 1
8.299712184973622 -5.342287654315384 0
-6.059835652995243 0.32596664326604385 1
3.000371919022709 1.5303585014957384 0
-5.557534298699548 -1.049624439857103 1
0.5823577152529144 -4.6143880012144045 1
-8.166897906063088 -4.184449688585393 1
8.498917378675177 -5.584970007486571 0
-4.214484661301319 -7.538912654961642 1
-7.037608969502765 11.766768141353129 2
-6.095472451378827 1.462852391578958 2
12.097163453189767 1.7368429787606527 0
-10.667300000309353 7.76025693164035 2
-3.201390671728691 -3.571201484305904 1
-8.628006065244968 -3.6006304743573785 1
-9.166129238919089 10.047464853026181 2
3.1245924529296327 7.726424794023834 2
10.471585027261488 -8.144322494641752 0
-12.288991084795011 1.4640012393618917 2
7.73428316772642 8.357190393937941 0
-8.657152466685906 -3.5900748792776214 1
-3.2682445914399993 -0.7354163941900387 1
-2.8457418381752633 -4.1978937153390214 1
-2.129517438088085 -8.116020006832693 1
6.637841237915933 6.139131928671046 0
9.392945995558627 -3.8617468573371423 0
-10.190909963765037 8.450174985494925 2
5.857544829924998 6.6257760234488545 0
-5.4914287649116735 -1.7853507317750095 1
-0.6359801660273003 -10.612423225387673 1
11.29429244542849 -5.979129207102038 0
-1.5562960172710316 3.823563468761481 2
-5.65774445095832 -7.198022311834404 1
-9.243531413870231 9.925605948648327 2
-0.8805357214061882 -10.892703707018736 1
-3.790498807977181 6.468285038772619 2
1.762744969914802 -3.7431695237139295 0
7.8249383293127615 4.885189998614137 0
-11.909680935061687 -3.0186353666243253 1
-4.212736088973055 -10.255990821213011 1
-3.7434257350147777 -3.687582357467729 1
-7.707735558658379 -4.914054512173817 1
7.288589983382296 -7.299118903295402 0
-2.0419370212827905 7.357381901132927 2
7.8863217391300555 8.01033467727433 0
-11.781219136872476 4.13896442447912 2
6.04990463776684 -0.6509241532398429 0
-4.174736331355368 5.995839275817568 2
-0.0755151213147956 0.3664715140077277 2
4.948268476965073 2.2414378483097814 0
-3.094923055775213 2.1009684877468424 2
2.7234962234452342 -6.856653868063908 0
9.591374585362882 -2.3141882826371334 0
6.286945132081713 -2.202373447597402 0
8.567489333345469 3.667843019260062 0
-0.26506050096801115 8.124648008836271 2
-0.2321714096758576 8.211857612852015 2
-9.789264097406475 1.6014464158357313 2
-6.616257065403092 -9.020550429409951 1
-10.923517076450747 -4.625577930762306 1
1.7397390484196804 4.668200155208613 2
10.957064797582417 -7.375560294706318 0
10.838597730948074 -7.398936027708341 0
-5.184497853197245 -1.9495381065455781 1
-3.302289307904778 1.2065296462167625 2
-5.101236687697374 -7.470576213242369 1
-2.443880435164296 -1.8475794784337525 1
-3.178251549916483 -4.01558669315609 1
11.835136532926322 -3.9920660276347566 0
3.7440957218405955 -0.459016401503836 0
-5.768080521148354 2.6972071761818617 2
-5.075348932580077 -9.863236285345826 1
3.604185094214534 -1.105526257672252 0
6.51586139806913 6.414880259221061 0
4.425280757001287 -5.514446682544847 0
-6.170472875376093 0.07723759913570535 1
3.0317993232068785 7.98622183358474 2
-5.885079216924828 2.6937438273641976 2
-12.126974077374353 0.55404307856221 1
2.1151613315987348 1.954301956086933 0
-6.220007162516421 1.0835055939833422 2
1.063341429732242 2.2293925982821565 2
-6.102011764914863 2.8693329063867816 2
5.391377160308345 -3.735848775826895 0
-3.014447347837781 10.305759454986086 2
7.5131459147277475 8.82084290635241 0
9.297211754231423 -9.782676965888054 0
1.0568774108210692 -10.726054977273748 1
5.968105027728953 -0.1919800412497552 0
0.28279184555725523 -1.2238926442263027 1
3.369879675407894 10.50892399686408 2
3.5932205758732914 10.147810433913731 2
-1.3056773851368002 -4.2722086763011955 1
-2.2032661755976513 7.450702695086747 2
-6.159126064077034 2.8297975404437494 2
2.0781773795578893 -3.742098798532828 0
9.310012085400654 7.0575330527692595 0
4.815594312163528 -8.99577568785309 0
0.9694575491388402 4.802099968159851 2
5.560578721195567 9.536957918753307 2
-10.990042633733696 -4.881910241140852 1
9.384927833353347 1.486476471880691 0
5.363759747462632 1.8383134447648242 0
-11.027649934619008 7.332934271412823 2
8.766862842618767 -10.229387098534403 0
-3.4789421498127533 0.5521477222721685 2
12.278084704613544 -2.3169222894428856 0
-0.7269051894760326 -10.913162354622871 1
2.038289473794085 -3.3675603813823662 0
-7.0795107827024575 -5.531726360789142 1
-10.007160726284074 -5.647198563625732 1
-9.596777911837776 2.6087962524779247 2
-6.226004310625999 -6.598199169156806 1
0.20180895868800547 1.6923801591808243 2
9.241998963381588 -3.3385901760505874 0
4.181717588629689 -9.694006284800967 0
8.324933258834438 -5.409874617460651 0
1.6129211863766126 -10.737829621763376 1
6.449387092109978 -11.8543692254938 0
-4.985596043862761 4.9028204077907045 2
0.1705838911946137 7.961066614454458 2
9.716121907927434 -2.7307371053335663 0
3.1888072049958343 -1.8621590517588198 0
-1.0743660526567909 -4.499765757764874 1
5.562082781382031 9.736288873573644 2
-0.8435631554823458 -2.2178415080409652 1
6.591719486153911 9.071233779906928 0
5.802710450891705 -3.052280887226211 0
-12.564298349914074 1.9910601437580429 2
5.442036274648875 1.426595009346498 0
9.807367549090797 5.824300534642528 0
-5.207679453507887 9.147733775353188 2
-4.713923961537272 5.01966862206482 2
-9.609104758160187 8.82323343813815 2
12.279772275441536 -3.271840696235452 0
-2.935361697286134 -3.8634654339389423 1
2.6491020626862283 7.814275849971748 2
6.8685580800299055 -11.827136354857656 0
-12.165914066260736 -0.8415688410953821 1
12.439965717735369 0.3523680426299654 0
10.692491782023739 5.278980900157727 0
0.4725699501628881 10.650992341820086 2
9.526971315338178 -1.6635200886758148 0
8.062623070348522 -10.509190313175441 0
12.304595986346087 -0.81014339061828 0
3.374368999592319 -1.879974168783777 0
-9.02087773900207 -7.332793117753917 1
3.5707443369792857 -0.558765031453959 0
12.16819937453836 -0.2722469075395099 0
1.7438287799301164 4.708614780726096 2
6.32233675955042 -8.40942704043477 0
-5.679689484165129 -0.5532463932470453 1
6.428519361614099 -7.771373485407544 0
3.187019263730606 -6.980087425028359 0
-1.855055153672426 -10.878633079026926 1
-5.652811387067861 3.2303703907252492 2
8.793994858784915 3.1883939760817412 0
1.270549164242784 8.174609806374367 2
3.593668030119469 -6.692327196689265 0
-3.0355586936267134 -3.701783135856627 1
12.171414890484607 1.6261261087478107 0
-2.9420304902839636 -0.9687847687354108 1
1.9897025380802478 4.549489869035047 2
9.551886199398066 1.7136280826400647 0
4.691133034395109 2.7849097092359365 0
3.0084665255379055 -2.6203453041572304 0
-2.07710312458935 -10.770888255901033 1
5.044692808977422 7.4588649008107275 0
-12.335017517120978 1.8793883132777176 2
-4.143669123155541 -3.034286498580418 1
0.3426395290027471 7.974910851446404 2
-3.1139617341192594 7.046670285678626 2
-2.030430273751847 -7.916797606576162 1
-1.5949379345832702 -4.232486622348219 1
-7.0733093025669325 7.648839242726691 2
1.9426146872700176 -7.354951162158447 1
-0.8541725701464427 7.724738105370411 2
-0.9855623783621026 10.619189767859652 2
0.7120716230952613 -10.761304705837428 1
-7.705170694110416 -8.140409656146447 1
4.122704660572505 7.599307466591592 2
-3.624580999229723 10.114946578874278 2
9.363726064403226 6.569518409175337 0
-4.730936371813764 -2.469094927526799 1
5.413858586290002 -3.985542092358062 0
10.971343442616103 -6.64338662133621 0
6.458413351743255 9.592624808721668 0
-6.207969298937993 -9.056160638524695 1
3.651058964848047 -6.322215855772064 0
-9.466913152415943 9.178959704584475 2
-4.121906286791049 -3.3200415400118546 1
2.461736126159826 -6.951468300869296 0
-2.842523759352679 -10.575882688017865 1
1.422946635258279 8.396081332689665 2
-9.784216841952704 8.483776627444474 2
9.683123812145734 -1.2969719066860697 0
12.19231051449804 -2.6321886360563402 0
-9.096031792601089 -7.088181627809833 1
-6.104487946360859 1.7971722818589566 2
3.473967088750459 -1.3280180614052686 0
9.567553466764323 1.9239456892042666 0
0.21933693716746228 -1.558453684553109 1
-6.114955084898137 8.159953899917443 2
-9.612456198285889 9.004602503266117 2
-9.417052837807582 -0.8039352833036155 1
-9.321871868939615 9.490655484456484 2
-10.393663047877245 7.787341938932692 2
-5.485376449765714 4.571709753156953 2
-2.5374512891625134 -7.861754734553018 1
1.0038954709004733 -4.361810591788895 1
-0.3103104668666442 8.08094478723302 2
5.967142473310537 -3.377879313565747 0
10.804245776048266 4.452092803659043 0
0.2970304103737348 1.7278367742868683 2
-0.3191895174081717 4.518773101331188 2
4.803402316423987 -9.179883111571964 0
-7.358931691839542 11.179457145757471 2
-2.8968158301267564 2.3003421625215337 2
6.240321537979406 6.457755719928025 0
-2.330182612449307 10.660471402483658 2
2.944366188988284 7.963739543882081 2
-5.667046479154273 -0.7254748136968423 1
0.007832672644167427 1.7778433978097312 2
-1.5669610454864982 10.528986231342614 2
-12.163341565514028 3.4853335847543407 2
-11.922432543117004 4.2496193480088005 2
7.599399860714565 5.016573421794912 0
-10.931006797626384 -4.343268362016314 1
-1.749469470220519 10.72026412450889 2
-5.864995091264131 8.824337201804003 2
1.0173732918776117 2.209793487583867 2
4.121070188232512 -9.426952910195656 0
9.776781149219708 -1.154749815046166 0
-6.389291135303539 -6.378281942742809 1
2.989930793976774 10.416209301807958 2
-2.758500012009443 -1.439033414475411 1
-1.1413020168528947 4.356291214345517 2
8.025750590835479 4.625196739183613 0
3.2690756813271316 -10.089832276237733 1
-8.231297297960893 11.021045843046899 2
-1.2633431071240449 7.621763285118551 2
-3.7073486637121986 -7.77442204985063 1
8.611135769841125 -5.34856892732744 0
-8.278999599967053 -4.4229950910882625 1
4.358207137693641 2.952545747337328 0
5.139851719897666 -4.499605183475033 0
-3.279850511481247 -3.8685164529382297 1
0.18424908668942214 -0.9938047890490378 1
-9.7281329708072 -0.7338882926697528 1
5.882832286034912 -1.8226932609838125 0
-9.56237470840855 1.9150178344681323 2
-6.284895015245802 -6.442768867776383 1
-1.4440644336358832 7.654983424709467 2
10.93593422726409 4.529778842568663 0
5.421949347716355 -8.768905817025631 0
-1.708548720402903 7.575600609179212 2
3.560379487068851 -1.2903662733682644 0
12.216643234191176 1.5917534450561879 0
-10.772208995295497 7.284312569648067 2
9.417052837807582 0.8039352833036155 0
-7.732417791429943 6.53126427625459 2
-7.49320849817465 -8.398551490816569 1
-11.854458295358262 -2.4420685541485563 1
-9.500508829563344 -6.557299275332744 1
3.1950178781591863 -2.16554807416494 0
12.356656867582322 -3.6712943163963563 0
4.177301464760913 -9.429664003044971 0
4.2526353354212025 -9.307314900727302 0
-10.474144980650411 -4.9527323150736695 1
1.2360608950992487 10.949047275363792 2
5.890805245384184 -3.540746535444271 0
1.1413020168528947 -4.356291214345517 1
1.2595446190189652 8.331059053770131 2
2.0861003614229783 1.6813281204502681 0
-2.9901557087266672 7.047768844082313 2
2.691053784703651 -7.140231987561888 0
9.394690402067667 -9.19125052389516 0
-1.4299991603366522 -8.043731393597122 1
2.7661081552636015 8.075381811117923 2
-5.266068988483734 4.341204298972145 2
8.326446179071333 -10.959122011814063 0
12.134646107806331 0.7803831040519302 0
4.5081501163892685 10.241950032859737 2
6.904889007997604 5.634835160110524 0
-9.875728425887496 2.056444999925761 2
8.882180971078478 -4.045145163241109 0
1.531214946887555 -7.7858864797313565 1
11.597965042733856 3.3477115254655647 0
-7.628659702734139 10.874805501448131 2
12.279309083873178 1.1945105409080945 0
-3.237888428329401 6.544805803272228 2
2.5684410287151187 4.465697980656859 2
10.964680517726238 3.8526457801164313 0
7.951527361370214 4.367383006459384 0
9.441296147140232 -3.702471634996211 0
2.6461793667985516 1.5242606334452349 0
3.054148294784346 0.9352475453775903 0
4.306590387768586 2.9612895127002568 0
-0.6651047226265973 4.56720093557566 2
-4.101554061259416 -3.2888552681566923 1
-2.229016049794892 7.344366535463205 2
8.068247169567954 -5.652459468465165 0
3.1187573862704534 -2.8149319600531304 0
7.7966322094607134 5.267549566361828 0
3.33288948505466 -0.18511434241647506 0
-2.442651338635888 3.233835402350851 2
-9.839753294875138 0.32503205576076566 1
-11.30000513230009 5.854559542562948 2
-9.190963701491489 4.764970216473715 2
-3.1084078607684353 -4.234450263896436 1
-9.757091293762553 0.2257108258117435 1
-9.562418543243808 0.4482249086370471 1
-7.218468473603643 7.0613652476037245 2
11.675614212765375 -5.739258555093487 0
2.2857672966506306 -10.331643076507508 1
3.526447397717268 3.540541216165068 0
-0.22244653959252253 1.1108653207488262 2
12.442607275448836 0.2860777290221881 0
6.017800766780601 6.378465762789997 0
8.97093054273739 -10.241435589682006 0
9.140426618709474 -3.5777308307515554 0
12.37029753940472 -2.8340659336002467 0
0.7544906451266287 -7.85757345530475 1
-1.1864159711044275 -7.941261976595212 1
9.038132129596184 -4.905583354461518 0
9.708407674608734 -0.222560931206302 0
-3.1112746444199173 -1.3339957878122197 1
5.514262560218557 1.3176302042712917 0
6.871769512081329 5.58720559661079 0
-0.2851686481906723 7.859423900919278 2
-4.752850841110578 -2.6729075991980835 1
-2.5668916345878676 -8.067578595323477 1
2.481996728001756 -7.482029799618562 1
2.0315361471929325 -7.195593454934207 1
-2.1574563335675347 -1.7242291709043038 1
-4.699830467254613 -2.980256842829295 1
3.7628761984489763 -0.8015281749806857 0
10.991371390483275 -6.77206299161298 0
-1.6436120982081706 -10.734800986709203 1
9.587452703503045 6.725325695224169 0
-6.522343138930708 12.056622769251476 2
9.632671276727377 -2.214509158121725 0
-3.5222555806639355 -4.03380765628236 1
9.006950643870688 3.208037953700458 0
-4.317971814408202 5.721542795754835 2
-1.651131703343085 3.9748464134803574 2
-9.913706340343724 -6.465257099608054 1
-4.233759798757018 -10.20194413521804 1
3.6426832525149253 10.256660922793078 2
1.3348012133552412 -10.52213980671989 1
-10.569867854856243 -5.375775872783257 1
3.851443471098404 -6.469871328731193 0
5.576941992019122 1.620381541588476 0
9.72622087408571 -9.3499053135016 0
6.250042598021314 -1.098847025093609 0
0.9335883949281865 8.409375705447522 2
-12.55298403347589 1.835930526378054 2
0.04108361008306252 -4.299521904473308 1
-6.576743679385125 -9.006570201038095 1
-1.2063513093430869 -4.427901854682306 1
-7.608674389679854 -4.957980688750506 1
-12.050844638817267 2.976880839721074 2
12.27423428733353 -1.5466275809525563 0
-11.039747186421572 -3.935587416880456 1
3.40585973838317 3.572567637974934 0
-5.613501622791712 -6.871435056691645 1
-6.553521041832617 8.081378088328886 2
1.441711932876256 10.998644680208393 2
-0.055585918828597314 4.410002984730733 2
-6.29280424831023 0.30044197220772617 1
-3.5267446990981917 9.962565711795957 2
-0.346782894297545 -10.837267771741764 1
-1.7759897841063055 -1.941627204786997 1
-3.601953558239374 -7.889464983306595 1
8.5500345348451 4.066942403763643 0
-3.3277935419191857 -10.489652482791644 1
1.531847939313178 8.30458229456253 2
12.019640637705585 1.8935203259919187 0
6.286939169711352 6.586914758210493 0
4.0001379387182 7.534711899982685 2
9.545248860232306 0.3807337010463217 0
2.6459348303596584 1.8122443075253325 0
3.733907504541598 10.55437146623489 2
-2.751863251154419 -1.0709085877113702 1
9.40957240264974 -3.403918886191189 0
-5.664866505904582 -9.711384633471907 1
2.8120880380389535 -2.659975568455378 0
-5.920098886172562 1.2194191077306895 2
3.435827004807454 10.446094338574614 2
-8.847309277014643 5.184800732911367 2
2.6594736511130996 4.256183125180929 2
4.350949554462991 10.327114621957538 2
-2.1144338608600277 7.451175207833759 2
3.6092081532010316 -0.5154284968710583 0
-4.8631368851267 -9.821075924649906 1
9.894494670045667 -8.70604925409458 0
-3.149763743931392 2.1018320776435058 2
11.886103744865622 -4.112598731648861 0
-5.732680883966277 -0.33402310447615396 1
9.741679196426789 -0.759861824134179 0
2.77192378191074 3.958719906193678 0
11.514992907960014 3.823075294060133 0
12.16291239133824 -3.8039049828565905 0
5.756529761019231 -3.5774644928800736 0
2.6158325937818323 -3.400911280365368 0
-0.33476487487512613 10.640602359164594 2
-3.2613761693291576 0.26783212726723354 1
-12.176293408457903 4.2579795506824905 2
6.275448507972156 -8.262085709780749 0
4.191043349465189 3.4901703227541447 0
-12.190832689151053 -1.3332166382417305 1
-8.350436918251198 5.875006104072986 2
-6.118296277987254 2.1780623727215227 2
0.03983310754792185 -1.5867111578603295 1
-9.195227227389779 3.221497511802693 2
4.493511861401132 -9.141660114489813 0
-1.6409294949645918 -10.600000579489294 1
-0.5882732054567859 7.8483540352599235 2
4.627523782949964 -5.102496307876698 0
3.6013722800586296 -6.169858579836683 0
4.736170936533793 -9.269662550124877 0
9.768596263845833 0.6600204088862929 0
11.716430924346298 2.052994495926055 0
-0.2086221554490354 -10.77513783762283 1
-2.4992753827997762 7.008968620614385 2
2.5618249801022572 4.242716401944372 2
10.518202736822001 -8.002455267198247 0
-12.341251632824227 2.5908752687157786 2
9.677660631628283 -8.683380546890147 0
2.349552367102376 4.2871362536018305 2
6.304186216904916 -8.008786563809533 0
10.963240292959373 4.153509228414924 0
4.705556007955099 2.429269009581213 0
-11.212592391190503 6.798719182474316 2
1.6025077456915318 -3.8144202434792875 0
8.993622912460182 2.722545598720848 0
7.737383857615805 8.374424907588226 0
-6.396544409987468 -6.02758649559019 1
-3.9544695261033946 -7.634838370921493 1
-2.372699399073165 -1.3236425708971757 1
-5.721871155333539 8.872024117133298 2
5.718985239618223 -3.058751591859605 0
-9.312150570698272 -7.084732139773807 1
5.775649760818747 1.4600517271989493 0
4.8631368851267 9.821075924649906 2
-8.40857497545179 -3.952816024813858 1
-4.2972861411111225 5.705101927407655 2
-8.68367424804813 9.968386015972412 2
1.6373874868726128 7.985115134487779 2
12.1587615019792 1.7959349286332031 0
-8.129763553852206 6.198682021071526 2
10.111988358719696 -8.71068321227197 0
4.413948138817883 -9.837554144592813 0
4.408140089212265 10.073716615105592 2
-1.1216198532966692 -4.351826054806153 1
1.0486635901510453 4.322969511291285 2
5.0961779018244835 -5.1326667853969274 0
4.626092782014084 2.8158729133911926 0
-5.236796056501083 -6.8348338445114605 1
-2.8207204488362754 10.389060949429968 2
1.6846659669935846 4.202754546546932 2
-3.5640980515266802 1.9114029944898903 2
3.529893362197387 -0.9273503564714143 0
12.251908516820222 1.3449102660373802 0
9.02087773900207 7.332793117753917 0
6.7625495950579895 -12.010391707840379 0
3.731009771419362 3.2718808309954706 0
3.2456047147375977 -6.575752008141132 0
1.189079696031013 10.982792774467875 2
11.247657216605047 4.112804520069854 0
12.341251632824227 -2.5908752687157786 0
-9.392945995558627 3.8617468573371423 2
9.27483154243564 2.2667642553859437 0
-8.25476935020528 5.6587634033462555 2
-12.167637989615196 1.807239854852486 2
6.568599377305449 9.079764640289913 0
-10.829878120465459 -5.158863194092705 1
3.3522431796748458 -0.764942616871356 0
-9.703543242528491 2.0812303733071484 2
7.9279798191613535 4.386536870351767 0
6.801763693783561 8.781238066438812 0
4.475264077963956 -5.623347126187794 0
8.880087331556963 7.782152624082724 0
-12.50680642732815 -0.02044309941372524 1
-0.8680142855249153 7.676908372283572 2
7.7327190983032255 4.542523904791849 0
-8.251217196240654 -4.172786688874018 1
2.8137111812314877 10.436820442651038 2
5.852291460512392 0.21580504523407346 0
7.732417791429943 -6.53126427625459 0
-9.857508159842181 1.4700740278009548 2
7.970132754321374 4.4522586536815085 0
-12.37280615711285 -0.548671220500123 1
3.499915164755367 10.536616943227093 2
-8.603349493582865 -3.289175498418931 1
-12.402722808517822 3.167733399348582 2
6.491507716180053 5.826729281631246 0
5.3899926230512945 -4.748549994212947 0
1.4112641612447345 4.277157858884408 2
3.2825476154642304 -6.858282839949118 0
-2.8441056095585844 -0.9656409839078552 1
5.250658390834107 -4.455317843846675 0
8.174470779994527 -6.304856738470851 0
-0.12959455945381218 4.526568443362326 2
0.6022501523285223 1.7820893859506206 2
3.4561942298218726 -9.783706171118734 0
-8.346615133480038 -4.5132210862496525 1
-9.522734745647545 0.1600078540010414 1
-0.5001922945547943 -2.03028342037912 1
-8.677587660741986 -3.651311801514025 1
8.483365101172668 7.2727681975635186 0
-6.239569110610751 -6.575600429542202 1
-11.73782884017634 -2.5771210753631633 1
-5.236966344388097 4.014771097536033 2
-11.517715693544796 -3.257391563130583 1
3.703096530737308 -9.97022926918449 0
11.439175388978951 3.8598318545364303 0
-0.4742803648299927 -10.651521581272583 1
8.497490421853998 -5.247928147180668 0
3.7540323552251356 7.579442672223153 2
11.875208116631066 -4.253531883893744 0
-12.518961205969958 1.6775951179743853 2
6.221157674201087 -1.527168576646796 0
10.971668945396432 4.6298386496085975 0
6.051306568353552 -3.0714984203355127 0
-10.928801726610118 -4.355367989256996 1
-8.427644555844953 10.51879415210966 2
-9.556333831000792 -6.1804917544829845 1
-3.5221564272903905 0.648932911524032 2
5.103119551353009 1.9267247185269203 0
-6.179630317236632 2.0554109479257243 2
0.11791068394353513 -10.740534903372144 1
-2.3972043514869434 2.987013903166589 2
-10.045291371281097 -5.958070559519527 1
2.9803287120949857 1.0976047779817164 0
10.923136210280308 4.675638209049151 0
-5.345682758519953 -6.977171855996222 1
3.2393053523363617 -6.784843967905855 0
4.775798199430306 -4.987875026512134 0
-5.9031941678059745 3.1398731332478813 2
-12.554624829834422 1.9997024614857553 2
7.682015197036497 -6.538783213795563 0
-3.950429184593659 -3.410435712699623 1
-10.931388849730704 6.719407956477322 2
10.385417768122734 -8.035015016650336 0
9.551039909868896 0.9584571682377897 0
-3.759648059128593 -3.5619866717341675 1
-8.35047201774379 -8.18080769077351 1
-9.224681275028344 -7.072818919948959 1
10.299179504911782 6.070719765438731 0
-3.0599231417731114 2.943606830128619 2
-6.729852791219123 -9.087706423186487 1
6.1655392941291955 9.482549471657489 2
-2.6969257414394563 7.227055713116461 2
-8.934127296009725 4.504050002711997 2
-11.84135538661799 -2.8078685621881334 1
7.920660880286459 -6.332552510818394 0
-9.559283265617697 2.0368037431923924 2
10.132012558137228 5.728264146277609 0
-12.035597536567954 -0.6242012616336938 1
-12.34316050225835 -1.0111583840490352 1
-2.861992444014263 2.7172506824962905 2
11.339898142302447 3.9596710850508146 0
-5.56676240471097 -1.4812859821637732 1
-2.1922600153887917 -1.8516486421692875 1
-7.97368107393626 -8.107952431737628 1
-11.793159980765582 -2.7058424800257583 1
-5.991140761604776 1.5932763677236834 2
1.8618037257483422 1.7487935243551964 0
-4.748929700206632 -9.849366214597053 1
-0.037106408248214484 0.8792376381787208 2
-5.818542886619277 0.03485253965077842 1
-3.993669122279443 -3.195247561894771 1
5.825851384430018 -2.850476832817364 0
-4.683433171174799 -2.429458356244871 1
9.10738886201657 -3.7464599035571657 0
-3.9812200794971133 5.894621914160412 2
8.227602912600906 -6.327712603500775 0
-4.957138559690781 -9.888912165258173 1
0.4789340524993937 -8.185444975496535 1
9.458624616020693 -2.394195734881736 0
-4.567707029732115 9.293072569508677 2
-10.062243182546757 8.43841668280529 2
-7.021198913047781 -6.167573776648117 1
-2.383393044265821 -1.4734800882934787 1
12.458614881567497 -0.13409690961920306 0
4.693105635042651 -5.041272097071916 0
-1.0990850363578217 10.498050031610147 2
-0.45109336935681704 10.533660599193844 2
-8.79581004774988 -7.717875043299805 1
6.1062875078929135 -0.1002169452578085 0
3.6724160684038023 3.8182140689925888 0
-1.5778502118073132 -4.559429088695285 1
-8.10699796574007 -4.136336787686389 1
9.069238929713302 3.1026012545131665 0
11.844490453701553 -5.051614442542239 0
-5.080515330162196 4.493655153853488 2
-0.8416439176175902 4.263248408587781 2
5.193510349798813 7.023968711065125 0
-12.083969105896905 3.9131742501558473 2
3.403528497455406 7.844069846439812 2
10.878462683008205 3.9802067547781737 0
9.641386807992388 -1.226638301746947 0
6.563046139719608 -11.9521518792706 0
-0.6319265143322785 10.634375003906696 2
9.92240006143933 -0.5025232963517523 0
-4.695501934637262 5.60779062725959 2
11.939206560179057 -3.0915436014374453 0
-7.785954106304534 -4.828522144522954 1
3.7921164582299514 -6.293554788934066 0
-9.784957045753632 9.501335956022771 2
5.930212553579974 6.448269604513049 0
-2.8201737395734368 -1.341294101380544 1
1.6646904507505094 1.958433050760254 0
-0.28995245315870305 1.6388436636396622 2
9.408433265431091 -3.007262883900947 0
5.770637818097709 -8.869689011793138 0
2.555480948537574 10.84974270347539 2
0.27186045297271444 1.9457104650306873 2
9.683467527479358 0.5323314459582995 0
-10.990258287719001 6.760778227100965 2
-3.1084972834523925 -0.6848572829890235 1
-7.614928105704115 -5.145527157247146 1
-8.549089756520285 5.287976878568603 2
12.221715807752497 -3.9967087250366027 0
3.1507626284627577 3.708827813052952 0
1.3652200055922954 -10.807751791311906 1
12.080017092552133 0.2539929282153958 0
-3.4882040048998117 1.5110466196035923 2
6.216722271686707 -0.6309644909197979 0
10.791675553349007 -7.554097169846631 0
5.838293574708205 -0.4764939960036034 0
-2.5154414937968603 -8.139619451376884 1
-10.501447005021742 -5.378047147947898 1
9.28013495041598 -3.3811969608951253 0
-11.567823151310062 -2.694854716397438 1
8.673943044158712 -5.288158090585644 0
6.221483242523384 9.420521931094207 2
8.546204062935672 3.806267169785563 0
0.10936940357128933 -7.853729585024994 1
-9.020542807420002 4.989841736300282 2
6.804115073842033 -11.78987778903354 0
-9.632046821479216 1.450873878069846 2
3.380815535192681 10.339029969313735 2
8.868488121635703 -10.170116629005342 0
-6.434849886205734 -6.520227506656296 1
3.220947607377517 10.325989967907377 2
-0.050952841514247615 4.626162947825595 2
1.8539792319867605 4.545165261972582 2
-9.465257553982273 -1.917231734320873 1
-6.080788719813488 -0.24211302155200154 1
11.841005091112846 -4.491165895862296 0
-11.003988899311766 -4.600680575746983 1
-5.200059555480318 5.13304304659991 2
3.6155656120301365 -1.8447260565414394 0
7.820241228385478 5.103239055167296 0
11.731780754682509 2.2409491788486404 0
3.3840436706753363 -1.1903506781874758 0
-3.0688424725083636 7.0101900200506755 2
8.851372915562889 -5.222108378676495 0
-1.046980265988975 -2.268272726385012 1
7.559461416066697 5.554317275010226 0
8.038340123800447 4.890481871429815 0
9.224681275028344 7.072818919948959 0
-8.936948800664924 4.987944256643763 2
7.621477160964814 -7.059767934552673 0
9.48918559371328 -0.9348688515265813 0
8.429408138657438 7.595038410371581 0
1.8473331047162933 2.23433779078046 0
9.461483648166993 -3.446354554828033 0
-5.5072877732719325 -9.649161144761802 1
3.638577188210447 -0.9932027564243746 0
9.579241372328493 -9.099330192486704 0
-11.511687960809276 5.997561581188922 2
-6.900821355714034 -8.765614093877975 1
4.2114534364630805 -5.67470289400049 0
9.674186206978572 -2.0819265787070784 0
-5.594243001255615 3.5794801472833377 2
-5.91741032583087 1.844632457121687 2
-12.325314251151942 -0.514206513651304 1
-9.590336093742458 0.810197610212283 1
-0.38570900479668097 -10.689645111500669 1
0.5475111090456202 2.042274014739616 2
2.4044275198269425 1.5747100224689694 0
1.3742843516601173 -3.787861639471441 1
-5.900081543851611 8.770595172920087 2
-11.789873033255123 5.8211935524367755 2
-6.401750810835071 -5.918364171740549 1
10.226331479462758 -8.105586219152036 0
2.7083991639255927 1.0234446232053243 0
-11.084394350198517 6.163819748280567 2
-3.1094769257414683 1.7232170973831482 2
0.4046872630455881 8.003381262333036 2
-5.650063636105555 -1.618726133364909 1
-0.8538972043053195 -8.246321445041719 1
-1.4454212026093325 3.8877284203667726 2
11.026416322270492 4.785802205365351 0
-6.7420549828759135 11.825597905079249 2
-11.485524588928664 5.629549757642926 2
-11.275498144943535 -3.248378458948652 1
0.5625670295891388 10.860314611058444 2
9.958558534839089 -1.426560965157034 0
-0.3683206676692511 1.5527498686724235 2
-5.370361293609749 4.459768526568724 2
2.59767851319198 -2.867609408917034 0
-9.299029076593726 3.8632268617244634 2
-8.844031415053982 4.890467889636841 2
-5.8922552112285915 0.11247949272849966 1
-11.621847671001131 5.278791727428152 2
11.73782884017634 2.5771210753631633 0
-10.64142674856781 8.037225964727615 2
9.788608900693973 1.0180210898143969 0
-4.1337664911313325 -2.919308543843921 1
10.00643298734341 -9.056666837352456 0
-11.761668222276336 4.587722088154991 2
4.934297331764282 -5.3284093628257185 0
-11.180342282981389 7.225090869675334 2
-5.776579386334841 -9.482935579065247 1
0.15883951970446453 0.5487342583619124 2
-3.5921700207820018 1.0323092003787373 2
-3.558003911448243 9.97327256885446 2
-11.800604842520176 -2.784947380574591 1
-9.759090596672625 2.6834564555161724 2
-11.550978807885743 5.206542941088588 2
11.964965888964874 2.501407759481252 0
-8.913919780349902 5.2575585324423235 2
-8.005518097647375 6.245192263149266 2
1.721116766855701 -10.396146534504012 1
-2.8820334261551688 -8.146313652249917 1
8.364799306753817 7.789150075475667 0
0.9418542203835143 -10.814543198738074 1
-2.870557553373975 -1.5170022543345447 1
8.269581028451274 7.8806920645473095 0
0.04282135289759126 4.560675517065145 2
1.8513005596482146 2.07659461949494 0
1.0743660526567909 4.499765757764874 2
-4.665975548446316 -7.330500415447921 1
-7.219051124574376 7.193925897972265 2
-11.878325548972265 -1.6684078908449922 1
6.233768217233896 -0.7607760027134638 0
-7.303317697911974 -5.390106437297286 1
6.961656803872827 5.608929860896566 0
8.70039792380703 -10.064848206297738 0
7.899973732886853 -6.341753184703026 0
0.14213976992631078 -0.5377876253976628 1
8.012689402764284 -10.844024756574948 0
1.2795791986487763 -4.220496677971041 1
12.086327568396145 -2.734084952158689 0
-2.4309769833325756 -1.4407370119648495 1
6.996781203410951 -11.602700613604187 0
10.966579474828494 4.515439553687301 0
-3.6219126935615846 6.521095823012455 2
-7.525598013909782 11.33237240014435 2
-2.497083850809056 10.443778579837563 2
-7.899973732886853 6.341753184703026 2
-12.03641799167914 -1.2192416864908884 1
-5.798748093860748 -6.962191007699152 1
0.7840613831211753 -10.589120023667078 1
-1.166268491764151 7.6305047337909215 2
12.092524346164849 1.846808136556583 0
8.977039808872796 -9.909420054397627 0
-1.456139061197124 3.89590821032715 2
0.4863907622669513 2.0484030527076995 2
5.19406029582953 -4.532330768032632 0
-6.9625323881418195 -8.739441899459907 1
0.895690055307798 2.0900058074739554 2
-4.110792444496124 -2.9668837771977277 1
5.927223934872807 -1.7998867261836644 0
-3.5152962342675846 6.514064176176223 2
-8.738361126290233 -3.6093912344987795 1
11.816942156449269 2.053565922854909 0
12.320553176031549 -1.3080251769422278 0
-11.987456274694706 3.323008991664161 2
5.843953116490155 -2.071168235115273 0
1.774161835333185 -7.515907232801436 1
4.858913249600761 2.21068880016677 0
-8.843484419100225 -7.0370060741746405 1
-0.12115063405839496 -1.8275528856276853 1
7.687195524888138 5.017085594739015 0
-9.696369910227059 -0.5294124021904083 1
-9.065491986956012 -2.8566412852452108 1
-1.0818654564441665 -2.001164626069118 1
11.55133493750536 3.1925550257589634 0
3.574849660664818 3.5851443838543107 0
4.991096522700722 9.673725443922152 2
-5.860743171248822 0.8743053357166984 2
-3.7173016783298936 -7.710247149595256 1
-9.527868770263796 2.3118353852273312 2
9.933270819223358 -0.407743435742917 0
6.770870306102391 5.856023277214807 0
4.8829192543977635 2.5421605464093586 0
3.3926962430392313 10.622787089772237 2
8.009948849422777 4.553894267812809 0
9.40943883319329 6.8386160080145 0
5.170573810396553 -9.025150081052574 0
-11.341031288515858 5.8782029367229915 2
8.567653664226517 -5.064366945115537 0
-12.089355147462642 -0.35421384622816415 1
10.446324430087914 5.587427478402935 0
5.9032522106480405 -8.587955218500278 0
-7.02364473214514 -8.815068736591993 1
1.856929299939772 -3.8253058848068586 0
3.7650665007682975 -6.695440808581006 0
-8.610682598740118 10.223872655506353 2
-9.304541152271044 2.419877869896271 2
0.03950872404539568 0.4343099746292683 2
-3.9283726853435947 -7.757999618803474 1
-3.9476526068267783 9.611255218219885 2
7.444293503519941 8.381094014418135 0
10.14122506846129 5.376563393760187 0
-11.527883537035128 -3.1207647351718872 1
-9.737538803834985 0.8077006289095784 1
-2.30295497054703 -4.477358804254421 1
6.104124532387452 -0.5254802560487464 0
2.5964270399186087 -10.138549856751494 1
-5.936051951134412 2.962582360186826 2
-4.722281097280468 -2.3405409802363466 1
-7.932440642953464 10.69907076456242 2
-1.797851495179 3.602383237353067 2
-7.9152841929364115 6.622673697229634 2
-9.920275304874545 0.801540059413099 1
-0.23437869899763236 -4.613925993046102 1
-1.0027256170878278 -4.72338033225064 1
-3.5949620539516633 6.883591672258828 2
-9.833130543180552 1.5023615715226533 2
4.222800523313343 3.0187380135804447 0
-9.311954344161304 2.9933922758882447 2
-2.5385603825764984 -1.6249846627684634 1
7.852500615838987 8.189446745773404 0
-3.0772100699617297 -3.9918000824108426 1
-6.065316877036235 8.17170017450068 2
-12.397149014716918 -0.5235091945086765 1
-12.306581277841307 0.7907314863717624 1
3.0345129828128776 -2.3978566659618843 0
8.241904038355038 -6.47691259598156 0
9.260053778415942 2.269467458793293 0
-10.927189072487486 7.232886136112428 2
-8.241904038355038 6.47691259598156 2
-3.776920266790035 6.624140899007337 2
9.060166691617864 3.0078472639368385 0
-9.335506590176442 9.245029284873004 2
-2.50497989494641 3.514853567598274 2
-1.4839339956974 7.396513504550164 2
0.4036284307009184 8.136958669972042 2
-9.714574581438306 -0.8960351749164643 1
-1.950728441502207 -4.466910456789712 1
8.602589941232186 -4.611498325382065 0
-8.98547381532793 -2.6483769459073465 1
-6.347585212910066 0.8307823042148008 2
7.6293648331791974 -7.033893033206185 0
-11.571491978243706 5.431643780294793 2
-3.077402761508681 -1.32849456746308 1
1.4665507334013734 8.019161613891658 2
-4.796816483831287 -2.435147609099986 1
7.762220500728093 -6.541916954544642 0
-5.882832286034912 1.8226932609838125 2
5.687881411709709 -8.775263628079491 0
8.411618531760773 -5.578825390838595 0
1.1387785808608446 -7.855212466985963 1
-9.708050526308504 -0.01647696655570602 1
-0.260412662792605 -10.809937217297163 1
-4.9567621251345235 8.853985148246858 2
8.038884186806701 4.855886178056354 0
7.153953424028445 5.270698309523331 0
-5.204207785099488 -7.196881233142481 1
-10.91068378170781 6.873698732337862 2
-4.104304277796651 -7.883463257239583 1
-10.659696268286355 -4.48589647919106 1
-7.36527369224393 -5.4324446787205085 1
-7.172172119109793 11.65031550998559 2
-7.326366700838857 -5.676137069600488 1
-6.0118525924034385 8.005754699677775 2
-2.3276852829260064 -4.057385951811012 1
-6.762144024648774 -6.005989474106323 1
-5.908148316170988 8.60545156869703 2
1.9319877934540581 -3.4125950551769053 0
7.556365505329165 -7.0972937214633856 0
0.6822889578977875 10.817299923696176 2
5.977217038421453 -2.3306254070784718 0
-10.674165524992725 -4.914388027249513 1
-11.661244879214593 5.6051276735943105 2
8.808276939465117 -4.694332083675181 0
3.3841299181286697 10.6046094612946 2
-9.571343479359347 1.0707957456461574 2
7.324490806287543 5.666920484018177 0
11.130549860858157 4.134616058847001 0
7.252955818636455 -7.637114466026455 0
-10.280347194580068 -5.442018867976732 1
8.750963101922386 7.546927741456775 0
-3.1012698255647346 -10.502815734428502 1
-1.2705855237183767 -10.669043232839018 1
-10.300351935548276 -5.972068084191144 1
2.3708720520389464 4.213459290499581 2
2.8321970606580336 -2.832568572564363 0
-3.2248757673878474 -0.38114696369921264 1
12.167637989615196 -1.807239854852486 0
2.3257191570641114 1.5937438869799274 0
2.0929213994392963 -3.557518578731793 0
7.197839110710109 5.771053190765904 0
-12.462402181435534 2.921291581005121 2
3.434928721251973 -1.7636907014878513 0
3.520725108162317 3.6017376959057024 0
11.863097504000384 2.6727087297100103 0
2.898062976428736 0.9147450125313747 0
9.771093921194296 -1.6382600577737487 0
9.744844845202959 -2.196246185303341 0
-8.326915002751289 -7.694075126707461 1
-9.54623533993494 -1.6297744641591516 1
12.475863690734524 -0.9557785983177562 0
-0.5004834701366363 0.7008274596031064 2
-9.879015628547343 1.6070062191568664 2
-3.2222672747196976 10.024108618538161 2
-11.049475410983176 -4.4867263013112355 1
-4.577745549236507 -2.9688849410082447 1
9.482869011315161 -3.4802763775497447 0
4.0810062656255015 -6.2000964967812005 0
-0.9943426187155404 -1.9401211905650275 1
-8.92974804095021 -3.3409245299546466 1
-1.2901349437026357 10.79656401235604 2
5.485884322898182 7.07390209217979 0
9.86687450566985 0.3115250580383875 0
12.270060074842077 -2.298095012005734 0
-0.4423856122300405 -4.640935029526324 1
3.4717790463616063 -2.176244273981615 0
-1.5120341402243624 -8.136549664247003 1
-6.031718878519074 0.1628781902728092 1
4.112253062434871 -9.82943562404027 0
7.282601547740748 5.350285249181914 0
1.1364573593987377 4.664757138292682 2
-2.0989568306648314 3.6156092833351456 2
5.356622153800054 7.203314150525863 0
4.541229522044277 10.305279791833001 2
-5.25324277506962 -2.260123075174258 1
-4.08146986067265 -7.54306642677813 1
9.011556629676534 2.8868429537062674 0
-3.163504326803438 -8.144101027935665 1
4.639115053811634 3.16507334274816 0
-8.2689504836603 6.272661928672563 2
12.4604309431821 -2.867582938255267 0
-4.05226867155356 -10.296619590937802 1
-2.6329264818459968 -1.6238296201060982 1
-1.7344691995508712 -4.4104680791449 1
9.56850265781945 -0.6007560930265397 0
2.9944154912118393 -2.401372382345171 0
-5.029010604860787 -9.656911203892902 1
-1.244883130707598 4.054506645808742 2
-6.897016667258522 -5.828085140216283 1
7.694544619110874 -7.07085731699237 0
-10.646681903541232 7.704974338816804 2
-1.2194450364514426 7.64842597377628 2
-2.5505094562844866 3.255501113680033 2
3.0666843289884356 1.436975997828607 0
-7.2349115481802455 7.135239111125516 2
-3.4482514210979547 2.235418414089106 2
-7.541525616480132 -8.183432928821919 1
-12.007660042394052 -1.0785683602889624 1
-4.725517521058808 -2.6709870753556206 1
-11.716430924346298 -2.052994495926055 1
-3.4167965939660907 1.506320902117858 2
3.1924513944378123 -2.5322090692991903 0
-9.623579819331798 9.16199135509091 2
5.9083518187052295 -8.520749924629934 0
-9.827159081273743 0.41138015679725737 1
6.445647974568628 -7.7898974385848145 0
2.5825194091768755 4.455339930587374 2
3.539986658492923 -6.47899381538117 0
11.56344795267216 -5.623296015279227 0
0.982512855191332 8.19622680530465 2
-5.374895640012234 3.6152874009575915 2
-3.735412549195687 0.08368544920307253 1
-3.8132403820560854 -7.61729401373873 1
9.150002439319135 2.4045703489925905 0
1.6461968105940754 10.677746784710992 2
10.720590435050044 -7.183338676314274 0
2.244122335676016 7.893085723933721 2
1.8278650374684524 -10.564584616485424 1
10.156665216946939 -8.370950864219092 0
3.6152629017226214 7.657482893668234 2
-4.464879009452807 5.152875587367981 2
0.6654673715526063 8.335000711569483 2
-0.15368777471280626 8.048770419428974 2
5.719804502437014 6.982576401327149 0
12.252139210511316 -0.7127587277091627 0
-8.879378280776553 -3.4000226805524436 1
-3.609809527859271 1.1387277762038082 2
7.813760524166879 5.284397267743742 0
-9.641775891950852 -0.3234683189463906 1
-3.4213911794080643 -7.6527927835009 1
-3.3076892865823098 -0.8276882789714421 1
8.681403929268118 3.5846474815515212 0
-2.003298949132224 -8.107792295660621 1
-7.468700076696126 -5.2674932009579045 1
-9.284161132902058 -1.324326996267792 1
2.6545434673363033 -2.998170540461922 0
-6.277052798397504 2.0406664993160057 2
1.1596451894503903 -7.7343250829684616 1
11.987456274694706 -3.323008991664161 0
-5.001050197359639 9.067983369778219 2
-1.4757366095676994 -10.985720050626544 1
-5.202213583949249 9.22151192968164 2
-1.2626104247602554 10.409323607397885 2
-7.821673349620757 -4.697432089648971 1
-3.371569496525469 10.213117959606317 2
4.566263104239724 -5.482772607331084 0
-2.92992709636404 -7.8893442611080475 1
-12.416997659825592 1.276971952550999 2
-10.09926200805784 -5.74855794269431 1
-7.0755276913971965 -5.705527470375508 1
4.8646643891353865 -4.88461077601358 0
1.964328325465427 -3.969092772173102 0
-7.124262567406352 -5.656100475062158 1
5.5910301742030555 1.0873390156312732 0
-0.28939806972334103 0.6034809346213622 2
-1.2389567273553412 -8.082320005356795 1
2.8823835550772636 10.382800635840377 2
-1.2682405781132173 -1.9415182663534698 1
12.003463344227487 2.788044273983868 0
-11.630589187571198 5.326281821005457 2
5.71572414007323 1.0386621524970263 0
9.02667131790092 6.796383392661436 0
-5.40269113497609 -1.3665702916053082 1
8.423482053614507 7.7951314750637914 0
-12.335726335039272 1.3750631711953478 2
4.641058465111773 -4.874457177919454 0
-6.254263466737951 -6.53959771366833 1
-1.1597368758536422 10.388588297664624 2
2.809357812797987 1.2844327199093395 0
9.84506408624967 6.149304456379982 0
8.714601079544426 -10.107476236719235 0
10.596179814602019 5.373499609767585 0
-1.6308947137262202 -8.052308058941033 1
-6.802298017976868 7.425340031815288 2
-1.1328294903733764 -8.094834166975227 1
10.857602006083885 -6.800436682813175 0
11.770550686437124 1.7338446557446958 0
0.06100512838637248 7.922597430467861 2
-8.350754253027585 -4.552398865617323 1
-5.559887475345324 -1.022394583288327 1
9.487283933386257 -1.690363977387796 0
-6.762297232972087 -9.045865100974185 1
6.114955084898137 -8.159953899917443 0
-5.151633084413604 -1.7328979858660034 1
5.403037169790781 1.8613292554957663 0
2.7244642977231797 -10.068359965640255 1
9.398948394546927 1.6143266324474344 0
-10.140818604511026 8.523440889575848 2
0.8564201702072326 -10.76483672272431 1
9.01070983144531 -4.583093234298047 0
12.092637900219103 -4.330114926895854 0
5.51065431999622 -4.080919678498755 0
-9.686293964914771 2.6950682481260237 2
4.017832116065909 10.40109426750399 2
-11.85224316293051 -2.9478430713109893 1
10.86551430492113 -7.699881020017625 0
-6.039746216482564 -6.375678170347883 1
-3.417256534029652 1.2214165684078107 2
4.117069422757687 3.0236048175453445 0
-11.319202123532147 -3.3269537032173013 1
0.20335556153789366 1.9579622502629974 2
3.36027501358749 -6.543684448771215 0
-9.128547220020733 -6.975496813401694 1
-9.165558914936778 4.10687600938936 2
11.789873033255123 -5.8211935524367755 0
-0.0868174274714546 8.202362537818495 2
0.9144702527113209 10.56147935780275 2
3.6945153533938604 -1.1463996762601398 0
-8.616977992218093 5.236539720982658 2
-6.607021108509469 7.795140372401274 2
1.801220869053912 4.324231676023686 2
5.595421810423072 7.141588943400567 0
3.177768036150629 -1.8339328713516712 0
0.05195490050982948 4.424979774942935 2
-11.500495041488161 -3.1083586745513183 1
2.8742583416923786 -7.095086274119295 0
10.292045374100216 -8.648567647312815 0
4.446402408347606 2.876355455441304 0
11.885848688484538 -4.698776864455491 0
0.4529267807346637 -7.821347425168563 1
-12.442607275448836 -0.2860777290221881 1
9.676767635282918 5.995487523325492 0
3.8224354670366467 -6.42138606796852 0
-10.660052213602377 7.41753256237433 2
-1.3732718209439816 -7.969225805591604 1
-3.3220868746458225 0.5880180623701147 2
-4.69449772081968 -2.9028547333595993 1
5.811772033169692 6.871302002511497 0
-0.6049096979671078 10.625627714916803 2
5.429703830699455 1.7500367834096653 0
-5.323622138806851 3.6908909484099777 2
8.646324190842472 -10.15416305338064 0
-8.421265896003717 5.553954583392429 2
4.957008768571748 10.01003966990062 2
8.636360118275325 -10.212776057203069 0
1.1597368758536422 -10.388588297664624 1
12.34871498126187 -0.26533297403754846 0
-4.80628521309086 -10.343687592360316 1
-2.8486394326530804 3.028606037816416 2
-0.4707819513133577 -10.630361055767635 1
-8.159267159502036 6.076275180901138 2
-12.398554642628683 1.3806566165334226 2
-11.596541058423968 -2.6407938395603407 1
-7.78611160600369 6.272929107873691 2
-9.579241372328493 9.099330192486704 2
-2.752680540107483 -1.2011626372793993 1
-4.731114477784317 5.228060644976588 2
0.16043270333537585 -8.170102070291557 1
4.132041564858031 -5.85222046588086 0
-3.431102352034884 6.439937410489447 2
-6.591719486153911 -9.071233779906928 1
9.749806642611336 6.314620913604768 0
-12.471208974716342 2.8727135954497154 2
2.817444765868897 -3.166610525415499 0
5.791291176454087 -8.965316362675836 0
-6.629827187948063 -5.723334474639881 1
-4.28822504928582 -7.547967847662553 1
1.2219015630674923 -3.891259388942351 1
-10.606362529963766 -4.9680126817207695 1
2.8265740149161585 3.8106752902730867 0
-8.074769322539982 6.295531853686451 2
-1.6732879247546855 7.590063018152113 2
-12.469342322754628 2.2177871996187006 2
7.994852542829114 8.33180072744167 0
3.9172848326985643 7.563918308044275 2
-4.306590387768586 -2.9612895127002568 1
0.2550856270072144 -1.652105591795843 1
10.04575161418428 5.9784572930170405 0
-12.478204242852158 2.145378722276259 2
9.875728425887496 -2.056444999925761 0
-10.593776409329566 -4.928777340559837 1
-1.025095181484405 -8.278636456867536 1
9.513538701623474 -9.398554365426463 0
-0.8942633053217826 4.198996476807782 2
6.42778966367365 -12.119220087616547 0
5.48201718348502 -3.839127918893808 0
-2.705552708599908 10.318052239096273 2
2.150374159682902 -3.4244452759325936 0
1.1328294903733764 8.094834166975227 2
-11.465182921367036 5.718664655150128 2
-6.674561942783256 7.901317520559544 2
4.351229573432063 2.959301840274085 0
-9.337866998030416 -6.584906576663471 1
-5.417604214722212 4.222335183638289 2
-8.243914698534562 6.322620228779028 2
-9.520018798070597 -1.6837064185228627 1
-6.304734685053432 0.9436377246260765 2
10.923517076450747 4.625577930762306 0
10.063570755220933 -8.999085193299097 0
-3.6006659587565233 1.6099764724989438 2
5.419045907871924 1.617444176502446 0
11.631733665502265 -4.8909485074987735 0
-8.867158556250525 -7.608558648776085 1
4.581770482594292 7.318326279110719 2
-9.786769749464826 1.3597176261521347 2
6.003709007554885 0.1361395093978574 0
10.954502564159997 4.571253059744426 0
5.630964724450742 0.2561737119807847 0
0.36840811531561957 -10.48388163149983 1
7.154921157385983 5.4091762060350685 0
7.622708187881206 -11.592437579090214 0
-6.245215810268864 1.266755832916017 2
7.659528512511125 8.470168995017925 0
-9.484750094124713 0.6175286676971709 1
5.664164393732852 0.8163991282203567 0
12.482899416276691 -0.1952192085700774 0
10.840964195761412 4.881686391540658 0
0.43159862839703544 -4.270986067770008 1
-9.5013375158108 1.802480106102608 2
5.559927534285674 9.530769972361112 2
-9.724168163107569 -6.47123146667195 1
-4.4600613485241185 -10.11121951399608 1
-5.838393550895399 3.1208000982668076 2
-6.223147483766558 -9.354235529498231 1
-0.5725466515365155 10.763535433237998 2
6.022990845217374 -8.392313993873088 0
0.12077117893039346 -10.85727758786311 1
-0.29432101481379 -10.850915175226048 1
-0.09685696792504946 10.894169867112847 2
7.842495559051879 4.7093102060657195 0
-2.2642216279527645 -1.663924637932115 1
-7.2758889599641 -8.646872603606372 1
0.6043809118911789 10.600286029987126 2
12.155035872717416 -1.8341733174937684 0
9.738313819426407 -8.843872603715274 0
-5.739963462170529 3.9325633404805274 2
-7.266424194809345 7.165005262949492 2
-4.196852239795088 -7.85010932094203 1
8.055643087942647 8.401116547638917 0
1.361701333913993 -7.883590065970836 1
9.958948080658068 -0.7390712856350314 0
6.047181002500497 6.595477825580868 0
1.99871009139695 -10.386423617028827 1
-8.556489414564693 -3.8144290230597138 1
-0.8217535918119169 -10.743740764130486 1
4.792686618319062 2.4176001369788884 0
-3.0293747843768277 -0.87048404725026 1
3.014757029719595 10.685043225496893 2
-12.11999594643677 1.9212139439589324 2
5.9817957842022125 6.853382492525903 0
12.188397306848138 -2.934162323019098 0
4.986952590606968 -9.395711818517066 0
12.202243080441118 -1.322191846370175 0
7.2349115481802455 -7.135239111125516 0
-2.2205684901223957 -4.394957786607445 1
2.3922628915701227 -7.100584105955388 1
2.402077991712276 1.8430491465355 0
-0.053084042401382314 -0.23966133949615084 1
-3.629490220259312 -10.196823795935753 1
-2.011584580021191 7.474976065752465 2
-3.6426832525149253 -10.256660922793078 1
7.28549878312523 -11.91421148469228 0
-7.410818844843937 -4.9486428612582 1
-7.158010438407262 7.187082347835698 2
1.635352878542435 8.33069265650172 2
1.6450969250265202 -10.421623970622493 1
3.2248757673878474 0.38114696369921264 0
-9.464253387209636 -0.044288891594232355 1
0.053084042401382314 0.23966133949615084 2
9.104289087957373 -3.831279119540644 0
10.11794569767573 5.598182785404539 0
-9.704577151583592 -6.513599076532639 1
2.8421533203785936 1.251789867597457 0
2.7773132321673724 10.567640126852007 2
7.890892920849427 4.959707185189755 0
-8.103134023572297 10.875736786522989 2
8.81085494605501 -10.214234012564551 0
-9.66876281497191 0.9448732721996308 1
2.7920880035134825 -3.1515641833106516 0
-3.204725668887278 -0.05369316456125658 1
-11.932940929790506 3.732540189001962 2
2.8413757147716177 -2.594669370071196 0
5.7885639729760205 0.79196551681692 0
5.953602973280715 -8.618319153812571 0
4.948733746880159 -5.349536906587474 0
11.659525994441033 -4.87653548149394 0
1.5685554189804651 10.634843992709241 2
4.239832769378167 7.676180143372642 2
-11.465402289375405 5.6261208299300085 2
4.684439910001622 7.264593946685025 2
12.272014644086209 0.19644501637423367 0
-5.405409405212314 4.419447960955954 2
0.7373119645079452 4.776714534444596 2
3.4452251471587387 3.985855144908276 0
-1.8582253820702639 -2.075351434460607 1
5.65705756686384 -3.36384329075944 0
-6.031203702984869 -6.518125751850118 1
-0.7130981468695587 10.60989444552781 2
1.3071408245885974 10.971281184500311 2
0.39176035088794686 -1.140257672667929 1
-5.382959294189572 -9.840142740907732 1
7.560926464250363 -11.613876392601195 0
12.372866591557274 -0.6481210257812003 0
-8.328395985457956 5.5186991374375 2
3.5385187983263453 -0.6746781557728572 0
-5.5415753286229785 3.389233200097386 2
-7.490832152814446 7.221088794160457 2
-5.173404300998383 -9.713587125059 1
-8.492084792269836 10.013345758377115 2
-5.9002382307377275 1.5346608328777451 2
-8.005467671273086 6.62483235577901 2
-4.183516277380781 -7.685866204722972 1
3.2262587642534513 3.725413800094414 0
4.316047800341116 7.770926215651386 2
-5.103777073885958 -2.4891484213094173 1
0.11997698249039801 -1.1740798034362452 1
-1.0917553455460813 -8.300058271393462 1
-0.08147358821678269 -1.6694768787127627 1
-2.3207499808609064 7.048552145234134 2
5.824056892245093 -3.211364524584008 0
-0.6729582395122082 4.308756212285232 2
-5.457014285224314 9.022627195560224 2
-8.700065254671367 -3.4020405572339403 1
9.81501708283475 -0.3646669542999771 0
0.5638709923751979 4.360843738679872 2
-7.131197619381826 7.653603938657483 2
-9.84506408624967 -6.149304456379982 1
-4.955375876215983 -6.977149895212514 1
-0.696408643932726 -11.003263556832513 1
3.595366518020748 -1.3559179314781342 0
9.611193260397926 0.6730960357892608 0
-9.934340840020145 0.19752819885224993 1
5.851565726393971 -2.9957392458570746 0
6.284895015245802 6.442768867776383 0
0.2086221554490354 10.77513783762283 2
-4.898590612150399 5.447655366544742 2
9.154754613033411 -9.731749606614773 0
7.820783341206079 -6.284441604858239 0
-1.289875813648784 -2.0395219519982906 1
0.7472307334287593 4.766151989135185 2
-3.5723637888889375 1.9240675385714487 2
3.1451061252186125 -2.003103756345381 0
3.6207073774779666 7.851521231559133 2
-0.5582482257453812 4.1549306092109095 2
-8.921371789110779 -2.6859768491609253 1
-7.445679254530921 6.8731338619055125 2
-4.516379655960743 9.548373489453603 2
3.727528067261961 0.12072434079733452 0
-1.9869388373595078 -1.756239052895306 1
6.748166739701077 -11.732232654204735 0
5.804670384744115 9.62071528386572 2
-1.9591935545061592 10.428408919076443 2
-9.487283933386257 1.690363977387796 2
-5.192131739958777 -1.921725383560029 1
9.490962036790954 -9.412432459249574 0
-10.474908009998577 7.621990166001413 2
-5.838479550049507 8.516420948653417 2
-7.765067705005842 -4.970065762066642 1
-7.421426919441421 7.185030325436491 2
-1.6846659669935846 -4.202754546546932 1
-8.465591580611996 5.549167520514835 2
8.867158556250525 7.608558648776085 0
-11.668132496570486 -2.447373612577407 1
9.218118727035254 2.7708159111066957 0
4.34038036303127 -5.741994886584223 0
12.17288799743193 -4.372116377631887 0
3.2980707457114025 10.42564733727095 2
1.4454212026093325 -3.8877284203667726 1
-5.3958748190928 -1.2831783049783358 1
2.691158668998619 -7.000723713115428 0
-2.119944524628881 10.45495877485604 2
-1.095291643312998 -4.649841248494711 1
8.986376793869022 2.8034784442110277 0
-3.759969351134442 -3.495616469181206 1
-9.02301142405269 -2.5535342903892806 1
7.534993320270284 8.612885878361412 0
3.8790159511225992 -6.341302346747767 0
-3.010954053051404 -8.021359739876079 1
-8.392909652706788 -3.9541195606495787 1
-9.388851301501425 -1.3647931879358737 1
-0.008213910662036805 -10.67659016384294 1
-2.583159360071212 -10.486961710004291 1
-9.534890322853478 1.0062414188359228 2
2.6816673836498723 8.045205589898567 2
-7.290612921609586 11.454199103633046 2
-9.485891630689574 -1.8294949549724207 1
-5.703136877331686 8.542256057614383 2
-12.07495674233564 -0.7954141367127658 1
0.38705089000054005 -0.28612726003646594 0
-9.866855216813208 1.1871328862537098 2
8.917403486177095 7.161611800406875 0
-9.367446342378528 -1.060285769445577 1
8.231297297960893 -11.021045843046899 0
-11.885848688484538 4.698776864455491 2
12.145009499888127 1.313458210561512 0
-12.12070737498658 1.067761716375205 1
-2.5917532233561844 -7.781653786436965 1
2.3868784421366134 -10.2978763627982 1
6.739013271683687 -7.703798344842376 0
-7.720940121599844 -8.232356814541795 1
3.2840150613394945 -1.2504416646982126 0
5.31970898895219 1.7141381509014255 0
9.309237997333396 2.0752006971423054 0
-8.63466296660344 -7.688996100429703 1
1.8638317520999022 7.904602730303558 2
-12.270765243914948 0.16403065959756202 1
4.78036269604192 -5.114716026943207 0
2.8051728706061794 4.0305948756774015 0
-4.4974188530403385 5.6519294192398535 2
-3.7481402114542606 0.6225906047595579 2
-9.562169503815692 2.4585135574469428 2
1.9066402702603513 7.952853959188913 2
-11.285456514533776 6.568647792993188 2
3.2076065287231845 -1.960304886925841 0
10.67244662480906 5.016539715189492 0
0.22068535031096348 -8.244142227049414 1
-8.372326639945133 5.327502857050992 2
10.423157627197169 -7.735328015486972 0
-10.541390359974306 7.340342860891265 2
-12.555228992113173 0.6004497551175558 1
-1.6289722860580433 7.689474877810042 2
10.463688020406943 5.466058171496999 0
-8.814222242832907 -3.456703338452793 1
-5.719804502437014 -6.982576401327149 1
-3.4561942298218726 9.783706171118734 2
-12.091924425021242 -1.1180830368908021 1
12.269686297975626 -1.8407444636687509 0
1.1543434086758426 2.1216322393302476 2
2.2205684901223957 4.394957786607445 2
-0.44410592724685116 10.66920630059864 2
-5.625418778359385 -0.6467549256830778 1
11.575401227764512 -5.233193414687961 0
-5.604197529281582 3.730108729266197 2
4.139394013093227 -9.861412691701046 0
12.245222110548212 -3.545513048862542 0
1.1724984701242933 10.522832955242935 2
0.3780948235643972 1.6655246966250212 2
-12.357025164755363 -0.5469435994295062 1
2.520142688938839 -10.381993970222387 1
4.433106029146788 -9.527875967751772 0
9.615492821828017 1.4670167125171791 0
-5.598160845195501 9.03139660713119 2
-4.591133796696008 -3.127165650504909 1
-11.997428948707762 -1.7821956851588237 1
-7.64736600149888 -5.323030569668031 1
9.532946241567208 1.9233950064950958 0
5.309575931285662 7.053025752865488 0
6.094252759007713 -0.3867988405560904 0
-5.054266998448499 -2.418400229830926 1
11.729329717458793 -4.504264354191232 0
7.9134560538469305 8.106180607922747 0
-4.527707146595567 -2.708580139306925 1
6.250391569351824 9.301530205216508 0
-3.62809651529208 -0.03344772061655879 1
-0.2738437960834032 -8.251789473644116 1
-0.6579002030858244 -2.099039508178956 1
-3.308479247996205 -0.8340995637184996 1
1.797851495179 -3.602383237353067 0
6.369672916065978 -8.016196097963533 0
7.676793398315481 -6.324126495744992 0
0.970428287082635 2.1805777776295887 2
1.872405445879832 -10.442899765971092 1
-4.235528066136993 -3.0496500342678514 1
9.670729059860431 -1.4704402263735432 0
-1.3018062241724624 -8.349510413303424 1
2.120225394686039 8.067628632925517 2
6.5343400249966885 9.36537288548043 0
7.302495252539773 -11.32489448770815 0
-11.000710175589852 7.3059357139988315 2
-8.450465112337284 5.747916116609931 2
-9.331205629124765 3.465833983744859 2
-3.062538721573816 -7.838334981968677 1
11.194372745282523 -6.451799328528766 0
-8.082848134988842 -4.689558678917511 1
0.4520231306522617 -1.227641173250822 1
-0.9561123671841818 10.6546241985756 2
-6.888981227558164 -8.934315218238892 1
-10.403759405271305 -5.565207463714254 1
-1.7107255294314947 7.465871640626384 2
-4.575073908527152 5.343558386988201 2
-6.448154189485626 -6.076337280490315 1
7.03525478743211 -11.944611969590193 0
12.091219931540063 -3.6273772360933827 0
-8.322618844021845 10.614048015915078 2
-7.295367061025085 -8.577778010892331 1
-10.022870244514005 8.343909112669133 2
7.483283496004885 8.571899398656946 0
-2.8910600858594284 10.04348714852744 2
-4.0810062656255015 6.2000964967812005 2
-5.226938400217004 -7.097979943520874 1
-1.4184196794717785 4.125876519544045 2
-11.708933661790164 -2.3861387611608285 1
-6.886415430661769 7.854894032614386 2
9.733301099546015 0.5298312911010656 0
-6.336145630488391 8.11021522790659 2
-9.309237997333396 -2.0752006971423054 1
-5.799605435915641 3.850710948906074 2
-0.07003066249397388 1.5390076169003712 2
-0.9462071963933059 -10.852465725399076 1
0.9699690810047734 -3.9731728075093327 1
11.024800838149968 -6.639757146350421 0
-4.816887677089893 4.9327256369740455 2
12.037807554799713 2.0877508312191617 0
-3.4867861927160932 -3.675056375562856 1
0.7535702322927553 -4.3046282596029135 1
6.145694835995363 9.197232181109134 2
11.630589187571198 -5.326281821005457 0
8.069312253530759 -5.955200997465761 0
4.102914734533466 7.430603118140762 2
6.749796816088026 -11.479730939188629 0
-8.102721145464336 -4.860871233847579 1
-3.3944550412863097 0.15181296468192335 1
-5.426560858781449 -1.7753100748459967 1
-1.8422484400781625 3.5430677679267197 2
7.0725415760115204 8.970575174003699 0
1.762019274411705 -7.665001235594899 1
1.459555025818264 2.1899009456143923 0
-7.242779634661127 11.292608152962863 2
-9.432045562745785 2.3444356514750178 2
5.557534298699548 1.049624439857103 0
6.166687699187804 6.361457345326885 0
-4.082279441273161 6.004378659987051 2
-9.712734631524038 2.5031549528604575 2
5.642373709067493 0.3461360635085907 0
2.8688588018896892 1.0573698078315465 0
2.6761234067784385 10.79566310075067 2
-8.983905531752216 10.119205235158258 2
2.3040439982529186 1.8218504664137387 0
9.857508159842181 -1.4700740278009548 0
11.867001046494076 -4.929688806797019 0
-10.85867638206582 -4.246414184500908 1
4.235528066136993 3.0496500342678514 0
8.206549926173297 8.202880279608435 0
-0.7588078965788071 -1.8019383535868407 1
-4.063529948573526 9.640400330416183 2
8.72224083794682 -10.349443660694021 0
-3.01583388777155 2.560893010060247 2
8.44048990158383 -10.458875650814168 0
9.242404935104258 -4.117876711222941 0
-6.0485182985096975 3.082276964632115 2
2.9082026073672256 4.211242783521566 0
-1.1543434086758426 -2.1216322393302476 1
3.1191007482067596 10.656126611600712 2
4.9114901890168134 -4.816331612726199 0
-8.463475305589306 10.437138468737043 2
5.335926568041747 1.9699935950209415 0
0.6054517251452414 -7.7099472686354975 1
-0.9451485952109121 -10.750031835697078 1
-8.949203481545537 9.83242328422652 2
11.877049539802286 -5.22510242379281 0
11.504923727250198 3.909979866138355 0
12.195614538045362 -2.573725333890243 0
-8.589582641535529 4.783205503729689 2
4.268382042053164 -9.758821281026817 0
9.482121145860614 0.18472600552695123 0
3.5298795005086445 3.7802295712872414 0
-11.159687831782078 -4.339685735172055 1
10.231048949104144 -8.00422717293564 0
-0.4840598228020697 8.077008201273912 2
6.0039112908608345 -1.3511569838231385 0
3.4537617894782358 10.576565869339133 2
-11.800915023789685 -1.5652121047781622 1
9.754691467712536 6.7198228586628135 0
-2.685555479107372 2.878304512772936 2
-8.762343123509988 -3.0356411138767667 1
-3.591286638015984 0.5025984414323295 1
5.87515374674353 1.3113953703579384 0
-2.885349296906632 -1.4870668566367475 1
3.133169876161221 3.9847853155401363 0
-9.294586759923318 3.1173519180832128 2
-5.5392903882146 -7.270505264328582 1
5.608966001842276 0.900662483105203 0
8.594673860956549 -4.712586142547374 0
-9.291487959516942 3.9947236266151895 2
4.9630956468267495 2.3581967712685508 0
-7.747351114337039 -4.6611474264492445 1
-9.567193280305753 -0.548258566044974 1
12.430494032767635 -2.925371990409584 0
-9.317200198520252 -6.673435032309125 1
2.227559949241046 10.85842590988562 2
11.932940929790506 -3.732540189001962 0
-3.225126039952603 -1.1289720214535648 1
12.519431282373406 -1.677529187114487 0
-2.32726549636481 10.545834296517713 2
-0.017083713114291688 10.76022234936777 2
-8.92129052189792 10.177933602085325 2
2.1144338608600277 -7.451175207833759 1
-1.9411476028506647 -10.889588996125422 1
-7.993245004554873 10.999849317087675 2
-12.124452799736476 3.747669149339069 2
5.559925299747481 1.0239122319528038 0
-9.139096910301479 4.5795095871316995 2
-2.9242544803563795 2.980014760713672 2
10.64142674856781 -8.037225964727615 0
-6.279650005972677 8.105062038940385 2
-0.10913944063295615 10.674112450945602 2
-9.589641909287268 -0.5646101799451776 1
0.07270692935058126 -0.6030798783407196 1
-3.187019263730606 6.980087425028359 2
-2.6806330224142103 3.2806449278085275 2
6.975141279050652 -11.737194941010245 0
-11.787799201007397 -2.3192599230946915 1
-12.333196388102742 1.1305169331657439 1
12.040813019861838 1.317228788317538 0
-2.8837693784968845 6.830914322562446 2
-1.133606311188399 -8.038205053945916 1
-1.838755138313524 10.409568814525525 2
1.569805406190359 -10.47140407427901 1
7.045442773296251 -11.973356396568786 0
-4.645110969805242 -2.528216989390738 1
5.853943330252171 -2.2400699453723245 0
-8.82272214487255 -3.201877425202905 1
4.348083334464389 7.653336172176339 2
5.131309166876965 9.882100106317898 2
9.073206134890487 2.8983896863469005 0
6.616257065403092 9.020550429409951 0
0.48453857649586585 10.545560847090046 2
10.034252858646525 -8.525106290914438 0
3.1586159021230986 -6.96960989357261 0
0.3683206676692511 -1.5527498686724235 1
4.121381571738967 -5.935858402663824 0
-10.616989844771524 -4.748033148054112 1
-3.71787647328973 1.3116629564970361 2
3.0405997014242745 10.708363121507563 2
3.748736173000519 7.659101388057663 2
-12.197042825031971 -0.24617976064425756 1
9.71988511006943 -0.2788649150646592 0
7.99417775964188 -6.586953412402879 0
-5.237499683471264 -7.15265370595127 1
-4.648443082233524 -7.302079214426054 1
-5.968908503164979 0.975794366520895 2
-8.912326659710706 -3.3181018654096337 1
-8.837477999578354 9.912018174438932 2
-5.811772033169692 -6.871302002511497 1
-7.288498385632032 -5.436790877779669 1
8.118072689045308 4.788539647194701 0
-9.422646120850786 -0.6940848061963016 1
10.702564255925907 4.624105506004038 0
5.1895903192364665 -4.400811069638786 0
-8.447543205710968 -4.06945369610873 1
5.932587576030919 6.431914882339575 0
-6.153817764054001 -9.454198106639371 1
-5.2427035432748434 -1.7353029071733554 1
3.868919089603356 -6.166071775502672 0
-0.8842080511403403 -10.713782103026535 1
-7.924109148277522 11.3846265865572 2
7.652573697889766 4.943567020262839 0
-7.636694067256282 -5.168294532654656 1
9.565209556786302 0.8605279773166518 0
6.171510064896598 -2.2689162838402823 0
-9.026769588965182 9.994074452448519 2
-5.05422874817176 -2.0368139549316444 1
11.745153825784186 -5.213491234811996 0
2.8773342827383335 -6.874695291112686 0
-7.864213036353975 -8.12071818090693 1
11.54023994603241 3.243185384688699 0
2.25156960514961 7.915286846645355 2
-6.047188188535188 0.4448829709171014 1
-10.478021382660033 7.673067867154114 2
-2.051365061870424 -1.7617094670038655 1
0.6486924934913422 11.022293166656281 2
-8.228515082232956 6.363494906114542 2
-9.518453424904282 3.0947530290907412 2
-11.850449837246938 -2.1028240739066213 1
-0.18946629303882337 -7.9463458371859135 1
9.496191110016197 -2.3165334503765718 0
-12.354643978385747 -0.30693759466003406 1
-7.5079985756062975 -5.126720851608818 1
-4.079743876909053 -7.465035334154726 1
6.02552886101289 6.49871817429541 0
-12.446835135267627 3.182852722734539 2
2.3946017898133656 -7.404983657595212 1
-8.87542395461823 4.591649418699502 2
-7.965958880595967 6.154754560284907 2
2.496211677999867 10.585037679333919 2
-5.61253454315951 -1.1548827718528636 1
-6.512650924768372 7.97343463087461 2
9.262691907746484 2.0746552856163736 0
1.4097521803239126 -4.277789487003111 1
7.473583702501342 -6.666881129765184 0
-9.71988511006943 0.2788649150646592 1
6.659250476295911 8.977322811678093 0
1.8943056418754325 -7.430030229357268 1
-11.544867364556213 6.20228258220791 2
8.614281975056157 3.775564261662757 0
-1.3158594825809073 -8.285231788179727 1
9.717836300161625 6.818902314085325 0
-6.175603432457267 -6.578968833647938 1
8.251217196240654 4.172786688874018 0
6.21291499710538 6.786288892718278 0
6.801184227398785 -7.656416999079185 0
-9.323742726050863 -2.906736687104244 1
8.825536215983279 3.5315241589304565 0
10.201090209714174 5.797868172552836 0
-1.6970052821964876 3.94627255531551 2
-9.397958649083547 -6.785691348689351 1
-7.903593417801433 6.692562504393295 2
6.173892316751356 -0.35934941513611424 0
-12.341643272041749 1.7966123359383717 2
-6.923410036297409 11.87496425080928 2
-0.8758512294836974 10.54053920984789 2
2.562951347321579 -3.1532478086022406 0
-5.655765608614635 -1.2087333369178195 1
0.8236496022137442 10.82627218765267 2
-7.264523257730536 -5.730508967329963 1
4.590182331158035 2.833101291433485 0
-3.6001552545373663 -10.541635880990325 1
-9.489130016366257 0.4958085471227059 1
-0.04208590256865277 -8.31890118297425 1
-8.368886437908937 -3.9377571783504877 1
12.116874456411207 2.1688877060599965 0
3.4965532890730824 7.721557577606638 2
10.500396048925726 5.637096365987478 0
-2.659714111366882 3.171100744500253 2
0.7933735922210186 8.03229692335752 2
1.4129961908354511 10.818938705603971 2
-8.750963101922386 -7.546927741456775 1
-2.010491171925171 -8.364712804785954 1
-12.555990425707742 -0.01846231955179778 1
-5.739469928378941 3.741827183474684 2
5.964945008338474 -2.969404860000703 0
12.517004529730317 -0.9774882624429793 0
-6.351695202393152 -9.533352735866519 1
-2.898062976428736 -0.9147450125313747 1
0.5549716271377212 8.014256490575777 2
-3.1635076219014615 -7.771950264529111 1
11.180342282981389 -7.225090869675334 0
-6.486040077032583 -9.068804152400734 1
2.528161026327918 -7.311557979574479 1
-8.727924614327334 -7.195286379645018 1
-2.7782707220400638 7.006518310410952 2
-2.754500577805806 -4.380833928642531 1
-9.532474746681542 2.118903633180349 2
8.450870056482879 7.617999899757233 0
11.603085033477354 -5.449129260656927 0
4.687431053030112 2.953683846078523 0
3.4881283940273065 -1.8813774642446008 0
1.7669681704893745 4.6296371644680585 2
4.50919997406326 -9.48129257669575 0
2.0419370212827905 -7.357381901132927 1
10.427958506664279 5.40039760105239 0
10.177518970622959 -8.21126982155559 0
-3.341423179329612 1.5722018814936913 2
1.3785780228932298 -10.783352739730748 1
3.5955419489710194 -0.05216527772325867 0
5.797658104201172 -0.43831664617721 0
-3.247940922444548 -0.25242177555154566 1
-4.957479161270375 8.837437340692267 2
11.54844696621814 -5.86277559346199 0
2.2808609576067798 -7.603579946002818 1
5.771226955654405 6.805815998896543 0
7.35213360911082 8.877066891762695 0
-2.6444958254498756 -1.2668492932428574 1
-8.788157209536404 10.08194069714806 2
-2.2946366660967956 3.2658625821831215 2
-2.151991508692203 -10.508705094792411 1
8.736609940094384 7.40653625106165 0
6.553521041832617 -8.081378088328886 0
5.693281928037706 -3.100300080432954 0
-9.970731344415794 8.88965856389598 2
-5.189737779233942 8.803431052709291 2
-10.161018989675775 -5.871971269243007 1
9.36025052305044 -9.615210401713714 0
-10.174359848420767 -6.211518189665029 1
-0.02425325160212849 8.092840027995164 2
9.174307148975185 -4.286724435853778 0
-3.0345129828128776 2.3978566659618843 2
-4.7515339123518565 -9.89818404981758 1
-9.617905398617452 9.098989421318063 2
-0.7054054733369123 -1.9778040429578383 1
3.361280928274166 8.168932298371011 2
7.366273280729174 -11.211053978271712 0
12.32796737106573 -1.498149394661512 0
0.2311286495086599 10.79116220508711 2
4.44027912915223 -5.53053001135849 0
-4.512371187250602 -2.9029401899762366 1
-9.452586431627145 2.136876783123082 2
8.730042617800658 -10.026688003291497 0
3.1254124223242834 -2.2902033428709103 0
1.700762335945732 4.552139269919038 2
12.518428934136718 -1.8489369874916275 0
-9.410406905170603 3.2335970506702836 2
10.407354301887688 5.1914151105890305 0
-3.1370254924711563 -8.014985550591396 1
9.499555762001195 0.8014170851616718 0
4.647405781430347 9.954422610531639 2
-0.883942761075482 7.9844375712931335 2
-0.3718120207548264 -10.800993702641371 1
-1.3781504957138284 -2.015153950518044 1
12.257286945444338 -2.747713756727381 0
-2.3257191570641114 -1.5937438869799274 1
3.356413575709208 -2.138390762829543 0
1.4378497906279002 -10.725403496042555 1
-4.307526739656037 -7.60578189508447 1
-12.354390147088191 2.038309243257125 2
11.731782372892276 2.7810816108673464 0
-8.125708337390599 -8.22980331273056 1
9.068392525627925 2.4678625167655546 0
1.711088244242686 -10.377642852790451 1
-6.494716920812316 -8.906540268236038 1
5.739994269456687 -8.351362749810015 0
3.88355486920633 -5.879250025923414 0
10.45500610810271 5.492688169851026 0
1.1485042350194468 -7.654050474425833 1
-2.616788376511866 -7.812298111191949 1
8.86559904349972 2.9208978863130532 0
-1.0712680561948837 10.514376956224305 2
-2.120225394686039 -8.067628632925517 1
-1.875675176161368 10.516467773995446 2
-3.908212089212674 5.774761376866163 2
8.10699796574007 4.136336787686389 0
-7.331770336967752 -5.412053720229422 1
-1.6129211863766126 10.737829621763376 2
2.1453105623256974 -3.3915088502440303 0
2.1123226983283496 1.5229318104561065 0
5.813620416973305 -2.33240197841793 0
-7.176826969049801 11.529965064817484 2
3.5921700207820018 -1.0323092003787373 0
3.782652378340125 3.901848248868385 0
7.371136347292624 5.353311993485335 0
-1.964328325465427 3.969092772173102 2
-11.59747288558509 5.696261565113475 2
6.258995496254159 6.292593430776339 0
11.863080532099927 -4.933455385624712 0
8.786764484387446 -4.8428500986464265 0
11.911418145914869 1.461772805351337 0
5.189737779233942 -8.803431052709291 0
5.525701813479454 -3.1865842480516964 0
7.80984528619134 8.110557813678575 0
8.67057469852019 7.3928886644430785 0
-8.673943044158712 5.288158090585644 2
-1.760863300284631 7.826789567026979 2
-9.563331873375423 -0.16441011947599407 1
8.71809563705853 -5.160304298651848 0
12.422755440091368 -2.5945303092487455 0
8.554239840466371 3.8821237062914067 0
11.010049844164119 -6.806863706243231 0
10.728215962517915 5.20410759245571 0
-7.598903765766291 11.1839627436724 2
9.93733105984843 -8.501523302916297 0
-6.676837632761972 7.815599706891111 2
7.934169861516789 -6.520092602706389 0
0.7409493369461894 -7.8445184811028135 1
5.49111824009924 0.7789691860557055 0
4.825620910700516 -9.364744607841196 0
8.85048408971118 -4.37562705866712 0
8.240773611980728 7.875415021194943 0
-8.171468338704384 -3.9653587855003884 1
-5.978700034673895 8.323936502962118 2
2.0711738474529424 -7.10802795241099 1
2.4992753827997762 -7.008968620614385 0
3.1335475650905913 -9.911716808146684 1
10.927189072487486 -7.232886136112428 0
11.693955683215304 -5.693041279211837 0
8.28333462362708 -5.805440550579824 0
-6.221157674201087 1.527168576646796 2
0.0868174274714546 -8.202362537818495 1
7.368738586155429 8.493497696912334 0
1.745408206683546 4.5588832745298244 2
-10.76458545165328 7.112727137098041 2
-2.1753318097529504 -10.530649016421286 1
6.022473856413811 0.4313458169568201 0
5.566651735811465 9.999832327168457 2
-2.3301195680596147 7.600428008146596 2
-6.975141279050652 11.737194941010245 2
8.225867575575515 -5.974219534414977 0
9.162240114867211 -3.9538014475900107 0
8.98887797928585 7.139301387923647 0
7.947861059916507 -6.446112725068444 0
-1.6100812641003872 -2.0271933462980773 1
5.072966063542426 10.101201840061186 2
2.4821290992449234 -7.05884334444318 0
-12.260637950136383 3.1851700318036413 2
7.7801999299239615 4.973827610007119 0
12.270765243914948 -0.16403065959756202 0
6.034059663040863 0.5154631948737718 0
-12.079097264479184 -1.0273096743480483 1
-4.758408771168515 -2.454901055874149 1
-0.14401814157726656 10.69641668223582 2
-5.379294996338356 4.735408499303627 2
2.804548903788283 -7.258313865183225 0
1.507958876393476 4.254419532779529 2
-3.5479714217113254 -0.4036017374338617 1
-9.049700808345124 9.995741420109615 2
7.502253803610193 -6.618348683468957 0
1.4091139391034948 -7.763972391317277 1
-1.8085212480998045 10.401783011584142 2
0.44302267821433555 2.015415996642142 2
-2.599713028874799 10.049006333700952 2
3.355515681608376 7.8387222302471615 2
-6.517846738182571 -9.232661902176616 1
-8.14063994248482 10.917924255321918 2
5.975874003418788 -2.1033619453490093 0
5.585435970565205 0.6568834844561122 0
4.1337664911313325 2.919308543843921 0
6.1949172006746815 -8.310211836482573 0
9.938515607244707 -0.2225765229791541 0
-3.0825214147197846 -1.0718253768265322 1
1.5517768009446846 10.744463208881996 2
9.627429061114608 -9.074906211521713 0
-12.232662278343561 1.4662255887351077 2
5.559969163929944 -4.237997222874929 0
8.200295929018097 -10.68718896871119 0
2.9905470753184655 -10.284006495199485 1
12.327224505067733 -3.391923572601959 0
0.8881855920468729 -7.600536121804049 1
11.76596615322057 -5.072882511557797 0
7.598903765766291 -11.1839627436724 0
-6.201372251289493 7.990541746907348 2
3.337140008809606 10.49904763879237 2
10.680260386620047 4.969035471549241 0
11.779104203555926 -4.678565481140394 0
11.916660823288561 -3.794535665003616 0
-9.935221715168812 -5.742170682511569 1
9.172626229225314 -4.2026506702022814 0
-5.462630178111646 4.079560254239708 2
4.0039601279630395 -5.80385226148522 0
3.2071923980043877 -6.837151037783457 0
-3.674677590303339 -7.797856210686606 1
-7.126985185064051 -5.627337765607777 1
-5.498260149864642 -1.3705103469711728 1
11.330485236234754 3.4754435390702234 0
11.76387389807848 2.869245480719402 0
-7.28836858926586 7.310132007686058 2
-8.807508959880144 -3.3696858456042547 1
-6.42778966367365 12.119220087616547 2
0.1846960159946654 -7.949881033315432 1
-5.139395159521087 -2.428482759710678 1
10.659696268286355 4.48589647919106 0
-9.670644649759815 2.284892255934027 2
-9.545603306547207 -6.525272561128604 1
-5.420031837400691 -7.066354120859783 1
8.09234526021249 -10.728583083842043 0
0.08145937806418874 10.827333227554076 2
3.9476526068267783 -9.611255218219885 0
4.545579028947329 2.9171672370816943 0
-12.198868388840761 1.0664728653797075 1
4.171054424281496 3.1215912031210395 0
-9.98807909653501 8.576870303948805 2
-11.967237015127726 4.832362886045946 2
6.439032160432743 6.119506566113425 0
12.079492861556632 1.2584332256082957 0
11.671607906765132 1.9950140612426168 0
3.630847169687971 -6.447898525522445 0
3.8123659954330114 3.272888221654533 0
8.405981726744706 3.868141690942497 0
2.1104614296141455 10.471603068478803 2
-1.684462448930243 3.759268591154626 2
-4.380636397712447 5.54836208066583 2
-6.914855527078028 -6.320588872651387 1
-10.966579474828494 -4.515439553687301 1
-3.1220305698840227 -3.7495452056345338 1
-10.099498292692683 -5.833505361731882 1
4.359575716685707 -9.635363647851634 0
-4.8962611155899545 9.140497308182772 2
0.8123181354970781 -7.912229325702899 1
-0.5628147967464453 4.096438720530647 2
-0.7012291922580106 7.830629651159114 2
5.32126605161795 -9.222842538476494 0
-4.477041891705976 -10.355759721892735 1
4.183516277380781 7.685866204722972 2
2.3247761799818765 -10.266409802835785 1
3.244202758553747 0.6814800989260608 0
0.8814731542526371 7.9457958767182975 2
-4.077083536982506 -10.538626611596618 1
-2.0465582157789712 3.666650894323746 2
4.664636601659393 -5.212724039610592 0
-7.35213360911082 -8.877066891762695 1
12.190644542978642 -0.3647308051859659 0
-7.576297147935805 7.30481092296723 2
1.603645878287925 10.651338371013026 2
2.829851930204818 -2.9299540805408726 0
10.595390651961218 5.243221733493467 0
12.070823381807902 -2.108716708621128 0
-0.043685945547869864 -1.5349975951171457 1
7.2072404755980175 -6.979669277077334 0
-7.750257389266908 6.459928724312588 2
-11.560836159907302 -2.678171683638178 1
5.588608827914418 9.570779526275503 2
12.060404196356359 -2.87482581447231 0
-0.13287158816435643 -1.918313453366054 1
-9.7970884436564 -0.5418509732338151 1
12.35631935703653 -0.40436520635008516 0
3.0379779199434904 0.9870573866396507 0
-3.6892783874560293 -3.259503392500884 1
10.740987682850202 -7.6039877546803005 0
-7.324490806287543 -5.666920484018177 1
7.780788343789595 8.361756777354218 0
-12.41800444882588 -0.3264138093035921 1
4.957479161270375 -8.837437340692267 0
7.281936560663217 -11.285648301083313 0
0.050952841514247615 -4.626162947825595 1
-11.97062830190992 -1.800120866663137 1
6.099183298409344 0.01613761127922886 0
5.00257698551126 2.039860765020567 0
-9.077857677894471 4.197728899605629 2
-2.932327977668188 -3.8447959522747017 1
-10.963240292959373 -4.153509228414924 1
6.2000615206019365 -1.9704784300772054 0
-4.846216633652596 -7.27122344139966 1
-5.65705756686384 3.36384329075944 2
-0.9144702527113209 -10.56147935780275 1
-4.57322259495358 -7.669948174529232 1
-1.3128577056004436 10.73312272911148 2
12.25152272188508 -1.8181589673344973 0
3.215653933345404 -1.9918415186867382 0
-11.010049844164119 6.806863706243231 2
2.1922600153887917 1.8516486421692875 0
3.6606860546473348 -9.619100944572022 0
-1.8698318146183839 4.010129479709198 2
2.873051498852102 -10.25017263212741 1
-1.506423984897732 4.237778605150066 2
-10.251894800004582 -5.538559122285909 1
-6.167423027016022 -9.646659315843706 1
-5.447602894496804 8.674713536905319 2
-9.1532178526696 10.019667549720507 2
3.5989391045837 -6.571015106013832 0
3.373411174352405 -9.965866706369516 1
12.185268439551821 1.9885359579194013 0
0.557598043995005 2.0637063801458995 2
9.452586431627145 -2.136876783123082 0
-5.8867744371857125 1.645061676122211 2
-6.000892368810174 8.631474266145622 2
11.246629674695999 -6.888927007151112 0
-1.599071889521556 -2.140858740871972 1
-6.838988006395463 -6.265314196235637 1
1.5104154220620067 -3.9527352331457135 0
-8.92266259689379 9.870372917645037 2
-5.461069678780208 -9.884654418346525 1
-3.3816320072264614 0.286742065250996 1
8.655842566570179 3.795469038178183 0
5.270759732342559 1.7832172813584704 0
1.2760118347974934 10.58141888567416 2
-3.326220037723141 -10.311650609247502 1
3.4755994619757153 -0.4162735093902396 0
8.162682259598357 -6.288162513901695 0
0.1668428214572481 2.0022799800563247 2
12.306581277841307 -0.7907314863717624 0
-5.731690949533301 -1.0571376497401814 1
3.183391586630933 -2.571471094570655 0
6.762144024648774 6.005989474106323 0
9.168249092271047 -3.7235092414033417 0
2.751720442840358 1.0840728603929362 0
9.648858735841072 0.7891855691973588 0
-1.7160691618840838 -10.811178023389104 1
-8.817703250364087 -3.670507231561306 1
8.073439397597273 -10.912107109110355 0
-3.3501074030394666 -8.07359669714349 1
7.7520294922037145 8.328814181515362 0
11.196954229995663 4.090841955901105 0
-2.9462310386939006 -7.899283999282485 1
1.7462701640212606 8.005560368424412 2
-1.4227396671873693 7.527784842314535 2
2.7200782863487003 -7.215552242178221 0
-3.0666843289884356 -1.436975997828607 1
5.207775197846164 9.7700178398189 2
0.642335066270722 -7.807027234185804 1
8.459063175276416 -10.478576330902188 0
-1.189079696031013 -10.982792774467875 1
1.894787197121572 -7.303301400586286 1
-0.8814731542526371 -7.9457958767182975 1
1.8931549132875625 -7.426102486522018 1
-1.3797328679221852 -8.33157477273151 1
-10.807651755859784 -4.858656305813423 1
4.275599481990945 -9.556041297663642 0
7.827626770838017 4.5612656457406 0
-9.249716371974671 -2.137531150425297 1
12.313294177714988 0.2814296954440004 0
3.5068915445420896 -0.2918745441436359 0
-3.6152629017226214 -7.657482893668234 1
3.4784206425160753 -1.6049444531570667 0
-2.4458572157927145 -4.291283121017926 1
-10.86551430492113 7.699881020017625 2
10.176940959444718 -8.123929360245993 0
-12.423520564130078 0.2269417379712642 1
7.47211671925541 8.735423964237771 0
-9.5682473723243 -0.978466825603117 1
-6.047271874923475 0.42895079979989265 1
-3.9957972008718743 6.314043271095253 2
-11.87167366728196 -1.8740022567100991 1
-12.216643234191176 -1.5917534450561879 1
1.3811887939533447 8.046458388330256 2
0.8097999059016883 -7.780295492651859 1
3.3859972282805573 -1.292331065748063 0
-3.477118942231404 -10.284668592825044 1
5.759006568960888 1.4114872297701049 0
0.9239339772429155 10.976128437417088 2
9.956992043675196 -8.508252442314253 0
-8.407168238176364 -8.006070371594532 1
-2.963764224338339 -10.784169352369416 1
6.552380083012516 -7.787845848945334 0
1.6889309522586782 -7.38859574239068 1
1.874841549576346 -3.9984490306229086 0
-4.344588416206517 5.599441549139217 2
-1.5867201977165974 -8.072440151535698 1
8.969634176682437 -9.995243978444206 0
8.07687235011664 -11.050246607184963 0
11.054948898849165 -7.404497906118616 0
-0.22369634650751555 -1.825275545246412 1
-5.892261118044748 2.2635655831615367 2
-3.2340752801634145 -0.18758963696984587 1
12.180737532641421 -0.039320163980907305 0
8.079913336080246 8.160249896726361 0
-11.563218963230081 5.375610110235445 2
-5.9533511611531855 0.8701092020573354 2
-9.97593571608431 9.154710904118323 2
5.00551049334669 2.172119276087878 0
4.204578040055324 3.0165577804423216 0
-5.086197638363208 4.412276071366966 2
0.0730768978988739 4.306410027339763 2
-1.5218754602723847 7.670479580503656 2
-11.189173736376121 -3.511389176234135 1
2.1039120235331072 7.960005649120315 2
6.415176983040121 9.334929020038462 0
-1.614652080309709 -2.1978193422701926 1
-10.67910714695093 -4.624585345909564 1
11.81852062451733 1.8414573549665534 0
-8.616212803632596 4.848633355993821 2
-3.6724160684038023 -3.8182140689925888 1
-3.2071923980043877 6.837151037783457 2
-3.447387680683511 9.881478055813464 2
9.608463300730982 -2.5716938215663943 0
-11.693955683215304 5.693041279211837 2
-3.902949970243373 6.389667907498434 2
1.7529317483361355 2.143838643612755 0
6.73621340655964 -8.11993651142224 0
6.355683956478618 -1.1020268283128496 0
-0.3521255316631389 -10.84420859606322 1
6.094200804191738 -0.16293667843528148 0
8.35722682411892 4.366516206884594 0
-9.653800589929801 0.7602151604219998 1
-0.1544769544632516 -4.579389034340726 1
7.497631930510325 -11.323983439064387 0
8.310704113305826 4.18564708541907 0
3.3786525214752596 0.6316806330931771 0
-9.530486259754092 9.486929840749518 2
3.414799141275647 -0.6561266248665971 0
8.292764804660907 -5.290495049064 0
12.141158514658612 -3.176372018928171 0
3.925386672642376 -6.235506126659782 0
-1.1634763695425965 10.80798951524483 2
-10.04575161418428 -5.9784572930170405 1
9.53748032740181 -0.06631490478662538 0
-6.669212057009745 8.028746205574292 2
-6.458413351743255 -9.592624808721668 1
5.702860007232789 -2.7015602845680706 0
-6.386878437728788 -9.473475594978407 1
4.177485809088054 -5.8143344663457235 0
3.1371984873823338 -2.3857464830835093 0
12.476634169363725 -3.0932863704886864 0
9.511010862312695 -3.2470510769112235 0
-12.26432218499084 3.778169969096243 2
6.19058147581871 -1.7683434399604316 0
-9.147991701794547 4.024983589675191 2
9.651129138580597 0.3948345590086685 0
-10.326806833108645 7.834301592992147 2
11.583695991236056 -5.693530985025694 0
5.167923967535388 -8.95598925952903 0
-1.8638317520999022 -7.904602730303558 1
-12.489977323339838 1.466311077321989 2
-7.271481983882698 7.413907284610148 2
-8.42292109379149 -7.8153487654759575 1
-12.003288393654202 4.302577628859149 2
5.421603109150502 -4.304922476425138 0
9.377982797639024 2.675538374664833 0
-3.6019681399943693 -3.686179903526641 1
4.056185668538224 -6.066647139812613 0
7.123235878969076 6.079112558989509 0
12.089672551704268 0.4009496734799676 0
-1.00676005925634 10.429218333725013 2
0.22369634650751555 1.825275545246412 2
1.3126188988256569 -4.177786593197582 1
9.438846086059328 -3.406498323877186 0
-0.41435709633268647 -8.328072787339517 1
12.364334429180467 -0.3950019057717437 0
8.297043159903328 -5.722374147503262 0
-11.339898142302447 -3.9596710850508146 1
-11.223018252078745 6.0264177878037835 2
-0.8264229701673559 -4.644805469419486 1
-1.287231446178462 -2.1450160117005774 1
-7.506886306118173 -8.423261560542057 1
-9.174307148975185 4.286724435853778 2
7.648976988973351 -7.018863719526495 0
-4.923695266163789 -2.2920531486796443 1
-10.446324430087914 -5.587427478402935 1
-7.402301337673586 6.9965641373826 2
6.457498122067662 9.05653724453157 0
-8.060543392677598 11.038993446220845 2
0.8724436703509348 -7.670446918123627 1
9.016210609566892 -4.911184514423705 0
-2.0315361471929325 7.195593454934207 2
3.5070985103725154 -10.021340253228214 0
6.119858950001595 -2.3717854221008694 0
12.489977323339838 -1.466311077321989 0
-9.025776151378746 4.516803780702061 2
-2.403386469544018 -1.7000236390987042 1
-10.85939771042729 -4.213584009570663 1
-9.517023178789406 0.5543632383533192 1
-4.6580084011212595 9.422806117319244 2
9.147851479662446 -9.543682915312326 0
0.7807356038232776 2.125995883705168 2
12.423532040773697 -1.8296151631224926 0
11.593963414915633 2.3540076247621933 0
6.06470618614688 0.2626905161876481 0
-11.86149766164185 -1.6352435474358917 1
-2.406812195770454 10.373477256351357 2
-3.59788051549442 0.5985557371755778 2
-3.5707443369792857 0.558765031453959 2
-3.3825210616166825 -7.840586698709267 1
-0.786575984729033 10.827659219934468 2
-9.670729059860431 1.4704402263735432 2
-12.263724751049166 -0.4640473258605104 1
9.931479347675381 -0.0338150344269868 0
-4.475264077963956 5.623347126187794 2
-9.089997102269992 -2.813337567153783 1
7.602417323760229 -6.517236265228242 0
8.3610454440415 7.639402601246633 0
-12.245222110548212 3.545513048862542 2
2.0044482787299547 2.12192486029709 0
-11.465748279468668 6.054046965873747 2
2.030119832238567 -10.398336445531667 1
-6.281829002818784 1.8054556063928466 2
2.398806284639946 -3.347152761419991 0
-4.272509802840293 -10.29770675631163 1
-5.0961779018244835 5.1326667853969274 2
-6.156084601943398 1.893075977887797 2
-5.081214234914915 -7.185582106452981 1
-1.3848722027402378 -10.54646981036759 1
-3.526840314312827 -0.16486186473214126 1
10.317432833994497 -7.960395884753845 0
-8.995026113841641 -2.399403173296598 1
3.430178502211892 10.520055542495951 2
11.417604638385859 -6.0658709394962 0
-7.356235576175817 11.464694567067538 2
-10.83865581873261 6.837197341010784 2
1.6689737098927346 2.1187946127560338 0
-0.12179987404107112 -1.7068981194292263 1
-6.2424955319132165 2.1624326003561007 2
9.343220852102446 -3.6037135939453377 0
7.620294773381159 -11.185657382745621 0
-1.7438287799301164 -4.708614780726096 1
11.979085175152413 -5.19534369457314 0
-3.6769885023754503 6.166685432730841 2
12.294348955098513 0.6899276843816127 0
-8.592880509696739 -3.9195826422912208 1
3.5994454606152213 -9.742676914798327 0
-3.93740892260619 -3.4111739873834184 1
-12.042596179862834 -0.567358801872918 1
6.9402386168609 -7.691248836621312 0
0.012018214769348862 1.7342143804438415 2
0.01597727297339696 -4.578568953281062 1
3.993669122279443 3.195247561894771 0
-0.775524503271412 -7.947334221714759 1
4.695501934637262 -5.60779062725959 0
-1.7380318690874008 7.378286140022477 2
3.0790244002355758 -2.138565717932386 0
-12.269686297975626 1.8407444636687509 2
4.689351870857857 2.5417592965233444 0
12.355011245381322 0.8374692431089095 0
0.9943426187155404 1.9401211905650275 2
10.441994438780174 -7.837865878826925 0
-12.250490183102853 -1.4538680888226492 1
3.3698818220894724 -1.2211456780100043 0
6.756307495777431 8.784648115889732 0
1.7987795899877184 4.303063879472379 2
0.5393932670533867 2.218851889770267 2
-1.4614686642556243 7.4604070656062 2
-8.736609940094384 -7.40653625106165 1
9.109186381969849 -3.3797940963430926 0
1.8609209433121676 1.7955508973659866 0
12.115021616567812 -0.6893655542301103 0
0.37498984743548797 2.056408493837326 2
4.019655307844837 10.164292754401076 2
-3.236899344714258 9.910567233272328 2
2.225638512390504 -7.670344881718763 1
-1.0568774108210692 10.726054977273748 2
-1.358440695928144 -1.8299967656663818 1
-3.2326331520911156 7.007741820551316 2
-11.4126062041444 -3.2246076274165185 1
-1.7007111425088763 7.827874312805638 2
-9.909121253448854 -6.382922440075509 1
-12.208092355402204 4.116795125207374 2
9.932744851360143 -0.7705927563747335 0
7.374035336869111 8.520030395556066 0
-10.791675553349007 7.554097169846631 2
6.5839688199989865 6.109803248219644 0
4.704135775511694 -5.5508733511785895 0
6.247926643488807 -2.220399231475847 0
9.698370845934235 0.9853415406782875 0
-3.678736692627501 -8.012201148582937 1
7.702494000375968 -11.254184863031343 0
3.5222555806639355 4.03380765628236 0
0.27368372259771956 8.352502830990467 2
0.6207088940636043 8.024945867278158 2
-5.085876459764554 -7.413065584576518 1
1.861770548944999 -7.412801501956803 1
-3.0405997014242745 -10.708363121507563 1
7.924532931301335 4.827658979671003 0
5.479069690318474 -8.835348352986244 0
8.807508959880144 3.3696858456042547 0
-7.890892920849427 -4.959707185189755 1
-9.116133364706346 9.794902364933517 2
-7.558865916055925 -8.648360603194412 1
4.132259545191137 10.332138108979795 2
-6.819792582336582 -6.172378161937632 1
6.039746216482564 6.375678170347883 0
6.278905560719927 -7.944779833276181 0
-9.385629434059696 3.7151284718560214 2
0.5991440622176858 4.596841657879756 2
0.3990380886517713 -10.987199952242113 1
-9.387030179649111 -1.016080526237323 1
-4.840371302899419 8.981599805803356 2
-9.459165308196823 3.4642797547383206 2
4.948379944301107 -5.081409661807132 0
11.326850231307288 -5.791213262513281 0
-11.680353608512581 5.424406332876978 2
-10.680875952119157 -5.135358544254236 1
-10.234037887822522 8.363095446191112 2
-6.100693924950376 0.15141977988922387 1
-0.5094635654734182 4.506352515369732 2
-5.33247879842279 9.086397178456899 2
-9.898260955972077 1.256048587670769 2
-5.054039183011571 5.255396529573058 2
8.981014025755828 7.154008865518825 0
-7.114332616078057 11.721759120606114 2
-6.066526058605006 -6.671973462134171 1
-5.22058376424882 -1.9396514202168016 1
0.9224188468829537 -7.594897682060803 1
6.921536012950637 -12.02728261162454 0
3.5028249474767206 7.56062084008559 2
-2.42523304868594 10.084368358823914 2
-0.44867726482131665 -1.6355077740416002 1
-4.333611125427742 9.27366057185702 2
7.439312598053227 -6.780687640644972 0
0.15738250127166298 -8.046859566089337 1
7.583319033139849 5.51349800048876 0
8.82272214487255 3.201877425202905 0
9.229745292555641 2.195205154028222 0
-7.0389417745869824 -8.843581347371504 1
-3.5118327980391992 -0.03776978801486758 1
1.6934441837964416 1.8131550288057274 0
-4.520026106037256 5.346635383938947 2
11.511687960809276 -5.997561581188922 0
-10.337220728005734 8.147807846692817 2
11.487665501480937 3.9418009333970923 0
-8.817301443368647 10.049403058301293 2
-9.060741849350057 4.325563389494081 2
-6.846244022327163 7.64112927293392 2
8.55241992249745 8.028352093372444 0
-10.552562585594627 -5.015380238888658 1
3.1635076219014615 7.771950264529111 2
6.726303513509086 -7.84876390329286 0
-6.489273194568447 -6.473498823004503 1
10.437276033662693 5.361101645563197 0
5.108161590143478 -9.016114910485838 0
9.873536809783232 -8.905318460580377 0
-1.475225486141479 3.8875447885181957 2
6.336145630488391 -8.11021522790659 0
2.060097914853762 4.635585731181438 2
-9.891292814267551 -5.936699384138923 1
9.59080824061877 6.210769088110647 0
5.797605115046995 0.46831543886668986 0
-10.527122941868651 7.487496125675308 2
-3.1431616615165194 2.498920421288303 2
-0.5590987611836754 10.492954198406402 2
-6.420478431099543 -9.264693319679012 1
0.5232225267741953 -4.342253304535599 1
-10.684921028250342 7.480536368797416 2
-9.61375132633301 -6.529728144483608 1
9.363578092555652 1.515691516544617 0
2.302767906375691 4.295506465724722 2
8.71788345877492 -9.937521982635772 0
-11.104640400538798 6.772747737307458 2
-0.12249059520661731 -1.702745088861477 1
6.040542054636897 -8.309082224612338 0
9.597638865631604 -2.5947422831455236 0
-12.600289807564689 1.1935983774618777 1
-7.519439728898467 -5.1204194268354 1
-9.713484194558426 -6.272498954909391 1
-11.958983459768604 -2.2406568830795486 1
9.549400304902468 1.7164351130686168 0
-1.7937809744333775 7.835597239506358 2
9.694655039908438 -2.6840336063630037 0
-6.4382626056077585 8.111311594021522 2
-5.727706750067738 2.524670200132835 2
-3.315583792448056 1.6533539710803287 2
10.264243789907074 -8.142353964642918 0
-10.615314956224847 7.649744476292541 2
6.707050389474464 9.099126732182896 0
-6.997112941832096 11.59290024036893 2
-7.013674848454313 7.31082739099732 2
5.266068988483734 -4.341204298972145 0
-5.702860007232789 2.7015602845680706 2
7.22600732848625 8.603558917240731 0
12.273796289093674 -1.7353246957222703 0
-9.24177098467774 9.5650292578673 2
-7.783043434557938 6.793859175523823 2
11.55084294059748 -5.588090716507248 0
10.53980529528414 -8.07784469219911 0
12.128319068109278 -0.07379869404111847 0
-2.224930903204451 10.23893407442045 2
5.50771862592572 -3.995048219329825 0
-12.126116686170212 -0.8801749809067443 1
8.368007523482607 4.435958376918665 0
-3.7048939531577085 -3.558905535877289 1
-8.18264843514358 10.713876723607918 2
-1.8488105106855497 -1.9038135856483793 1
4.287293328207151 10.052988182794866 2
5.528327090597161 9.662815637117262 2
7.038277010060386 -11.625821235101974 0
-4.792686618319062 -2.4176001369788884 1
7.719944232077389 -11.293427695567432 0
7.72812191513716 5.065271531674184 0
0.9036671025513672 2.1422318144393975 2
5.192131739958777 1.921725383560029 0
-3.061657103281663 -8.16851191333208 1
2.6319708785945126 -10.525332118140769 1
3.143851061774799 7.978603039472382 2
-2.6545434673363033 2.998170540461922 2
4.4600613485241185 10.11121951399608 2
-0.23100283338969713 -8.31179100647154 1
4.9567621251345235 -8.853985148246858 0
-3.355515681608376 -7.8387222302471615 1
-9.834509609961398 0.4903505075555973 1
-2.0130904416793576 -8.361872866470986 1
5.687576228429014 -3.55708044154579 0
2.4525178854984047 8.27573175978751 2
3.96587059320189 -6.094925950985307 0
0.9624494341851364 -4.461446766703436 1
0.2586625173039038 -7.737561489286367 1
9.389283698582602 -9.396341200340474 0
-8.863353574396426 -7.457403132344199 1
-2.3955685510454323 -8.04090793695686 1
-5.81404384732933 8.469387098652412 2
-9.748993397739747 8.691785969793743 2
-5.013326584829334 -2.006179421711277 1
-12.320015806531265 1.3977044751764587 2
3.625700540886192 10.431790306733156 2
3.6685016286818755 -9.603958912333624 0
-8.772231445049126 -3.2504203766222592 1
10.34497893644849 4.919004190347581 0
9.154505314181707 2.3327315129442128 0
-0.8011979573533003 -10.795717735336153 1
4.041224368585957 3.2104767526791718 0
9.911049376020603 -0.477198186990505 0
9.198599425052945 6.959984051815096 0
-9.740686159198859 0.5760017865406981 1
4.817896564819437 -5.004217818269667 0
9.372457175151567 -2.049564829991702 0
0.8416439176175902 -4.263248408587781 1
2.910829406137115 7.980545262921989 2
9.696956268320461 0.02686611788285715 0
6.437751335001555 9.266762046456419 0
-7.536717247383644 -8.303773012848094 1
-10.888003443234004 6.968499384079553 2
-9.190318478549429 -1.8918444805802115 1
-9.875927101407123 1.4573193741436579 2
-2.177261895232419 -7.937493820134151 1
-1.711088244242686 10.377642852790451 2
6.659131772360788 9.096672619129079 0
12.175323794155375 0.528429337181238 0
1.805967432649234 1.8721868628890568 0
3.0819106942857584 -6.516224349541745 0
-8.55696308264949 -3.2662012374079303 1
-6.840385081580131 -9.018783370724663 1
3.4297959967159017 -9.66062137579324 0
-9.876478048356931 1.2261751115041564 2
-8.069312253530759 5.955200997465761 2
-3.3277171790118167 -0.2354869424779459 1
1.7648610211550273 4.65932128849373 2
-10.4420688540474 -5.164387219581339 1
-5.330667707334737 3.9563243467776132 2
5.405409405212314 -4.419447960955954 0
11.630129025256066 -5.618657439005672 0
-11.26059689627649 6.916490197507135 2
-3.9414198939940155 6.441607351924991 2
-9.05305062189709 -7.34187300972035 1
8.413978272275722 3.759615986925909 0
2.5244241772975298 1.4278632693831161 0
6.575044017932136 9.065146591449084 0
-1.7178186833528535 -2.1106229996166217 1
-11.687228667992404 -2.212900387199819 1
-2.529047177574079 10.367340099047466 2
7.842931073682499 4.6253683331672795 0
-9.86474011904198 -0.6183132269187158 1
-9.814379430465639 0.9744191745332984 1
-9.065609884016622 -7.209045111116254 1
5.907486743585091 -2.815969396488203 0
6.881944822187961 -7.302191798315236 0
2.379509233765387 -3.0938316967636186 0
-3.634227744995351 9.883378213211307 2
-5.9950196262953614 2.6783436936568736 2
3.131593399108509 7.947801546110658 2
-0.8741080524304934 4.15438128562801 2
12.555228992113173 -0.6004497551175558 0
5.018209255221399 9.717734599869722 2
9.85273845759429 5.817803094635941 0
0.745329921224845 1.9042509328366595 2
1.3089130878862274 -7.7301265840054745 1
-3.6685016286818755 9.603958912333624 2
-0.7349954768682911 -2.2199997531448905 1
-5.108716401329346 -7.180724621867364 1
6.7041806701874345 8.838130440795819 0
9.530486259754092 -9.486929840749518 0
6.812700755688029 5.599465433992163 0
3.3646222883770442 -1.9094538741967266 0
-8.297043159903328 5.722374147503262 2
-7.014247748405159 -5.5020473069439 1
9.935701324415199 -0.697623036244722 0
7.760759240361125 -11.119726570243595 0
-5.829256138838319 3.2383595125410674 2
4.752850841110578 2.6729075991980835 0
-6.74856279792755 7.4699688205845245 2
12.280113720833992 -2.5755467148746787 0
4.407631474480713 3.265756084884743 0
-11.85217928685489 5.5544051050128385 2
0.27991046332486735 -7.881427341917876 1
-10.351169240080205 8.307559508494752 2
-12.309833149426948 3.308455234046307 2
3.2688820689219265 -0.36650531506309664 0
11.962169986259417 0.9478615961386377 0
-1.1233532411424516 3.989849243003409 2
0.8494923543064071 -10.561653340023181 1
12.051295903101257 -3.471381635064654 0
12.554624829834422 -1.9997024614857553 0
-3.1139937241150335 9.960133014726061 2
-12.301436685162772 0.19205472598215015 1
-3.367085422209157 -4.124129360504451 1
-5.9965523770756155 2.74937448997172 2
-2.401699640159358 7.3037220089944075 2
-0.07270692935058126 0.6030798783407196 2
11.698058786524246 2.089163000672165 0
-5.89935208327014 0.0763957389672974 1
-10.741908233614499 7.192852982032665 2
-11.151476819703694 -3.51442232758907 1
0.45833809645852513 -10.571230380881849 1
3.410385003556029 0.27002682161726277 0
4.8017412751900785 2.713528328267514 0
1.849697201932079 1.9966952115195216 0
9.078293063762734 2.070055935960558 0
-3.0819106942857584 6.516224349541745 2
-6.396537280882137 7.9075547845 2
-10.720590435050044 7.183338676314274 2
-10.794214877402613 -4.828858207064417 1
0.005384846118399733 7.940590111199118 2
3.989633176206123 10.432291119816908 2
-2.83634288341231 -10.57010618663247 1
11.506949927918622 3.1716225828856617 0
-2.8099953724727356 -10.769496974133036 1
11.428648446836414 -5.696768320672319 0
-7.751336108158657 6.487718458977472 2
5.931133399084305 0.8187124461807164 0
-9.489435559626092 -6.660339708957223 1
-1.3310970447790225 -8.169735320328899 1
-6.7290419987365055 12.131162894619363 2
-4.171767187942052 -10.210177473136053 1
0.23894167718288273 -10.524530145236579 1
9.819392198052714 -9.082654842535266 0
-7.228462569246511 7.2998887507596 2
-7.006603136452756 12.055096384762624 2
11.663438835753697 3.306512631681465 0
-3.3575358617587283 6.45689654861335 2
7.614928105704115 5.145527157247146 0
-5.966563693711782 -0.17192606365054836 1
-4.390876770479331 -2.6153129097261005 1
-11.911418145914869 -1.461772805351337 1
3.164662562600471 -2.1130681504228637 0
5.490468019340789 0.8783309404611894 0
-5.443510357766117 -1.6962336502377342 1
-6.848954599064232 12.089361175347378 2
2.773458214247594 -10.428896599024693 1
7.529228697793002 -6.973200202671237 0
1.7979360200571712 8.140263497849162 2
-2.8512869172906443 7.16147125510753 2
3.377512396139945 -0.8341529826636345 0
0.13378941794104182 8.184434669681727 2
4.4698677401968565 -5.258529973821993 0
10.773901702180554 5.156634990047488 0
-5.435888254492063 -1.5350756983532179 1
12.126974077374353 -0.55404307856221 0
-10.975382505433851 -4.441563447602033 1
6.820808434887782 8.982149870444488 0
4.156897822292034 -9.40218239560823 0
2.9905722457197887 -10.401484954816643 1
11.673286406123173 -5.0999537012579665 0
-3.3553853306172323 0.5590983466255894 2
2.0283580739199825 -3.6060150769800448 0
3.1084078607684353 4.234450263896436 0
12.309834189519316 -1.038399922830489 0
-8.969634176682437 9.995243978444206 2
-5.610940069789951 3.9043576163552185 2
-0.21933693716746228 1.558453684553109 2
-7.702494000375968 11.254184863031343 2
3.5642833153435074 -0.2032570778763515 0
-9.590354552242381 0.0010776909234327392 1
2.207698928735413 8.165848654305556 2
0.26899652897849835 2.0655477561712137 2
6.7290419987365055 -12.131162894619363 0
8.563854626254289 7.578633408551304 0
4.850735596419962 -9.240585319262937 0
-9.788873187554682 -6.251368256147835 1
-8.336541522051597 10.73415691595847 2
-5.200437955371856 -10.082309629161445 1
1.4972436849903805 -7.827663920313478 1
-6.88630196508045 11.666298914125472 2
10.351169240080205 -8.307559508494752 0
5.520237428000628 6.8281238147287535 0
1.518221635165254 4.292120412743404 2
-0.6722562546985732 -4.8107116705513535 1
5.151601936338826 7.42640564461688 0
12.247807323860329 0.6604789180952741 0
2.0392587038769148 10.945254314015006 2
3.22494903286277 1.0446171472423273 0
7.554649285831824 -11.51144094340315 0
9.522011681935382 -0.286395002712334 0
-0.7662226364288716 4.166425858584206 2
0.6656997318077331 1.8241354328445396 2
-9.284774554280567 9.84409191833481 2
4.077148382241883 7.751550029403228 2
-3.5506028586241696 9.824848441664143 2
-0.47423528400090526 8.166310321983032 2
2.6396988449040997 10.452505008074938 2
0.12179987404107112 1.7068981194292263 2
-2.1039120235331072 -7.960005649120315 1
8.733656368997936 -9.787688776719563 0
2.1434988007920754 10.673180423854294 2
-0.42354442960610283 8.039271195556756 2
-10.089926836641236 -5.634637565866601 1
9.97903968854817 -8.7250317624041 0
4.868134246342855 -5.392197301249283 0
6.95842402704091 -11.831242469622747 0
3.1467342931057134 4.21899771344671 0
-7.136209810638806 -8.821900358891332 1
-4.566263104239724 5.482772607331084 2
-2.809445772346656 -8.076255584796622 1
3.7764040398602594 3.7062870475121463 0
-0.872666695457446 4.498131403078463 2
4.281573204300115 3.122093656305636 0
-8.417420007142312 -7.667605517186356 1
11.008638550618468 -6.740450936589718 0
-4.824691183140178 5.288766020616257 2
5.108716401329346 7.180724621867364 0
-8.116462135068941 5.637953392223666 2
9.184498141797052 -3.629676900265012 0
1.0023182602744591 4.410883997501199 2
10.316808232742677 -8.09671740410674 0
2.8148029588407466 4.013110910101215 0
-7.842931073682499 -4.6253683331672795 1
-9.907107232924046 0.18803195496244113 1
-7.338585017543037 -5.622686025158185 1
-4.8017412751900785 -2.713528328267514 1
7.4141273871253395 -7.15544331756582 0
0.02425325160212849 -8.092840027995164 1
5.418197517050407 1.3361227343169388 0
8.980505836318354 2.4821488034835864 0
-4.732218611052773 -2.517593282529706 1
-12.28898957290972 1.7899747229423029 2
-0.15404069542598153 -1.9841908836919515 1
12.060067802965486 -0.20361136414114867 0
-11.3727320759514 -3.749602131469445 1
4.562885608010584 2.6713581079750237 0
10.990594842036996 -6.90683694774595 0
-6.699176411252643 11.926193014197644 2
-5.91893980677142 -0.6967480621848963 1
11.60849353154739 3.1623991976318324 0
3.4615461988972194 -1.5258448309391617 0
-0.15196252771750285 1.118881437559302 2
9.742228981613593 1.1007779456039004 0
0.876155479015398 -4.447681940448268 1
-11.363251568640758 -3.315396235238598 1
-4.391662495069977 -7.504379221805765 1
1.7053525545990627 8.303524657072902 2
-6.14025540188508 2.215873753083129 2
-4.937184859854635 9.125773723398353 2
-9.10738886201657 3.7464599035571657 2
6.859134488497702 -7.7444632910595255 0
8.915998700349904 -10.34458608113478 0
12.50397300072282 -0.32647428134991313 0
1.2690534158281654 2.0008901888960127 2
6.280733035748827 -1.452284076660049 0
1.191527848237208 -10.38265303591543 1
-6.877605064897946 7.346991986266365 2
-3.407790364113359 -0.4901231891854226 1
-2.2387439547049053 -10.637986112683866 1
11.712651529997771 3.1956922676378348 0
3.5640980515266802 -1.9114029944898903 0
-1.024719637404268 10.741268138549101 2
-3.1507626284627577 -3.708827813052952 1
-8.002360605202568 6.038264684764208 2
2.1941480962470097 1.6287352903230587 0
7.761592871307612 5.125756782296629 0
-0.5421071542251623 -10.711907145457486 1
0.4340607383452205 -10.978374296999592 1
-9.893237906973948 -5.8428049433559055 1
10.941208008230957 -6.971933323429311 0
0.8435631554823458 2.2178415080409652 2
-1.7632830734866567 3.7476817758958973 2
4.744872518321536 -9.494538927714288 0
-2.436485242623405 -8.312932500884004 1
-7.725148679601655 6.856830745704859 2
10.992723156922183 -6.582640776091625 0
-2.6561392876972816 2.79284633915538 2
-4.716884785852119 5.52006622891798 2
-5.366298859896329 -1.7212535537019784 1
-9.394077691096049 3.7227115856307114 2
-3.146183847932363 -0.26769261586903126 1
-3.9608997682918785 9.93109729865821 2
-2.3080404404155197 3.5894227054465397 2
2.6107630656415437 -2.7177237172185107 0
1.2371433380469 -4.277530481188118 1
-11.908502526428256 -2.930073471524297 1
-2.936490222430746 6.711384471495325 2
2.852597958339608 -10.001607633788083 1
2.2259091776396396 1.8677113652512651 0
5.919921007037412 -8.8843425061541 0
-1.033154682798332 7.704266405867202 2
1.8265436284003997 -10.245145121796353 1
4.665849362841692 10.210552281994891 2
-5.479489804796653 -6.957156662162607 1
7.025079668823014 -11.699840221937984 0
3.3320798588022935 -10.300866494174706 1
-7.9134560538469305 -8.106180607922747 1
3.4048287046257526 -0.5542127220394446 0
6.442374933119366 -7.776861750472679 0
-2.2376081839499897 10.151461339340218 2
-1.212629569792342 7.890929805451673 2
-6.6069704813843 8.195349544845994 2
8.182922000602135 -5.627250032234393 0
-9.217719451110002 -1.7005050301833062 1
4.310261555963941 10.185251894141377 2
3.168020083004264 3.878406902561916 0
0.0747561962110906 8.079578598210004 2
3.6324214749121597 10.5858530326955 2
-12.05592696716281 -1.9454804728274986 1
-5.840138723287327 0.08752152710794603 1
-11.835136532926322 3.9920660276347566 2
-1.6918328075632734 -8.206862098254037 1
-1.8111269382336865 -4.268952506526681 1
1.413803948561688 10.94170589245157 2
-5.622045022816632 -9.742536634113337 1
7.811544512139704 -6.692610304349785 0
-6.5529234508533 -6.112418494757128 1
-12.541521224363205 1.2813827839953427 2
-0.01820828939489766 1.5141358037149322 2
11.479442005885378 3.1870899513101714 0
-10.316954930087924 -5.417323364545244 1
-10.127970123981854 8.524823973853149 2
2.966911407130459 10.311807955900884 2
-1.5175259637703102 -4.706556230243522 1
-4.565796099741373 5.586247574163363 2
3.348965959070147 -6.364517750926844 0
2.102868544191921 -3.63959678380915 0
9.590336093742458 -0.810197610212283 0
3.4188236689874314 0.7755760985568099 0
-0.31347652374189233 4.3476325307356065 2
-7.448066809109083 6.94175127183071 2
-1.7298826731086037 7.365898527787367 2
11.119280051259686 -7.063062711139207 0
4.483617709847074 7.595605577723801 2
-4.356787542502713 -3.1339501558473972 1
10.976802165923822 -6.602895663502412 0
-2.3160819036404474 -10.707463742043393 1
-9.392737647471037 -1.6574759025585153 1
-2.6168606857436285 -10.72984734022539 1
-5.927223934872807 1.7998867261836644 2
4.771093645894047 7.261904592844245 2
-4.843956036035176 -2.245476477397516 1
-0.4746602617666195 -4.475690653013152 1
9.759090596672625 -2.6834564555161724 0
-4.362775136051099 -10.359753482096654 1
5.839835035750287 -3.185596703476672 0
5.039713760535948 9.927081540702908 2
-5.152003883125898 4.720950002748544 2
0.9565262930076124 10.968596557989503 2
1.5321071807570814 -4.107189338734561 0
0.9668142047071705 -10.476416934701856 1
5.920098886172562 -1.2194191077306895 0
5.331634247018883 -4.510659254160172 0
9.114967041420137 2.112456786628567 0
-8.808132388311167 5.109179009809736 2
-0.26020033039972384 4.538365558089494 2
4.620230498754658 9.903037064507403 2
-9.293648850058409 -6.670273792511538 1
-5.472237262102846 -9.722516831909463 1
8.082467864110418 7.95045091303811 0
-8.28333462362708 5.805440550579824 2
3.927342829756664 -5.972721687860546 0
3.9074718163465443 -9.658195784739808 0
-4.539990309908163 -7.311000335359069 1
-3.0780226483855446 -0.48237854728203067 1
11.805488512843693 2.2615760563547256 0
-12.4604309431821 2.867582938255267 2
9.347464173519406 2.2963094083860867 0
10.949763218178681 -6.449186080305019 0
-7.525726113470126 -8.859428298083822 1
11.544867364556213 -6.20228258220791 0
-3.0831443745996436 -0.5820998019659382 1
1.2118621425893243 8.296323892021906 2
2.832170885091272 10.360444404705362 2
-11.274779425174867 6.373551667784068 2
0.13370401695196538 4.3240763917219365 2
-2.5039180724735886 7.521797963655139 2
6.478842164644717 -8.300713609892323 0
-10.992723156922183 6.582640776091625 2
-5.514262560218557 -1.3176302042712917 1
-2.7145057440452143 -1.5637564439476441 1
-5.494969675148988 -7.075290725093807 1
-8.708599140670733 -7.420651121141786 1
3.462853335893128 -9.825009750802105 0
12.502339921109387 -0.8393011778938579 0
-3.2251669569197317 2.027877728339799 2
-1.0809670991262976 -2.281137143734765 1
-2.998148808130679 6.992279331265365 2
-4.50919997406326 9.48129257669575 2
9.218693152744535 1.5139544788564665 0
12.025994853707878 0.4827521332924257 0
1.708568134523837 8.270278764699716 2
-8.029036429623247 -5.051445607997635 1
-9.070227258465 3.9710612947908728 2
9.427351998530662 6.713051766879331 0
-9.44880621431335 -0.4322634671044193 1
0.1902250095056746 4.63607927596528 2
2.6490434664506743 10.554279078928376 2
9.203223300522918 2.054658626343136 0
4.136354781960923 3.286734587005667 0
3.1135171015741028 3.8885220866992967 0
10.74047889843957 5.489099695187262 0
10.044789935965111 6.238828434131316 0
-3.808243337986044 6.226001279903366 2
-5.630964724450742 -0.2561737119807847 1
-1.4641691279988653 3.9984139374954695 2
-2.10935924514249 -8.077081985644961 1
5.942396827535652 -8.845273463104869 0
10.69876186245777 5.178969919628533 0
5.87074839712937 -0.5893655903142533 0
9.23943768170102 -3.4096472066040753 0
9.909237361321768 -0.2465187225719656 0
5.43523093400049 6.778487262487473 0
-11.746737174007908 -2.3633318726819637 1
-12.115487041025805 -0.6812004244308406 1
8.79449826649314 -4.711858562089937 0
9.241665527478927 1.6586169175974383 0
-2.7486638411181548 3.231114760612228 2
-9.597638865631604 2.5947422831455236 2
-9.425575030308819 3.740362498318466 2
-2.517293827769932 -4.0825534418858105 1
-5.826594224132665 2.519294793995356 2
-3.3481040497690997 1.747511476614227 2
-7.4082871301496915 -8.275904599864583 1
10.39191077083639 -8.225694928697717 0
5.690024538519754 -3.747602447386439 0
5.86857631823894 -0.04381959557914984 0
2.9452568940180957 -2.3700665134857535 0
-6.869368886774248 12.041703036420856 2
-9.133323932730345 3.4150030963680935 2
-1.4439333487487058 7.519699482593607 2
9.698402389325617 0.9543857569012839 0
6.544414549903559 5.971642772324496 0
3.5487111945368 7.815859762189749 2
9.465675902252148 7.009237053891098 0
0.8773494333989014 2.0248339584398205 2
8.87542395461823 -4.591649418699502 0
3.149763743931392 -2.1018320776435058 0
-5.51065431999622 4.080919678498755 2
4.995461686938931 -9.301067244245559 0
-0.10888370810584475 1.3342409395793877 2
-3.483118267232838 -10.590657486849915 1
-8.331208456921246 5.668949357133041 2
-2.1029456142569036 -8.20781859352228 1
8.049232620350327 -5.983475265660336 0
2.840853612477524 -7.092839159094847 0
-2.518282559759104 10.2646546639759 2
-4.596109581321622 -7.605881803121541 1
12.154190449284783 -3.779126420427363 0
-3.47765394767737 -10.628361146701598 1
8.062487842719252 -11.073423600586263 0
-9.129470205634208 -7.295693447278275 1
-4.500670550719502 5.658451679944801 2
5.941677970180441 -8.564459421095975 0
-0.14456618738312663 0.4721595563382476 2
-6.207421046290863 -6.254450939576339 1
4.930720159584607 -5.19196158415519 0
-10.109292143568227 -5.744251981392104 1
-10.105738456150315 8.495496197847563 2
9.560902198509861 -9.155190252892842 0
3.4345950234533946 0.5315203737584462 0
-9.060166691617864 -3.0078472639368385 1
9.365458648048664 -2.6877119012977704 0
9.793203765221156 0.9055445407990323 0
-4.927048332548599 9.043293307366376 2
-9.792608623542433 8.887769301992664 2
9.686293964914771 -2.6950682481260237 0
-7.001177072650022 7.364094330050364 2
1.4004551471540685 4.2818932392060605 2
9.188791676611052 7.118833580951362 0
3.1012698255647346 10.502815734428502 2
-7.953411259079416 11.162925234831313 2
9.367263392585434 -2.5594569691818174 0
-3.5311398801961973 -7.817567217240308 1
0.4536164376885216 -10.900446531665967 1
2.155450380031792 -10.305503183080436 1
-8.764990640196778 -3.7334056573074004 1
-2.59767851319198 2.867609408917034 2
-0.1846960159946654 7.949881033315432 2
-5.989076287773208 2.969291282130796 2
5.012906833956648 2.3208531414298124 0
5.175268811072346 9.741384557216092 2
6.932493385799186 -11.967315231370858 0
7.7478856266075775 -11.430486435143468 0
12.142243234860551 -3.422219132678846 0
-4.497437429819872 5.427575891714821 2
3.7173016783298936 7.710247149595256 2
4.813175265199699 -9.270403796911477 0
0.5628592971525178 8.321778552557655 2
-3.40585973838317 -3.572567637974934 1
5.139395159521087 2.428482759710678 0
-0.15738250127166298 8.046859566089337 2
2.281381848120664 4.388916528407915 2
1.3310970447790225 8.169735320328899 2
3.146183847932363 0.26769261586903126 0
4.920842763936588 -4.937521123726542 0
-7.767938523191761 11.170918960214204 2
-12.048559463177057 3.634326844320671 2
7.759207237084697 -11.177707279282219 0
2.548277080553076 -3.0958670188279234 0
3.173365341007929 0.5484861605417827 0
-4.5596159447451345 -7.540290324390171 1
9.131560612530343 -4.46978308422262 0
-0.9226864829383215 -4.510022197850775 1
-4.843392332518482 -10.26854552942796 1
-3.4537617894782358 -10.576565869339133 1
-9.310757136704588 3.5108229335837655 2
-8.162921414196598 6.379363541855159 2
11.730383826616919 2.053809849859777 0
-6.277698280835819 8.493234762065976 2
6.669212057009745 -8.028746205574292 0
-1.3750400758607533 -4.6410104650429105 1
-4.230961698664228 -3.100963643396522 1
-2.933081644759074 3.2078362188205 2
-6.369672916065978 8.016196097963533 2
0.038221858358370664 -1.3325328978856914 1
-7.739975852136366 11.16124962319665 2
1.9587230758676386 -7.437916625969414 1
-0.3929972638255381 10.913541468956181 2
4.803104868508415 2.2017035969664613 0
-3.701832629712247 -7.988791458350873 1
4.317971814408202 -5.721542795754835 0
9.448446685200059 6.685952284523667 0
2.725937752974901 -6.782906102330745 0
2.73757463176212 4.135137655168801 2
10.06335587867345 -8.958989022062012 0
2.916190850736069 7.943534640195104 2
-7.171943696754272 7.534831967708699 2
-9.835722364083225 2.073404532761683 2
-7.571792036861786 6.889107012842271 2
-0.03459738688445113 -10.667140878835198 1
-12.521738735175315 2.2193689968019177 2
-6.451487445118102 -6.31139214804651 1
8.13977215151461 4.357143895176051 0
-7.165759829299425 7.570966792066716 2
-12.589673479829308 0.6563024745336253 1
4.082853960617961 7.50798149923687 2
-9.710956097026457 -0.3614304966918365 1
9.47800251907697 6.607338775967652 0
6.782743166103244 9.05984217146001 0
-3.3195589322470225 1.131283281690331 2
8.061822459407818 -5.957926771452708 0
-9.517330823011502 9.56892364396839 2
2.7617979375432893 -2.9463747314875866 0
-11.598456866393148 -3.1957470864973456 1
10.999073847693307 -7.154479456903936 0
9.300244190227183 2.4617375229867644 0
-7.153953424028445 -5.270698309523331 1
7.618472316125452 -11.077733520017391 0
-9.290521868059738 9.785556174016218 2
-3.5286767250136095 -7.98829928116251 1
8.902440750464788 -3.9961421896927005 0
6.224761212371759 9.142036050574962 0
-3.5994454606152213 9.742676914798327 2
12.246662033134623 -3.8254507434948706 0
3.4442402003921857 0.03335368527527449 0
-2.649259778083744 10.387700608085577 2
7.009086192974388 -7.535293981538979 0
-10.704789894175478 7.748033490705892 2
-2.0270536887497257 7.286045182208199 2
6.1993700852973435 -7.840964228288683 0
-3.2279733307893204 1.6925054066852767 2
-5.00551049334669 -2.172119276087878 1
-9.89884827217818 -5.965964419801421 1
-6.194994372233963 2.1498489380154653 2
8.767089090914338 3.170884073054019 0
-3.6124124153961783 -10.276233433963057 1
3.333893918931499 0.8650669221049043 0
3.1139937241150335 -9.960133014726061 1
2.6170387470128658 1.5868760197318645 0
-9.42782872637999 3.7984951682229195 2
-9.1097249171317 -3.19411632324629 1
9.66572828655548 -1.5273046219708115 0
-4.059438097113508 5.910350384357191 2
12.079097264479184 1.0273096743480483 0
0.45777339256572197 4.3376645522334725 2
-2.6927794407767847 2.9910768654985667 2
-7.809267336388224 -8.35389912466375 1
5.2546195249266585 1.6805522108813509 0
0.2884623581363629 -1.7049787136399657 1
6.138069610055361 -1.903303801823823 0
-2.2651012000911033 -7.880789502029938 1
3.6576629290285925 3.69398311910895 0
2.5639531452611104 -7.242364371266092 0
-3.51874281649369 6.441020782370314 2
5.936051951134412 -2.962582360186826 0
1.4919824621469941 10.815759888938258 2
1.2794959659193306 10.788199042356256 2
5.496079769400168 -3.706451673077977 0
10.459188998908067 -7.632979812678262 0
-9.28652602685765 -7.1560648672477045 1
-8.333849831291468 -4.012210570036231 1
4.903820401870614 10.241366835441335 2
11.91667303799033 -3.951420164000926 0
8.215944320718709 4.523812969360472 0
-2.281459533452917 10.2574514178994 2
-3.2205137919797124 -0.24988770861872234 1
-4.017832116065909 -10.40109426750399 1
8.938522905752658 -4.4746151436783625 0
-1.7102951367201973 10.599887495342468 2
-0.0027689604230697745 -10.938057833711744 1
-1.5841010273634903 -8.24143438330426 1
11.909680935061687 3.0186353666243253 0
-4.8065324620568415 -7.401529412851734 1
7.657968384129844 8.239080470338653 0
9.710770014439664 1.1301041459798653 0
-10.74723602484998 7.630563069164625 2
0.9655586852983069 -7.587579397920804 1
-4.512429677609059 9.357436324598705 2
7.137311004381831 -6.978096136983815 0
-8.986693707020791 -2.9436714393802403 1
3.535911048274213 3.702118661407701 0
7.991771305386423 -6.051940352729682 0
-8.87111335456611 5.021931695524247 2
3.9901658115805376 -6.0720187742750875 0
8.421265896003717 -5.553954583392429 0
-8.543593645304336 4.840177393870832 2
3.010954053051404 8.021359739876079 2
0.5533216023171865 1.6682478108498167 2
-9.656081601436613 -1.102407905827311 1
4.477041891705976 10.355759721892735 2
-7.317595616874307 -8.949432269334803 1
-4.216703548776186 -7.880092128308486 1
-5.890782245376741 0.9821220280375144 2
-2.229852130288505 -1.5907006268464488 1
5.2372465788440845 -4.478647968722735 0
-10.832257147652433 7.366126759840092 2
11.764320689969049 2.3620799562482464 0
2.5396681055631047 1.6545539787871064 0
-9.42418705149994 -1.804449565752205 1
-7.284486444479036 7.386166713005416 2
3.4512253592361297 -9.774215286663981 0
8.617073586673339 7.485655413104791 0
3.59788051549442 -0.5985557371755778 0
10.474908009998577 -7.621990166001413 0
9.222003633682231 2.9581976771275285 0
9.643234302942789 6.437583750795047 0
5.13263773774703 -4.459178293073471 0
-2.2098198308360133 -10.822323125961425 1
4.216703548776186 7.880092128308486 2
9.077214885925853 -3.721135683306251 0
-3.215275765652278 6.871373794838528 2
6.388405625996434 -8.064501770006869 0
-9.013292118043628 -2.6937814599822607 1
4.635888558709961 -9.275280383243423 0
-1.1462555217938473 3.9946088501655654 2
11.574506262563471 2.8238059245599665 0
9.468089491222342 -1.1192134347858276 0
10.278055398496099 -8.551057036023224 0
-0.7433422518057244 4.329910650879412 2
-4.559641396325446 -3.137602032252003 1
5.22058376424882 1.9396514202168016 0
-6.163053604307892 1.3301163984783329 2
-3.441805947890054 0.9828481444307648 2
-4.408538533770946 -7.451016960131404 1
10.954801254670931 -7.290382275014743 0
-5.9094287887321535 0.49458931155757924 1
-6.089724673606263 -0.3278955438687726 1
10.274873780087606 -8.178646948434272 0
-9.169914735200958 3.4396144403110083 2
-0.6811656484500078 -10.873605157904011 1
3.204725668887278 0.05369316456125658 0
-4.310261555963941 -10.185251894141377 1
-4.541229522044277 -10.305279791833001 1
2.3828021316137105 10.88778153099663 2
-1.2617712859295502 4.40957508968704 2
-6.1775555555371024 8.37894773112283 2
-9.301358567815688 -1.691572669522254 1
12.370197072162323 0.3954311664609705 0
1.4670361530085607 7.932793046751041 2
-8.814927863454285 10.010709557307589 2
-3.1401582703640196 -10.771607702022816 1
-5.86857631823894 0.04381959557914984 1
12.156133745359949 -4.053699110014441 0
-3.1950178781591863 2.16554807416494 2
0.11746755656326334 -10.718817873698049 1
-5.8027398790555615 1.978265497741691 2
4.224280527167455 10.136261896888433 2
-3.6606860546473348 9.619100944572022 2
-2.564158895292077 -1.5955622553466662 1
-1.8670311944859972 -2.183746572628502 1
1.4096982967873348 10.846091260325336 2
8.326915002751289 7.694075126707461 0
-2.0400599430724036 -1.9274651486561805 1
9.694188610069599 -2.8709542717501026 0
-8.234439737027518 10.714211580734124 2
-1.7897832137100853 -2.0755239962040544 1
-4.493511861401132 9.141660114489813 2
-5.8069018872181415 8.527983008085563 2
-8.176918125901347 6.27869940871388 2
7.925091750109877 4.4410594829103704 0
-12.408763107337705 -0.6397561336795502 1
-2.786732137605756 -7.857262364989047 1
-7.970132754321374 -4.4522586536815085 1
-8.015450376704669 -4.616768874047037 1
-8.028346113717673 10.935275496255798 2
-2.9158662415030445 -10.496490853013963 1
-11.052666155022306 -4.099395501214076 1
-4.676430259198171 9.643155012369876 2
2.9719690797416476 0.8240689208233549 0
-4.6503686728656435 -10.138056351127206 1
-1.708568134523837 -8.270278764699716 1
-11.57860075794703 5.690039752075462 2
6.36705010577437 -8.134164328432092 0
2.9158662415030445 10.496490853013963 2
4.335391713052873 3.280551425259528 0
-5.686843652841508 -9.830784011790499 1
-0.35159236443484926 10.735158738825369 2
-7.659528512511125 -8.470168995017925 1
0.6280667903355056 8.096689577624304 2
-0.22068535031096348 8.244142227049414 2
-10.51256845014485 8.113132816386454 2
7.974671147629589 4.258578860937455 0
6.461037815347046 6.263222472857898 0
-1.4919824621469941 -10.815759888938258 1
11.661244879214593 -5.6051276735943105 0
-0.3697503692526159 0.6800636954891279 2
-12.476634169363725 3.0932863704886864 2
-7.810510836638246 -5.33722213941796 1
4.528720737432879 7.6048260792779345 2
1.875675176161368 -10.516467773995446 1
-3.275427457672663 1.2167226145335603 2
7.491283690330414 8.152248489233392 0
8.058727503290836 -10.947557742635261 0
9.6833500523208 -8.8915169501175 0
1.6213888822976013 2.0576930892472522 0
-5.34201965406129 4.704536602052148 2
6.156639102997898 -1.2005633404306721 0
-2.3717003688391882 -10.460493678791568 1
3.2205137919797124 0.24988770861872234 0
-1.1891633014944027 7.71557674400849 2
-0.4123644571963413 7.9326353078564855 2
-8.568464447868818 -4.051563616123521 1
-11.707283594084888 -1.8382136484959828 1
3.1206056895271668 10.60234372752043 2
-3.468109147598646 6.3368512094533305 2
-1.3299948619950612 -7.982708827973132 1
9.889460721438573 -1.3758372469645694 0
0.4661968317819694 7.9395640099736475 2
2.6337968711914193 -3.191794363292973 0
-2.6186232525346296 3.465696259798095 2
-12.306950306416203 1.2289202065936031 2
-0.09472151268196158 -8.106906727210774 1
4.928582931984089 7.225187321913253 0
-5.56386827305326 8.69963924714469 2
5.200059555480318 -5.13304304659991 0
-8.231785611504614 10.231084853441738 2
-6.812700755688029 -5.599465433992163 1
10.870479138554284 4.808581811724941 0
7.400204977230956 -6.947650129156886 0
6.853632888386234 -7.399227366514519 0
3.5506028586241696 -9.824848441664143 0
-9.93733105984843 8.501523302916297 2
-1.5385544415362538 -10.669847115241314 1
-7.911990400191854 10.730374812655832 2
2.0053378164098623 -7.632222285921885 1
-4.271889640674853 5.848421835512366 2
3.821735520294074 10.512208666489224 2
10.088969879990184 5.491425314364377 0
2.866154700253056 7.876391377646678 2
-2.868962561957952 -10.556255281715039 1
11.960158641118188 -4.042282598073556 0
-6.155849229539619 1.604964187630882 2
5.7447144418167015 1.224417678578595 0
5.05422874817176 2.0368139549316444 0
-2.1500049968642916 3.637275307994319 2
-1.721116766855701 10.396146534504012 2
1.3331185074374345 7.948232744879509 2
5.446149515752217 0.9690578231617804 0
-12.03074495202128 -0.5646419891304837 1
-5.7447144418167015 -1.224417678578595 1
-6.275222341412762 2.121802018338812 2
9.218639183924438 -3.9468523355792056 0
-7.8960332236855075 -7.971896005825841 1
-6.437751335001555 -9.266762046456419 1
-7.700745855089001 -8.44256183269156 1
5.78648178904681 9.765524229140127 2
-11.596461926951768 4.965680335566477 2
8.008727297179837 4.3229947900303864 0
-7.409635365736589 11.08218684400211 2
3.7272396331571866 -1.2136339548588115 0
4.9891650397806195 9.835489737176038 2
-0.012420073193415149 0.3297144448106982 2
3.237888428329401 -6.544805803272228 0
-3.112801347959346 -7.833555925295268 1
-4.930720159584607 5.19196158415519 2
-0.8968549862754933 -4.385259448881509 1
1.0653534169902175 1.881596869425643 2
-1.0385974694790354 -8.271242546524567 1
-9.717836300161625 -6.818902314085325 1
6.167423027016022 9.646659315843706 2
-5.822503788200362 8.531846023472122 2
9.094402518636794 7.275213874967743 0
-8.083457269507784 -4.165646652579209 1
-0.8097886025389893 -1.8273210730305678 1
-0.3704194587920233 -8.299008617541272 1
2.607984316472799 4.113185970242817 2
-10.500396048925726 -5.637096365987478 1
-9.509787868189484 0.1286356620163363 1
-12.211186216682272 4.444389318609553 2
9.11731306969249 3.073287178855997 0
9.351177235796602 -3.976056908833563 0
-2.933091508429359 6.857133437493124 2
4.230113717001352 7.657421321802952 2
9.951106097981711 -1.1248308373861686 0
2.6630363290259225 -3.37244988367329 0
11.711982806130852 -5.017923897286396 0
11.550978807885743 -5.206542941088588 0
4.070477916096504 3.3174366824497254 0
-10.857602006083885 6.800436682813175 2
-8.715161271659916 5.590271318459407 2
1.760863300284631 -7.826789567026979 1
9.345857844888576 -9.21529637832103 0
3.267176062756532 0.39163659381182014 0
0.60775086235371 4.555622116678746 2
-3.8689125040110546 -3.2621691261076307 1
0.024305445672661574 10.805954935681298 2
-4.282147963630082 -7.643297243968675 1
-5.532253808570429 -1.0949867850289625 1
12.19353878871908 1.5234100019184953 0
-11.339058522981828 -4.090148888577433 1
7.402794223469865 5.456735995701473 0
6.277724471011127 -1.9274717652347322 0
-7.943670875980309 -8.28151311301271 1
-1.4334285849562631 -4.5042870563874375 1
-7.892403027468657 -4.52483133329277 1
2.7161680475871184 -2.7857238743451065 0
8.610866375232652 -10.790297973493542 0
-6.42523328542535 -5.943964398135613 1
-7.495656658019429 -8.641693734496098 1
-4.35933317119791 -7.508622208343281 1
0.47808762070488037 8.285639961916669 2
8.008907118634637 4.825994100532137 0
-1.705790375753621 -8.038628749078324 1
4.729011788332702 2.469213934102771 0
0.18973698465345837 -10.607408694881746 1
-9.700696142232548 -6.75534439230958 1
10.485980663666087 -7.968390863423201 0
-1.8265436284003997 10.245145121796353 2
-9.211258035508479 -2.8528975830289984 1
0.4368107096351905 4.4208311969629355 2
12.232662278343561 -1.4662255887351077 0
9.612456198285889 -9.004602503266117 0
1.458781568839284 -4.127996659593813 1
-5.480016708015258 -9.696968135340706 1
2.537300328976736 4.466837512500728 2
-5.421967598470748 -1.8001220478607283 1
-8.7302975484438 4.791502115213527 2
-6.415469861782989 8.021797582574985 2
-0.6140904764168003 -2.0948534888583223 1
-1.123703086100939 -4.408763963302639 1
-10.042429402033221 -6.229355198041011 1
-7.338911506051673 7.275971975051428 2
2.2946366660967956 -3.2658625821831215 0
-5.984537761874569 -9.693291349859226 1
1.3363609529623295 -4.170263576500657 1
-2.3828021316137105 -10.88778153099663 1
-9.716121907927434 2.7307371053335663 2
6.073477277083623 0.0922944614687049 0
-4.447492488396199 5.431372335499951 2
-0.7049485807197686 10.749215040805208 2
-3.7680533776295175 -7.6926086948807555 1
-9.156111489392138 -7.156030344933624 1
5.677904551437125 6.654801402957643 0
-4.785210248041971 -9.940066308050287 1
-11.622361500545495 5.339018348996828 2
-0.27789881735082744 -10.880503265037602 1
-5.793001852373936 8.82440436732905 2
8.002360605202568 -6.038264684764208 0
-10.437276033662693 -5.361101645563197 1
7.819565011411609 4.764893291125065 0
5.174478026481144 9.76558717529329 2
5.814421591996783 0.4320846036351015 0
2.102615709218234 1.902483068618597 0
7.837036129432863 7.867550623195393 0
3.2043425131187826 -10.039894482155134 1
-2.4685634733757453 3.49980500096228 2
7.80245926833272 8.298929597759912 0
-8.825104674884063 -2.8812374231604245 1
-8.604086766000929 -3.7632071664417692 1
-7.134804050681162 -8.934270851201607 1
-3.4923889720505867 1.1865391792930264 2
12.305136338093492 -1.8787256138243076 0
-10.685184496567084 7.590735893954229 2
-2.7611463937591516 -7.834711269058171 1
9.42631867104031 1.5835141889981323 0
2.279501942261941 -3.337281571077408 0
-9.51812903976668 -0.30026539098587945 1
-11.572778542678572 5.035276408807053 2
-9.135169458938265 9.357795075624864 2
-8.808488304033173 9.706288739129112 2
-12.35074116747229 3.308497838718849 2
1.8727753326891565 8.277861778370362 2
6.349144508486502 -7.895420950357845 0
-9.39123704359317 9.538578380344719 2
8.03463612092712 4.323316456249948 0
-3.806714234927316 6.407571905831203 2
-9.396908812411944 9.39940773213832 2
-8.016231199290651 -4.26512932124175 1
-12.200405769510319 3.341515751400821 2
0.1488685010992205 -10.958351149520881 1
-8.995249298581625 -6.759073273354113 1
-0.17046856504093028 4.338726141700164 2
10.463797609028102 -8.075890349526386 0
7.3415798386359 8.679184404113162 0
-9.89830229018969 1.6775638942575142 2
1.5389455147717785 -7.535145786877334 1
-4.2445965354320645 -10.481511868351955 1
12.460847913964333 -1.8192024452050735 0
8.050487959022561 7.981528926158969 0
-11.184015078302139 6.340959216408272 2
-2.871261298684181 6.803843617439695 2
-2.2496888552290697 10.401640254062897 2
3.187882183013587 0.8922257744921216 0
7.256333491707174 -7.148417404165965 0
12.469342322754628 -2.2177871996187006 0
6.384818875230159 6.60893369130408 0
6.0372563130550025 -2.382148515420848 0
-0.6257599650733386 -4.543218537197223 1
-1.7462701640212606 -8.005560368424412 1
3.8489162039122653 3.501858672700855 0
9.106928719056086 -10.097396759864056 0
7.417866064729849 5.346449113118899 0
5.996016603397218 -3.0184307781186277 0
6.043961794311436 -1.8527898208764664 0
8.47554189448925 -10.41971307490225 0
2.5425384506936437 -7.375032769789888 1
-6.254464306981658 8.259734461154082 2
9.211417032217202 -4.292643384232814 0
6.8760157087761185 5.969964926837933 0
-3.114397782239767 1.7240615509431094 2
0.7349954768682911 2.2199997531448905 2
2.1783561312137114 -10.369625992093322 1
12.208092355402204 -4.116795125207374 0
-2.1123226983283496 -1.5229318104561065 1
12.146134871024048 -2.239594448134605 0
-6.784306568672238 7.666541834962558 2
1.6101608917780044 2.1146382448863243 0
-3.5647254151402628 0.8648607604044598 2
-5.17311972381693 4.946745146743652 2
2.9250239863216345 3.8726589315614555 0
2.0394448150749023 4.59233010589196 2
7.961570545454318 -10.912458071896673 0
-12.490450791402607 2.412308260710669 2
11.288667743824933 4.257713997636472 0
2.1574563335675347 1.7242291709043038 0
-5.270759732342559 -1.7832172813584704 1
-6.7041806701874345 -8.838130440795819 1
9.148009529132416 -9.779932554543864 0
-1.9203377194190905 -2.0402054607940134 1
3.4923889720505867 -1.1865391792930264 0
-6.250042598021314 1.098847025093609 2
-3.3087497564261827 -0.751253880970995 1
9.5682473723243 0.978466825603117 0
-1.912533109443047 7.297897306034944 2
-0.0761884331412272 0.39122671012789406 2
-1.613553217697317 -8.243093518128921 1
3.3667111130813465 -1.636125425389602 0
-5.382318589327328 -9.833677520389315 1
-11.967939558920806 4.618518039748547 2
-0.8308534727211676 -1.9115198987143762 1
-9.576210760369282 9.577818113762135 2
-0.5773856137228621 -4.332867084043896 1
1.2129443899579584 4.746321542727199 2
-12.394198499115255 1.0359468795221638 1
3.9860933911671035 10.469029628774924 2
-5.351648773009941 -2.1371231453084345 1
12.268452290498482 0.4836372812539945 0
11.709281082806537 -5.795013313155147 0
2.588536119550859 -6.941964088945433 0
-5.080949541818512 9.171064249417228 2
-9.242404935104258 4.117876711222941 2
-3.992366915082829 -3.6054195002225207 1
-5.07360180367316 8.968828489150457 2
12.275826664048978 -1.9838901571105776 0
-9.503554620959395 3.039565954787202 2
10.20101049418441 -7.8347533812015 0
9.815563054839197 -0.7124066361590129 0
9.337866998030416 6.584906576663471 0
-1.643886767326142 -4.562771681058177 1
-8.337418401289085 -4.157548538007083 1
-5.913197381017736 1.2745357978059217 2
-1.3079256603679659 10.793534612313184 2
-8.98749722329725 -7.188101138395971 1
5.0038453544530945 2.5944862991007196 0
-1.5979749632524236 -10.70948063771336 1
5.903764541812897 -3.1485098690656033 0
-3.0092099942178576 -8.123276998255227 1
9.05305062189709 7.34187300972035 0
-3.294229079846667 0.17462613588205705 1
-12.291031522433421 1.0268298185740248 1
-2.145078775825832 -7.985877710519757 1
-1.1735122923474552 10.719629277263754 2
6.301921177503137 -1.416209894578944 0
-2.7200782863487003 7.215552242178221 2
-11.73382431935807 -1.663803094368486 1
-0.026187828541171965 -10.84097998132371 1
11.26830075735495 -6.572706317024672 0
0.33096772081422315 -7.777899734691684 1
-8.693690851833312 -2.9380851370866985 1
-8.056931815133742 -7.918791701341471 1
-5.1895903192364665 4.400811069638786 2
5.739963462170529 -3.9325633404805274 0
-10.53156233393257 7.896914318279027 2
-0.16996595170959897 10.719706207572766 2
-5.835136342648842 -9.696337026992966 1
-0.9022719923966533 -2.1624268083808573 1
1.1664306645330538 4.791818645906781 2
-9.728373681262982 8.569402236789461 2
-12.268808479806477 -0.17793209548289218 1
-7.424361918914466 -8.778151261767395 1
0.8573285067532671 10.723942156219623 2
-1.9511363588797834 10.434903117378743 2
-1.5964014192609342 7.871639818766686 2
11.517715693544796 3.257391563130583 0
8.143367581574083 4.183679396320567 0
-8.508113081218431 5.372145164059081 2
-12.43579350162951 0.9296564338291127 1
10.556183095944915 -7.38313074933007 0
0.28939806972334103 -0.6034809346213622 1
-9.857566124055747 8.988682164512404 2
7.8960332236855075 7.971896005825841 0
8.459948677327933 -10.257448387472873 0
-4.019655307844837 -10.164292754401076 1
-9.747093749665822 0.7766421845650469 1
-9.880117817913064 -6.346744139725114 1
-1.3111144421700556 -4.49485132725888 1
2.9056227066792455 1.208636767290196 0
-7.851866407874639 6.45750919677428 2
2.8088996616180526 4.276868398522752 2
7.881793265557628 -6.745859051185226 0
-3.09203827486326 -1.2389572896891117 1
7.558865916055925 8.648360603194412 0
1.6732879247546855 -7.590063018152113 1
-7.990706866177231 10.95560738042814 2
-12.475900428254244 2.484240273866172 2
-5.741277074851286 -1.0766717850733947 1
-2.562951347321579 3.1532478086022406 2
3.8414041545293673 -9.830776143076498 0
-0.879470878828227 -10.746964820271728 1
5.8854681323039895 9.60969845204137 2
9.723706326211259 0.5170853813836584 0
2.553034055634707 -7.024756239252339 0
2.861992444014263 -2.7172506824962905 0
-12.09171790708755 -1.178425799048361 1
-3.5659211760162104 -3.7518231090943432 1
4.8379741663636535 10.145860351714953 2
9.92863064118263 -8.486127171323943 0
2.38093190245106 1.6258606012082484 0
7.939853714376931 4.35168963927815 0
-4.288861969918654 -2.714548944954173 1
8.699584833835546 3.201525090127665 0
-4.760347531329703 5.035013681120584 2
-7.7520294922037145 -8.328814181515362 1
-10.228687514973101 -5.847558149638523 1
-4.109055185592039 5.857224258490024 2
8.980299413761912 -10.082057581141495 0
5.132397040644815 2.5677366525046703 0
-8.248035042000039 6.45227224469698 2
-8.402994590076952 10.654451725059369 2
-11.68379677366345 4.7630353732161765 2
-2.067168024264075 -8.056467145267025 1
-0.09889734182953011 1.7651344483424893 2
2.207143342419373 2.026033669872644 0
12.449724358830936 -1.840823169352128 0
-6.631460111722901 -9.425586901439873 1
3.591286638015984 -0.5025984414323295 0
-7.647227959208881 6.48464733661383 2
-1.2552896273088419 7.558230742066633 2
7.634871927025591 8.484758609443375 0
-5.056091787599264 -2.166498566292855 1
3.4882040048998117 -1.5110466196035923 0
12.007660042394052 1.0785683602889624 0
-5.421949347716355 8.768905817025631 2
-6.20058496242529 0.871340678708747 2
11.11790784916178 3.4071335239867966 0
-12.163537633928385 1.8100950987666746 2
5.240642673182366 2.367203635586601 0
-10.680260386620047 -4.969035471549241 1
-2.1041688555698395 3.561267869037671 2
-3.4747956451077204 1.9987508039342785 2
9.524433907155835 1.3434532600047606 0
5.1462670304004705 2.141925638404896 0
12.500146720230761 0.16395813218222988 0
1.6822012574230134 -7.803493577816184 1
-4.281573204300115 -3.122093656305636 1
-8.55158017920254 5.23884357429674 2
11.948875914023875 -4.626916304130467 0
-5.333920583155733 -1.4771487851615317 1
0.2098090138656262 1.91766306139411 2
-0.49867555457605406 10.932403526729631 2
-10.274068130945025 8.372745908830487 2
11.597269364131167 -6.233784288905327 0
-3.5777260201529653 1.2668095187545614 2
2.8201737395734368 1.341294101380544 0
-9.370331636307514 4.333851970692155 2
-3.2393053523363617 6.784843967905855 2
-11.428648446836414 5.696768320672319 2
5.883973835894593 -8.42298872765347 0
-11.603085033477354 5.449129260656927 2
7.333205368309358 8.804096586127026 0
-9.061848442895938 -6.977495959262089 1
-11.77822793518233 -2.862394816298579 1
-0.07363077608721877 7.890833569260577 2
10.0635107535711 6.0031969313961895 0
8.809834617873964 -10.052793271975425 0
-5.945101859111563 2.364750059203268 2
-2.839228437436244 2.717172408574377 2
-5.918349240289463 1.933742595389282 2
-8.250222310347654 10.32771459432634 2
9.484894371965773 -3.665978825209989 0
1.6536164606767798 2.143967475832484 0
2.385358382885294 8.19328952209459 2
-5.3298470655377725 -9.849207266764196 1
-2.831644220437405 2.322435123322399 2
11.716707408485682 1.8790523575956168 0
-6.604176617088372 -9.095329020288368 1
-2.22926106277171 7.238581636262853 2
9.580877081732007 -1.823416095813133 0
-1.0989426026134175 -4.7090061115531014 1
10.2377540435076 5.8113061121909695 0
-9.389574246051602 9.567544495939588 2
1.741314647792381 10.78285322954957 2
8.179197937458778 -5.469525145391794 0
0.10913944063295615 -10.674112450945602 1
-5.867815739428499 2.419792966345347 2
2.673242792536147 10.607786233122447 2
7.935853952666526 -10.682637495365412 0
-8.498917378675177 5.584970007486571 2
6.6069704813843 -8.195349544845994 0
-11.655347053603553 -3.314180466293756 1
0.029130292615926756 -8.315077469295858 1
4.195432800872679 10.020606375906329 2
10.7321576174073 -7.258695359883975 0
9.065491986956012 2.8566412852452108 0
-3.0369420531908404 2.1583163884583723 2
-8.788652533888534 9.72701135191484 2
-12.3937448153819 -0.9454788728866399 1
2.909696208842372 10.832851833301005 2
9.326548902399544 1.590002832773655 0
2.776921558903767 4.006171140799419 0
-1.6756842751234264 -8.221567802563097 1
3.2279733307893204 -1.6925054066852767 0
-8.499202827625908 -3.9151978977955006 1
6.113578085014297 9.73801655537825 2
-5.708447600010993 -1.1340495784185762 1
0.3035859196529741 -8.08543269417253 1
-1.7056823797046914 3.686962564126303 2
12.085827468087391 0.1373161899048878 0
8.690170861642283 3.7135516521705108 0
-5.971597229155977 -9.744058036126011 1
-0.9724078856021472 -8.189669870593047 1
8.657152466685906 3.5900748792776214 0
5.56386827305326 -8.69963924714469 0
-9.445985359375253 9.223001261030177 2
-10.935071006976694 -4.311346283367531 1
9.735132964332063 1.0919227549995847 0
-10.735764941406838 7.86209527179518 2
-5.515953971240279 3.991331950439526 2
-8.803697332048504 -3.444631023977182 1
-8.990915377064143 4.4114233918062915 2
6.29280424831023 -0.30044197220772617 0
-5.902420114160364 -1.112907217821874 1
7.978141410699778 -6.175642252964433 0
-4.519279186868079 9.519492062931977 2
-3.038495210728928 -4.2329951444762255 1
-9.676767635282918 -5.995487523325492 1
-6.801763693783561 -8.781238066438812 1
6.911497763505002 5.5440717657705205 0
-1.2094752364184167 -2.166303320650063 1
6.762205548651595 -7.943134901010073 0
-5.235875528444573 -2.136720656360264 1
-7.881793265557628 6.745859051185226 2
-6.256368194442336 0.5844015158527613 1
-7.470717695247279 6.70156129985542 2
-11.736031650107792 -2.771738416628183 1
2.969998514031814 -10.233919402936648 1
3.4056611502956606 7.6239811348317374 2
0.6875573568160851 -8.073229236848546 1
7.099328451890322 5.82009671730595 0
2.430431694196717 4.29147545675303 2
12.242877517626797 -3.6983083177336713 0
-11.278311233307894 6.768725999010969 2
-11.86965693027205 4.09844462162731 2
-10.42172973360218 -5.353398409879563 1
-12.076914866817166 2.517843420232476 2
5.453951163988485 1.1160908900260043 0
12.55298403347589 -1.835930526378054 0
9.129470205634208 7.295693447278275 0
6.736043896692802 8.813886895186366 0
7.931048419297971 8.237290253949997 0
-6.732471710194224 -9.052566850464153 1
4.615906273109857 -5.694761687883598 0
-3.9860933911671035 -10.469029628774924 1
6.894271370195468 8.658419120700692 0
-9.592678415026777 0.15142532091476119 1
11.901418974106965 -4.165115506443714 0
10.778768471449467 5.35291262595896 0
1.2352624770115792 1.9834441463407515 2
-12.269014598441434 -1.1871199070342073 1
2.7350258843006037 -7.09562629186688 0
12.440222420475777 -0.8050566155370875 0
5.1164390837370295 -9.0504956842628 0
-11.149857163489628 6.91962582294302 2
-5.6237255324742925 -9.872007725668219 1
-4.197652319516323 -7.350953815209055 1
-7.19288095743958 11.782726055111159 2
1.1690401591897448 2.262197126527713 2
6.8136462019517055 9.352115997635014 0
6.106493304189893 6.765176649658107 0
-9.567366900294624 1.815315507513513 2
-5.941868918763801 -9.330393921245637 1
2.561472167749473 -10.463932374310556 1
5.987227392835468 9.675198552339092 2
4.89521827034465 -9.272941217869034 0
-10.87329254922716 -4.4223873156042535 1
6.631460111722901 9.425586901439873 0
7.965958880595967 -6.154754560284907 0
-12.242035851902482 0.2603321970017031 1
-9.401078405134005 2.8953918795800244 2
-4.831977494984412 -3.025216509749402 1
10.769415329246128 5.235896666126609 0
-4.298849906880866 9.866975890311974 2
1.2557956359206996 -7.994027455654902 1
11.815968140651773 -4.594718565925585 0
1.624969674818356 -7.81561298570077 1
8.912326659710706 3.3181018654096337 0
11.884572443417817 1.6749969985016588 0
-5.835891153035248 2.342932553568932 2
9.786744959195486 0.5412806440147886 0
-9.641386807992388 1.226638301746947 2
2.395898732474613 10.785759807763595 2
7.767507378877831 -10.808293596478505 0
-3.6354017252340003 6.815022947872693 2
7.526193194965343 -7.117480763174765 0
9.27115923041139 -9.993974032273334 0
6.142648339219057 6.165337525880535 0
-8.18565967792938 -4.0061064045941395 1
2.133404586224218 10.558310389204287 2
2.9733491255934656 -2.633267094829904 0
-0.46291397338090007 7.986692711279277 2
3.038495210728928 4.2329951444762255 0
-9.288415074831374 3.0363675323821564 2
-9.406425478102491 3.684536139024454 2
2.9644883874359946 1.4317614680014836 0
-11.308880052380676 -3.7001053077523003 1
-9.25116559026157 3.9681360863395945 2
-10.764668740223703 -5.228054938156003 1
8.438906831765648 3.8537757034211775 0
3.6892783874560293 3.259503392500884 0
-12.002936400861495 -1.2292504822683856 1
-10.899930942944302 7.296738945615125 2
9.039048149872947 -3.764599988691003 0
11.405944534671175 -5.337497853244793 0
0.66822736566805 1.8481966803123082 2
9.198454630819738 2.603433038078016 0
-2.7588009284047477 3.296174975837252 2
-10.90722536180092 7.483889858951947 2
9.448983781029309 -2.8002538627017888 0
0.5582482257453812 -4.1549306092109095 1
9.788683414011013 -0.6306532346851075 0
12.281045718985046 0.6547370606149339 0
12.035597536567954 0.6242012616336938 0
9.923392375561528 -0.8582593088693495 0
5.934407721473818 -3.337971061153761 0
-7.560926464250363 11.613876392601195 2
-0.5297642514358001 10.762040100614872 2
-12.208790988242333 -1.0869348936693264 1
0.41416391622639875 10.825797918163662 2
-5.267867705839702 -1.7036879749741565 1
-7.355222356277121 6.799910567798095 2
-1.0147667529924091 -2.2427105313647933 1
0.0027689604230697745 10.938057833711744 2
-6.96467490217757 -6.023569317654073 1
0.7153353722029071 -7.863710901378641 1
4.972878824360853 -4.4368672191473 0
-6.336779384259704 -6.358416835752313 1
-8.820149516798933 10.057759848376218 2
-8.954745776861648 3.961280928810423 2
0.5829174300267808 -4.236514309149802 1
2.1589170579744743 8.146528453475332 2
-11.75422262713894 -2.1815334285404275 1
-11.568046788736932 -3.2959628526370732 1
9.195227227389779 -3.221497511802693 0
-3.266275897759845 -7.926116619353344 1
-11.977158116281357 -2.8060482075894226 1
5.852644537412547 0.6491689473476754 0
-2.3708720520389464 -4.213459290499581 1
4.271889640674853 -5.848421835512366 0
4.87086950328622 -9.216807921447465 0
12.36870967739272 1.233361951569123 0
-5.4321344989046825 9.010986195291359 2
1.544471307169765 1.8593366616613052 0
-1.9734476061587476 -1.7388065209601187 1
5.372222329396985 -4.350868577816253 0
-10.7321576174073 7.258695359883975 2
7.736235602542244 -6.948017328796929 0
8.116462135068941 -5.637953392223666 0
1.1672833757211345 -3.948625566827799 1
4.40047184558115 -5.294580594790659 0
-5.968175458221668 1.2035199732935988 2
9.421890305295753 6.566314630412824 0
-12.037177522555025 2.663575787339904 2
2.067702104375381 -10.363840844180755 1
-2.2682921123826656 -1.790051532472294 1
-0.603214899690114 -1.9110074355481579 1
-5.9054251729622385 0.6058076569296676 1
-6.736043896692802 -8.813886895186366 1
-3.567231603351619 6.456624551637426 2
12.305547315885557 -1.9267452834151682 0
-11.525527792272303 4.992552110716572 2
-8.611135769841125 5.34856892732744 2
-2.86849310920668 2.7532280283008457 2
9.463048327108996 -1.070549822829553 0
4.54799483502383 -9.424233657291927 0
-0.9899973542386096 10.854062961910113 2
3.306329609835933 -1.9980888166807007 0
-6.281753471770165 2.0366414833850035 2
9.559315923618902 -0.6833682481699412 0
0.2851215185724646 8.34972776526831 2
0.9756937319083387 -10.60437052700227 1
5.079683184376168 7.018863282885219 0
2.007813373440211 4.445368473732658 2
-6.1220273247181165 -0.2709460934415933 1
10.639793962087234 -7.520111705936399 0
8.698119353024767 3.3274322601096804 0
5.09510367434154 -4.283111910310675 0
5.691049382642332 -3.786733441888379 0
-9.566603853606289 -1.872181025675706 1
-12.402765454482783 3.1578266667138806 2
-2.850073661390615 9.916383232522485 2
3.0597059234618325 -2.232982503535895 0
-7.667942266247152 6.870170912599281 2
11.278311233307894 -6.768725999010969 0
5.460624875071555 -8.861197490108085 0
1.7646539756802628 4.659353353245504 2
8.392947753166215 -10.655683023862208 0
-7.666762674371568 6.810826629692013 2
8.995026113841641 2.399403173296598 0
-12.210539105927577 -1.0187086500848783 1
12.390922256756546 -0.33951625981252287 0
-1.800280710634836 -4.306347460184615 1
3.72573313353972 -6.163920147063415 0
-2.898550335351575 -10.38251657580378 1
0.6328152399987559 4.584848752569951 2
-4.163403047403959 5.947422151026046 2
-1.2195964054759356 3.931126657333359 2
6.051841140488631 6.681099310008996 0
0.6490492041976289 10.892744384277623 2
2.718718017176394 -7.186623286082185 0
8.951377234026234 3.2705806186719735 0
-9.032499876066101 -2.636134565069595 1
2.241563208793657 10.546309456617275 2
-3.944961691115716 9.814290300941742 2
9.17558317150996 -9.403128373671732 0
-3.685667998398115 9.720085095564883 2
-11.862533293482027 -1.394096591500979 1
-6.191088647043355 0.5891793442032777 1
1.4596941418105893 -10.694525312688599 1
-8.398798942999125 10.56250673264585 2
3.4185764660330538 7.932672991070028 2
-2.470527938807492 -7.853208549249215 1
-9.261725170626756 -2.104485753585627 1
5.9813477492886555 0.4845285997777706 0
5.637235642395768 9.663114431825075 2
-11.092445034109437 -4.844668447538119 1
6.890035147335209 -11.59479696772837 0
7.145645423125689 5.475201064528463 0
-5.276588618269945 4.0944053119084245 2
4.2972861411111225 -5.705101927407655 0
8.860622391845473 -5.114467955226206 0
-2.6086876632841407 -10.794689004492543 1
12.205199486068581 0.7036524997387448 0
8.250222310347654 -10.32771459432634 0
-12.060302393675808 4.150445386516596 2
-5.385661423518457 -1.1616071710486149 1
8.24531551420222 -5.665239863190442 0
8.201535897583188 4.204987197170137 0
0.9387771869545772 -8.147642845732408 1
10.990042633733696 4.881910241140852 0
3.8526127647026347 -6.505698222541225 0
3.790498807977181 -6.468285038772619 0
4.307526739656037 7.60578189508447 2
6.338793712899702 6.796768322274987 0
-0.5971335060557359 -7.995679624727496 1
8.411024893117006 4.483208680909725 0
-0.11104257670947082 0.4467528504949878 2
-3.517227331485419 0.6389694350957699 2
-5.948379350188971 1.247069408276757 2
2.399057682748941 -3.272970153510286 0
9.733864284098711 -2.2334181008441543 0
-9.894494670045667 8.70604925409458 2
-7.759207237084697 11.177707279282219 2
10.967599241447347 -7.335878214414686 0
-9.251787277777554 3.896518604256074 2
-12.137013739983207 -0.8578281919782588 1
-2.091975780921875 10.378766794895457 2
5.843967381079516 -8.466234391056894 0
-3.733907504541598 -10.55437146623489 1
11.016701435273392 -6.623494031635122 0
-2.920861557543964 2.9475005683086577 2
6.151588060564881 -0.49553720466723966 0
8.333849831291468 4.012210570036231 0
7.0733093025669325 -7.648839242726691 0
-12.472916121946536 2.965564924257862 2
-9.524146425483186 -1.8586591240254315 1
3.1026492126752103 -6.71107443695725 0
-6.561134391753156 -6.270503295708577 1
4.750570771113652 2.369587324765514 0
8.728518300653535 3.6593062482691945 0
-9.157020292611739 -1.9504731595917932 1
3.485895388739401 3.6154660718890774 0
-5.97417795881137 0.02089919339228502 1
1.698622523531451 -7.371834322665025 1
-5.296552035367404 9.050763601380316 2
8.51483062617609 -5.607986193831709 0
-3.341072072866804 -4.175586959619894 1
-0.6794007088749299 7.9370233865084785 2
-10.781567824518905 7.6022749200453035 2
3.3087497564261827 0.751253880970995 0
6.818278554190403 -11.98694874234068 0
-1.8943056418754325 7.430030229357268 2
0.8097886025389893 1.8273210730305678 2
-1.6215596675797916 -8.137748879111067 1
4.0978639782651225 -5.812917676513927 0
-4.82775947075026 5.0900288834125345 2
1.2576829792647186 8.117713264356867 2
-6.32233675955042 8.40942704043477 2
-11.944278169792236 -1.308103920754399 1
-0.37209187044223346 0.6727242125519861 2
9.866378780622888 6.512078195681574 0
-12.506156626846883 1.6572127198898117 2
0.8660464041788045 -8.042167594823287 1
-0.019257969863472113 7.833120489238909 2
9.29613934702883 -3.6851511515183066 0
-12.151060958877283 4.253529574337941 2
-4.861956490887117 -2.8936532644310655 1
-11.280784126488584 -4.072696840948398 1
-5.297373473447411 -9.96838841082535 1
-3.4615461988972194 1.5258448309391617 2
-0.7211454294323498 -1.7896639035298796 1
1.7367991257319992 2.132860945460786 0
2.991859207184035 0.8555559020485756 0
8.782707178429739 -4.6824530636261175 0
9.849900393606823 -2.4157249075525584 0
7.166443508812278 9.095966247562345 0
-8.392947753166215 10.655683023862208 2
-11.172324009704182 6.92774068998323 2
6.7168331413026054 -12.155616028076949 0
-0.942950256641529 10.664184470450312 2
-2.7749629186866174 -4.2381145863211405 1
-1.148708022363226 -2.286808042683739 1
-1.489366080283561 4.0368009259799775 2
8.243320374879856 -6.352695343515565 0
-6.224761212371759 -9.142036050574962 1
-2.665293989748373 -10.630786174612574 1
-7.637919571994147 -5.124476143715341 1
9.818235020125481 -0.5792480350026963 0
-1.3332070243510792 10.601845549284386 2
-9.742228981613593 -1.1007779456039004 1
4.1767924333296715 7.555459673531528 2
-9.466343613987435 1.839233825096296 2
-5.965705351721181 2.6252414205206094 2
9.211258035508479 2.8528975830289984 0
12.34776225076391 1.2209809435286951 0
8.243914698534562 -6.322620228779028 0
-11.845235201258111 4.840332445639603 2
-9.909237361321768 0.2465187225719656 1
-0.38747873507883107 -10.686860242664277 1
-1.6441737611993599 -4.315046188535574 1
6.636655984757776 6.012451388653464 0
2.7588009284047477 -3.296174975837252 0
-11.348798696908814 6.266146580085382 2
5.302969940273055 2.4198330467696243 0
-5.797658104201172 0.43831664617721 1
3.808769791426104 3.755191681713373 0
-8.565518614275797 4.9499553472273305 2
11.36776642651846 -5.529505709709784 0
8.543593645304336 -4.840177393870832 0
-5.287810916292815 4.668518310150343 2
4.212736088973055 10.255990821213011 2
10.935071006976694 4.311346283367531 0
-4.124884308072489 -3.248042324004999 1
-3.6433491501857005 9.834393642917327 2
8.727471356343603 -5.202035475761569 0
-11.635489382344236 5.919099731336263 2
5.5824931658074615 1.3869542743096461 0
3.2316701689921725 10.364192701977878 2
-1.4676551502989241 10.29292323673174 2
-1.0381977876463215 -8.108435132962489 1
12.385660400167424 0.24113163129672316 0
3.876160218591936 10.585220816813958 2
11.46825684152747 3.867244933281449 0
-8.244147488907995 -4.710595754736778 1
0.8456579218289494 10.577854801848888 2
-5.8723717496803625 1.83932493379664 2
3.0781171783125 10.503819786820381 2
-12.533071627286676 0.5721984842767289 1
-5.860727594069181 -9.489937654934867 1
2.001425122499633 2.0014845588534698 0
-5.879550304584195 -0.0972401623731437 1
12.083059338597659 -4.249848080033544 0
-5.863013817570732 -6.7759486331454335 1
-10.11794569767573 -5.598182785404539 1
-7.312856734097832 -5.483326819275901 1
6.660822112415257 -12.113388058166706 0
-0.27811406335288663 -7.951940661554292 1
9.740686159198859 -0.5760017865406981 0
-5.750424363161424 -6.865202772762083 1
9.251787277777554 -3.896518604256074 0
10.164435075327878 5.7024609296251265 0
-9.198454630819738 -2.603433038078016 1
-11.394016362704795 6.261029115182152 2
-9.556033718482091 -1.4585904279768114 1
2.4929056269882204 -10.068481942222903 1
-1.6373874868726128 -7.985115134487779 1
5.899230225503693 6.760252012252775 0
3.2303503569328678 -1.9583646058994826 0
-7.456707162659597 -5.58148148071817 1
-5.383705094582872 4.2674504089429 2
-10.276610674011822 8.39281487643012 2
5.01185830434502 -9.472902144510162 0
9.602125635013156 1.0080873752090707 0
4.2160043557136175 -5.690738334313146 0
2.886325594893059 -6.774950612750828 0
-7.027418473932244 -8.789665077091271 1
8.359006086607593 -10.759305185289627 0
-5.934527590705179 -6.726889368324079 1
-2.109012484573075 -1.4733859866415544 1
6.134248966020889 -8.3186827299556 0
6.990390846361844 -11.958327841125476 0
12.22388525607433 0.9335072519417944 0
9.609247243612293 -0.5914001624141971 0
-7.342804103552267 11.404779982192416 2
-1.0206384552237762 7.668707619951348 2
-3.38541350275193 9.953371493197732 2
11.202337429308884 3.4133533108248297 0
9.347722184086633 -3.6792615895733713 0
-9.417031793281927 -0.5541946078644112 1
-12.117862653703819 2.3198775288195925 2
-11.816066783001927 -2.183535886641742 1
11.130427537725497 -6.311622914450378 0
3.7074625209735412 -6.142720340144869 0
-12.015891136798217 3.690087152236312 2
12.12070737498658 -1.067761716375205 0
8.0190016667398 -6.430956003281635 0
12.45890192413469 0.06910084711147291 0
-11.329571478460771 -3.8037940386876588 1
4.997542331711242 -4.885592332909609 0
2.1041688555698395 -3.561267869037671 0
2.8374803370610184 1.476587973579911 0
-3.436721315390204 0.3436765265027261 1
-3.4447154161051525 -3.616868927582746 1
11.57944632688096 -5.931329199351831 0
0.7054054733369123 1.9778040429578383 2
-1.3086899014091746 10.63003316315641 2
5.999989984976259 -0.6140935998880834 0
-11.954775387897428 5.175780712777436 2
-11.29429244542849 5.979129207102038 2
0.5942942175566197 1.76995554571962 2
6.54760490701399 -7.720883693505542 0
-9.482869011315161 3.4802763775497447 2
9.38127042105128 0.5532539789941927 0
-3.3561288603887713 0.06143832868513652 1
-4.920420994892062 4.928716227097254 2
9.089372265752349 -9.782588981677597 0
-11.756279184124672 -2.144180235213303 1
6.336779384259704 6.358416835752313 0
6.025445405689906 -2.4176764264831814 0
-12.268078197117203 2.963833769927641 2
-3.8069232818682135 9.949907551984479 2
-12.458614881567497 0.13409690961920306 1
6.265421473965668 -2.3419025493411088 0
-1.771877115547313 -1.6639533672626856 1
-12.318091335526187 2.351283157572266 2
6.3020414710575245 -7.993621533169494 0
-9.667654087713926 -0.38585073394671154 1
3.555512007620037 7.915499390114966 2
3.629490220259312 10.196823795935753 2
2.8882212925205675 -6.893831111404387 0
9.5110015621972 -1.8109348992672198 0
-8.710173221206551 -7.355866756034209 1
0.8218476535673487 4.613800004853083 2
5.96375524691344 -0.5331925680371878 0
8.278083562924389 -6.226384626586447 0
-5.983429444993983 3.1772858115671205 2
-4.139394013093227 9.861412691701046 2
8.42292109379149 7.8153487654759575 0
-2.6816673836498723 -8.045205589898567 1
2.0688653937746757 8.170493006372801 2
9.241716218868163 -9.290926684845827 0
4.168170481810362 3.2479201247335636 0
12.118591714504513 1.436828690171363 0
1.8594081688552964 8.238338205508985 2
-6.096668820049775 -0.49492167233663525 1
-3.6424598114179223 6.324607335772446 2
11.178073688040556 3.6766463446279176 0
3.0079447628054106 0.7410290372254014 0
-8.583134197268 10.15702856632384 2
-3.1187573862704534 2.8149319600531304 2
6.6905340316791495 9.192421015699884 0
1.3584666564254 8.022438381557023 2
1.7376203303673468 4.686802418949385 2
-9.365458648048664 2.6877119012977704 2
-10.53980529528414 8.07784469219911 2
6.089851911933712 6.662716019545057 0
2.091975780921875 -10.378766794895457 1
-5.207775197846164 -9.7700178398189 1
-2.9390236312310822 2.2809160212030934 2
-5.954847861385602 3.372138882457329 2
6.018083540062443 -1.3056705018231352 0
-1.519333142529679 3.752020562236387 2
9.420505090788827 -1.6866550119758998 0
0.9415055124148886 8.405199013191481 2
11.094350077288244 -6.278678335217756 0
5.395691589848616 6.851254642571236 0
6.535286414719715 -8.065897855484337 0
5.8027398790555615 -1.978265497741691 0
-1.0306608698799082 8.085547236213229 2
-4.245319465730872 -3.0016966482106784 1
1.2184557374917846 10.909834692561631 2
-11.53519986828047 6.141959633657915 2
3.7318032484404524 -6.425942935723201 0
5.456884735898197 6.906617951207675 0
10.8173923690289 5.185570104499892 0
1.6937527280359146 8.234404302794632 2
9.11806918301569 -9.518324164107701 0
-12.589454381046407 1.7225986023781636 2
2.867634394726642 -10.260967285205668 1
9.532474746681542 -2.118903633180349 0
-5.251809064306549 -9.886210271770961 1
-0.8789807807479044 8.042700214374687 2
3.2280891219807493 -0.20363474116373043 0
1.7380318690874008 -7.378286140022477 1
-6.992903636501024 -8.590978596320348 1
8.837482556497513 -10.025818799616209 0
1.7488499001679498 -7.323936651279446 1
-0.20455341735692512 -1.6151134819909452 1
-7.807891694293184 10.71643335615149 2
0.719169434212552 8.02933549760941 2
3.5311398801961973 7.817567217240308 2
-7.855383337318814 6.920336865733869 2
-9.855165962956844 1.9696021445596072 2
9.616180038634276 6.725194201483564 0
-9.535057939896408 9.299271808295003 2
3.62809651529208 0.03344772061655879 0
6.596372629912801 -7.825447236614964 0
12.441490520304583 -0.11845882632736228 0
-5.986100025327506 1.328419950306825 2
-12.040035448255834 -2.3483292756483225 1
-9.56850265781945 0.6007560930265397 1
-3.0388330527053964 -0.7593361635965089 1
-0.35215782239524357 10.945510920408651 2
9.529615021250592 2.1524852998931308 0
5.2237967764266 1.7262376376347879 0
-7.9279798191613535 -4.386536870351767 1
5.226938400217004 7.097979943520874 0
2.6701666434743423 -10.092369222737084 1
1.0594013506668856 -7.729530729077528 1
9.810223387496913 -0.7132410964101501 0
7.9556296492250755 8.335017638757636 0
3.1933434852904634 -10.16543251263837 1
1.9975704409224389 8.058773496216277 2
-3.6613367840848046 -7.968743777227446 1
-2.3856154611906963 3.552244681059986 2
-5.19406029582953 4.532330768032632 2
3.901466350036195 -6.572981776632034 0
-5.144906732072585 4.911116009587153 2
-4.050916285801802 9.828786634766693 2
-3.537068684229298 10.023854670195693 2
1.6100812641003872 2.0271933462980773 0
-7.974671147629589 -4.258578860937455 1
11.14480954312628 -7.0782524499316795 0
-3.3855510885330897 10.17680094428795 2
12.27951270742808 -4.1125999414804415 0
6.340112642034672 -0.9668054404556992 0
-3.644046488930227 -0.1719551083512319 1
12.570958646472791 -1.3533656102067906 0
-5.8487551572583225 3.2158503757951897 2
-10.441994438780174 7.837865878826925 2
-2.2020257458920356 -4.2761765921462285 1
11.915393839505864 2.069011234320216 0
-12.202640211658986 0.7102399625256713 1
-3.4136320840694863 6.887928067918961 2
5.808116977497135 9.37192505486439 2
-4.42640766963188 -10.121773462218249 1
9.15901070076138 -3.7452923247884247 0
-1.939684223510296 7.6521704280928375 2
-6.9328661264250595 -9.084704481436477 1
3.163504326803438 8.144101027935665 2
-4.03572660210002 6.151759102788663 2
4.464009457350466 3.298752647967319 0
2.5480455275041756 -3.448130576672949 0
1.6905443510382636 10.802342876389536 2
1.9091162655182283 -7.559819801532434 1
5.236966344388097 -4.014771097536033 0
8.16313644228938 -5.583361387503008 0
-0.881328250836197 3.9906018429584535 2
-7.03525478743211 11.944611969590193 2
-5.913233129378542 -0.632908930549658 1
9.862775001069425 6.483024492804213 0
9.171553745141365 -3.560704217150544 0
2.244384050769507 4.625454485761608 2
5.911522266242132 1.153283529980393 0
2.3722166523606507 -3.3938663890742506 0
-9.425174228062753 2.474470881911939 2
-3.8123659954330114 -3.272888221654533 1
-11.40216938665715 -4.0871982715193695 1
-9.470470877889964 3.5578766025264272 2
-2.1441651002226467 7.681715287379586 2
2.127326828203097 2.0839385414922296 0
-7.7225803287003245 -5.214425871843866 1
0.26506050096801115 -8.124648008836271 1
0.9508603013714975 1.964298771291709 2
8.321127800183364 -5.554717105443776 0
1.323473661549488 1.9249966387390682 0
2.0400599430724036 1.9274651486561805 0
-5.634896813638952 -1.5714464419962202 1
-6.8985055851197705 -5.578192681418691 1
7.26635373865566 -6.878443167788665 0
-9.805371113681947 -5.797593191913178 1
1.7320221826585616 -10.406090433874816 1
-7.369822958568496 -5.54416809703922 1
-0.07013673693351685 1.3805482467608212 2
3.8304137391256647 -6.343011852853564 0
-4.415595221349744 -10.26813034830617 1
-5.805835817867424 -1.1773410621951472 1
-5.964234015333534 -0.25519789497825973 1
9.582592498246388 0.4967035299362143 0
-9.655879441147938 1.9807786977285375 2
-6.082042580563276 1.2634717377889335 2
12.19440660773964 -3.6795652537389265 0
-0.45833809645852513 10.571230380881849 2
0.9172790285021497 8.384364322413582 2
11.833009251790704 2.0430860422392287 0
-5.887996493161041 -0.709700745691283 1
-5.423559759080665 -1.38986523661358 1
-8.477842317763452 10.090458739091053 2
6.364521563319001 6.596126207080746 0
2.5399370474205107 4.1999092807484955 2
-7.923241113690212 11.056201574954152 2
5.055117270254456 -4.446912273490962 0
10.240249909838166 -8.343197091035549 0
-1.1210494516379752 8.01701694804448 2
9.685295944343512 -1.9754813024241067 0
2.6143004077976046 -7.124410100944629 0
9.494646040587176 1.6494233521361819 0
-8.580130181649778 -7.509317427405818 1
-2.3724256004593167 7.19089316365398 2
11.822037959384293 2.115668190468459 0
-9.382439717031643 3.597214151185371 2
-9.088156811984128 -3.418066427559258 1
-1.4617932456015095 -4.4807016966543385 1
-4.645283080556522 9.177849580506802 2
11.003988899311766 4.600680575746983 0
7.890193944628663 4.838486646618627 0
4.344588416206517 -5.599441549139217 0
4.754789484130637 2.3281795879561056 0
-9.323847133316132 -1.0282231496536642 1
12.165807233447875 -2.9262829815734857 0
-9.436599110223495 9.702019669002805 2
-0.5014379877570209 -10.966340902027264 1
9.345443464863061 1.2901024589461825 0
-11.521044066904372 5.811195966038403 2
-0.8179620222215582 7.978751437380427 2
-11.54023994603241 -3.243185384688699 1
6.179486282597523 -0.2784517238091153 0
0.7721100714305651 4.7168663266640865 2
-10.991371390483275 6.77206299161298 2
1.8530124707706792 -10.627410895827573 1
5.623090396277789 1.832873101934728 0
12.268078197117203 -2.963833769927641 0
3.036108223261851 -6.922928584844488 0
9.562418543243808 -0.4482249086370471 0
8.190223288206063 4.058272376116378 0
-5.843953116490155 2.071168235115273 2
-0.6239533374554112 10.837837362998158 2
5.428980081761422 1.6001362828620944 0
7.575868780670432 -11.435500097085251 0
5.33247879842279 -9.086397178456899 0
12.124452799736476 -3.747669149339069 0
11.897738038253395 1.8586071255296812 0
-8.839871020191874 4.323891366449521 2
10.127970123981854 -8.524823973853149 0
0.5725466515365155 -10.763535433237998 1
10.384261474153071 5.414267412520195 0
-12.022311979375347 -0.5121336277894476 1
-1.9041944566968985 10.242998788098504 2
-9.218904044685699 9.940808398422474 2
8.083457269507784 4.165646652579209 0
1.8692149732796923 1.8486300022141313 0
12.34447496603276 0.4883904481320185 0
4.806043208667191 2.253725577323851 0
2.011584580021191 -7.474976065752465 1
5.748832919970261 9.628655033772297 2
11.96167766735784 2.19670472791786 0
1.0474952623756075 2.2484139067771016 2
1.771877115547313 1.6639533672626856 0
3.4485499942719664 10.360744151389436 2
6.20944683940301 -2.228778509242473 0
-3.41744540627601 -0.5611092933160272 1
8.860711364442391 2.989117141539373 0
1.6557073642346856 4.671856600172643 2
12.433732645766199 -1.5214492703077254 0
12.398554642628683 -1.3806566165334226 0
-7.65469240794107 -8.72988850022731 1
7.1566020600055715 8.931637046720079 0
-11.35100769638221 -3.5715915797794167 1
0.11325555064663462 4.75453073470105 2
-7.030647147242726 -8.643804594668879 1
9.059436867709989 7.3146097646117525 0
9.35707053450822 2.4989539893407366 0
-4.715398687130438 5.215822046813517 2
2.9828352481359364 10.78989149785909 2
-1.4082658208567425 3.9938383025090793 2
-12.37029753940472 2.8340659336002467 2
0.15382914606333303 -1.178764309330535 1
-2.467547756300899 3.3128901956270878 2
-11.61401939124416 -2.6888147346820706 1
1.9993367087282663 -10.304189108001355 1
-12.256773174468755 -1.2645985679499014 1
-12.17405966166904 1.0170999304373827 1
6.900821355714034 8.765614093877975 0
2.9465524654685527 -6.999263245296978 0
2.8378021054024254 -2.7902189499040624 0
-6.701486992930951 12.077006173327666 2
-9.649158092967705 -0.18576789712493502 1
-0.8264909050409346 -2.105605942749402 1
-11.525272511852728 -2.752922505115925 1
8.336541522051597 -10.73415691595847 0
-3.0781436476716446 -8.17244024079335 1
-9.281241038909448 3.283438644521294 2
-12.433732645766199 1.5214492703077254 2
6.699176411252643 -11.926193014197644 0
-1.4004372395351927 -8.02687034183454 1
-12.165807233447875 2.9262829815734857 2
-9.579291906545611 -6.2178446627301325 1
3.1522141536521002 -1.9880344921896835 0
-2.4011196435138538 -1.7214803758562454 1
4.4974188530403385 -5.6519294192398535 0
-9.11731306969249 -3.073287178855997 1
11.624422023637136 -5.554540036116472 0
2.754500577805806 4.380833928642531 2
1.6599791709112905 4.409553114220015 2
3.3944550412863097 -0.15181296468192335 0
-9.173956811505072 -2.6005892155660817 1
-11.522697024423158 4.869092949845785 2
12.010708898456953 -4.153828923265722 0
9.133323932730345 -3.4150030963680935 0
-0.25315003598913216 -8.131030651182726 1
0.23458168542078361 10.991122232926447 2
2.0857432594278182 -10.370828139190598 1
0.8538972043053195 8.246321445041719 2
6.863323686033849 -11.635371015972073 0
7.869173177818037 -11.198113611185653 0
4.161281455931165 3.0923955020255014 0
9.891292814267551 5.936699384138923 0
-2.9554575161893784 10.228620701206008 2
5.994730182452841 0.5578157712555919 0
0.37273204957270123 -10.748381232645366 1
1.5406650132570165 4.319139285126688 2
11.50480673007241 -5.117793397744131 0
6.405933321064158 8.946403116262326 0
-6.180407451145181 -9.261406574388257 1
-2.9699788220843053 -3.985300590444324 1
0.2101902098901149 10.625122051656362 2
-5.911522266242132 -1.153283529980393 1
-10.88724223358542 -4.55126021270708 1
4.937471046804983 2.3659889297105092 0
0.6641691388876338 -7.982204249974013 1
1.2195964054759356 -3.931126657333359 1
-1.1185824149822958 -1.9781839782430712 1
-8.182922000602135 5.627250032234393 2
-6.756307495777431 -8.784648115889732 1
5.1426425013021255 -4.735677887191266 0
-0.32498548238347164 -10.64379265578703 1
-5.482463396849578 -0.9226783068889877 1
7.11815461220645 -11.571397098431065 0
-8.050487959022561 -7.981528926158969 1
-0.07925920357865612 10.674209147881076 2
-3.2628286627922005 0.1382043627224167 1
9.029777604682952 -4.129622576961221 0
2.7924773375099963 -7.0859579689127035 0
4.272509802840293 10.29770675631163 2
-12.03044376799775 3.807252991575777 2
4.497437429819872 -5.427575891714821 0
-6.022089805925083 1.6216580025623686 2
-4.471714578445318 5.144181915024618 2
3.991952849717671 3.3444784395236624 0
-4.514403757887948 -3.02222677945356 1
-11.136082933832025 -3.729567042283781 1
7.228462569246511 -7.2998887507596 0
11.882732540704572 -4.991051089214137 0
1.8940054399608004 4.6511468965453915 2
-2.7407459386789506 2.796593097784586 2
12.021724369531078 -4.204545734622936 0
-3.555512007620037 -7.915499390114966 1
-3.4767115815438663 -7.9541139594685495 1
8.381659256978645 -5.609422254492526 0
-0.3154689341530387 -4.427255472611695 1
-4.458062472427561 -3.095422144917099 1
-11.326850231307288 5.791213262513281 2
-4.928582931984089 -7.225187321913253 1
4.76367635723923 9.880030431748795 2
-11.269954642478961 6.178539309053599 2
2.312615934748342 -3.1653294626006896 0
8.97915114714945 -9.65425328973484 0
8.337418401289085 4.157548538007083 0
-8.02088965663713 -4.943277757628902 1
-1.1596451894503903 7.7343250829684616 2
5.168151210378431 2.2377023411117407 0
1.2480086734512752 8.34260093491562 2
-12.257882161861463 2.177688661342586 2
-5.4088466404404825 4.544414174306388 2
-2.4226660289835094 3.3463048159558357 2
5.808360941531648 -0.06143411198418175 0
12.091871095934057 -2.3453243286901087 0
-3.8104249429768045 -7.794446262165349 1
12.035329941125182 -3.9475422974747696 0
-10.766017156660977 7.294051395757752 2
0.2142441535785104 8.195533916282653 2
-0.16182673268755712 -8.292208162918186 1
6.069342897349229 -0.3305677602090431 0
0.36621825657718093 -4.615858714672257 1
0.8751008384871977 1.9194479219301983 2
-2.7410868532060073 3.252539349253812 2
1.3732718209439816 7.969225805591604 2
7.529616796375021 -1.3006001527442097 -1
-4.988655142943443 -5.302589825494615 -1
-4.085568985870898 6.4705087556387255 -1
