1
10000 2 5
183.6076281934648 811.8194465794863 3
561.4626064840779 677.1345290203383 0
206.47890823883688 808.1759248363863 3
530.525602733172 630.4076392777653 0
687.956103587575 701.6975353284091 0
492.97695985613933 862.5400927312049 0
551.2210586907156 262.55657192353414 4
839.6539074852276 109.92679152801608 4
361.5159841244778 834.0813174031002 3
122.92368012613969 452.73415494013267 2
101.06616999359461 884.7145240341697 3
224.32029734088061 837.2232541337362 3
814.0898018497928 987.1845290284532 0
406.91242072110623 149.49717292144885 1
105.42496676939663 25.12416465801834 1
126.78804961550435 3.6214327946275233 1
176.75983179912186 428.5678381695192 2
434.39659374674557 457.1535085996217 2
634.5103524370845 392.65155977215517 4
113.61400103704804 927.2111792551622 3
762.0521230382451 940.2201626237147 0
434.4943064779262 118.10099182236566 1
142.6400387020131 571.5674163491044 2
184.27093590864476 801.4690095577715 3
430.38644635056494 88.73817497837297 1
403.4900651669569 114.19044963897029 1
795.8912485911128 671.138964749078 0
1002.5837952779093 212.64819687137054 4
358.7818913925022 171.55017533255815 1
259.1653571141603 232.25520994334062 1
105.49022973433793 85.01406979651605 1
756.8412395743654 760.9604945592579 0
484.67353755580723 12.461719197266262 1
705.6749413014564 736.9881219128613 0
199.41903753812824 -27.020727406263045 1
534.0340640427262 638.7979300711962 0
155.4858978363601 441.07312137338414 2
99.63228758304584 12.873917362026226 1
550.4505157065262 -8.415149391401876 4
724.0484969542528 707.7051246277698 0
89.2616656425128 4.205595924534929 1
766.2727929839117 824.2003179513272 0
809.016749995148 869.5050692673126 0
226.0447852415062 476.7871035342308 2
560.7935378021251 744.6289766243586 0
135.94913214933302 560.8338182825207 2
365.31283091732394 646.6599884566835 2
77.42757184022717 59.84529248470608 1
161.45902810644273 986.9536419765692 3
540.5824275855655 447.6318841973588 4
1006.2201480587748 710.3065132024245 0
782.3864055014973 891.8676640482107 0
85.127292960932 34.72178105915479 1
761.9808342803243 799.197493803927 0
212.52547541999508 793.8257519016519 3
110.34703103923415 476.8756744847016 2
45.79738779772008 21.962160912351628 1
330.4886654995371 28.462925370002637 1
737.9684872378986 787.1803679493589 0
752.976769712132 731.7818137319952 0
95.45913927702274 4.981141645171307 1
407.47668163983514 100.8437449564625 1
151.36231123039204 855.2985048291982 3
1030.0708410862464 901.5985585480015 0
996.6162239350332 235.69302691149807 4
326.9500596284051 138.71954096303287 1
275.4587204993521 715.3934859733716 3
44.99950129073575 5.099966597819879 1
530.6647383137523 936.775121123387 0
737.0612676552805 801.032967847308 0
437.6665617123473 97.14241033054056 1
558.949464012765 424.690024141116 4
206.63173856754776 885.1999299703682 3
155.68690396817388 570.1910200452548 2
494.57816304900325 491.84932918735234 4
180.00081900600958 1007.7039089312013 3
755.6262006246674 758.7282285242038 0
362.3050243535589 198.83171320319718 1
517.0853492612715 612.4004627569593 0
70.85586769636248 22.411949552013823 1
140.5575867373579 820.0943537897222 3
490.61833303273795 243.75174056645656 4
218.83648415245682 592.9844099800143 2
428.271949719972 523.2018957798056 2
85.53289992747462 87.2060350016947 1
523.4472791274742 563.28430014431 4
755.429296495831 738.6720041982278 0
127.20586954550518 437.4750132199716 2
486.5025006982539 679.4854647743372 0
358.30556612523776 544.7570608140746 2
141.51306576046363 48.726811964986496 1
463.7630766868007 691.5755445399413 0
676.5558147407221 786.487372873893 0
767.9448585538579 909.2835312196014 0
358.08935643714534 504.3871108227533 2
606.9261554840406 972.4447267520203 0
181.7902136093087 764.1503520231047 3
197.6002769275593 38.45638870287337 1
807.5052994169561 163.71284014376562 4
526.8953852618886 960.3497329840703 0
106.8271946304501 739.1295736966456 3
284.18306328469055 620.9859115809124 2
353.8126478810422 526.7616251231173 2
277.0423099712829 622.7118844577928 2
423.1450979057288 559.4367750358675 2
492.7991403969873 631.7096692265086 0
980.0461263729453 894.0653714337817 0
67.63494344553398 552.3025760391483 2
283.43957800969815 148.27288103502147 1
92.74305949360041 880.1996998927087 3
88.83266161724212 -43.090180963020416 1
147.31539543251728 574.3450242507635 2
145.6465161418166 721.8755966100373 3
360.2521791784871 633.1295607728532 2
113.08488189521125 494.13353559868705 2
747.413078588372 674.906829765336 0
781.7433073556946 123.18988166813244 4
111.78121487674285 4.77236532945404 1
422.55063950607007 158.02024957602225 1
534.680335374157 653.8115982760972 0
154.74949867302146 704.5872366743832 3
89.45575031245322 9.363669109370907 1
291.9614306618946 599.7311446873534 2
963.1556498927355 889.9025967025785 0
233.00887341267043 878.3307560891316 3
203.47628473203164 782.9450588717308 3
7.534529121145535 784.3787816373932 3
822.4743218348933 212.2840265532127 4
142.06079336047782 894.4007903148413 3
747.8974209999157 781.3501176503514 0
578.7093083180558 954.634151298057 0
97.65172558838451 57.79419275277636 1
803.6116673754458 902.7589199504765 0
132.393238176568 615.0533334141758 2
952.4448676414916 895.2937195862157 0
463.9950145935725 445.582474214396 4
387.29249432266164 170.37328022341828 1
154.43700479678108 768.6398655780422 3
941.1044657514989 915.9446549452539 0
821.2224157755873 178.02421514026733 4
983.5912377862554 686.3459345810734 0
79.18849210335071 106.93770860657654 1
104.3559490433591 521.101305681814 2
160.02547219432523 797.0625979837379 3
740.6600259002072 865.8938191741987 0
119.5207063412832 931.3119358968801 3
116.70699437450668 510.0726515964824 2
1002.1728209643128 844.1232476718295 0
829.1610946493172 193.0025916196042 4
130.4211451082018 507.61330102960414 2
322.43463630342546 179.54080490958896 1
294.99241578710036 522.6537229320983 2
705.2378288313184 946.890114726473 0
125.85232854968788 -42.10091640589209 1
456.0647089536293 84.10242141227144 1
517.0039587778899 388.3623380503094 4
184.55342463407052 994.3714551329924 3
294.1056073022751 705.5365787565926 3
191.74560260945822 814.0836282985546 3
758.2673639646141 897.0044963343854 0
78.1450729563579 -37.17109551048948 1
51.4469821852955 549.5216031596157 2
55.100882091258356 824.4696786284197 3
158.71399415451162 801.3677597386185 3
198.54719663975618 776.7589992582951 3
808.7414923149988 757.904936451037 0
404.21031160652126 76.95352646341516 1
550.5124308494404 625.4577586373108 0
252.52637530754146 636.1146680013776 2
553.3801766690456 184.48977973453734 4
42.2972717787772 -84.19826330590963 1
208.32110126945963 820.7486624872815 3
546.3478284514911 625.0365310516326 0
117.10091385468012 547.1102527183056 2
717.9445779774734 755.302042770105 0
140.0171012455465 47.8591568291307 1
137.03410625525152 781.9528106653871 3
108.83533834322773 831.4656665365171 3
442.56429360506735 398.5434625296099 4
164.0614529158866 508.7654309328038 2
314.5487966220536 164.00458864725934 1
119.24696409443129 3.3117536524971514 1
178.61630238825072 668.1069248229687 2
73.4203008140539 539.3680549790062 2
464.57905373042774 221.32412502009805 4
515.2864822211579 325.97332900163315 4
365.75221122992855 151.19096165573316 1
538.2544338586201 693.9716166353113 0
814.8830541032502 803.6732235944519 0
185.56498491166812 541.9643765770576 2
234.51883729589673 695.1106965766174 3
91.21930439170397 -46.71593919044267 1
104.2095521824495 247.88024189636755 1
2.7348963443457563 553.2980390070394 2
342.9309325798711 117.2378120462576 1
342.78684943798623 120.14485089220429 1
753.7772292140388 760.1004962305763 0
722.4809515810737 846.7174920496099 0
354.4752523101485 846.5031429758786 3
461.3180688405431 711.669102282405 0
103.63986040744845 735.5742607357805 3
96.68316694091789 671.7561184140491 3
439.6133978525336 302.10295734265185 4
552.4524262421686 622.2111387002966 0
397.7573175639814 364.0140217744831 4
154.8771656099142 1.2486134418114787 1
788.8189536240436 929.1398991502914 0
421.3103553988606 103.6775890030034 1
75.42713371242309 534.7220821545131 2
745.1434934360093 713.3793422048374 0
482.62115196247606 584.2853420922871 2
278.84612882120183 699.9034817255632 3
539.2263023390221 703.7636936974335 0
202.72215050650559 786.857025986673 3
62.7836205562225 525.1848628653107 2
637.0554162655027 773.2644876362891 0
582.2623268164431 334.1763129289846 4
100.72390633450355 525.1353836219804 2
86.60836312787298 810.1507366805143 3
787.8703096816631 719.2286256510346 0
100.61716199226547 498.9976710881426 2
179.33018710508827 804.7453319015378 3
152.39498386477675 570.9482466323436 2
119.33747444873633 895.3327248109322 3
399.4076153492714 71.6063517302836 1
219.54455676200894 724.0039625523364 3
650.2319620879786 779.179921606428 0
544.8189266674865 418.75348338763695 4
796.572214086228 907.7961267679441 0
285.5537765105016 207.53397177627056 1
453.25599323541155 601.7274801550307 2
540.3355986927647 17.275082278330803 4
307.50329713360213 831.9920043428874 3
767.2201339859524 177.56474894375728 4
668.3721572275224 802.6904230400517 0
135.81408062347154 443.30289282640814 2
565.1349916082247 438.20770635476913 4
646.6106708262744 391.1406131602247 4
574.3983170257424 650.2846704247424 0
508.73959425484105 337.6084639101226 4
279.4758227766886 856.3460882762618 3
58.99653116729239 18.71471068667864 1
544.0454841220853 421.0551422157461 4
206.37983363832586 23.460197104995814 1
550.5227130826836 611.7660783294898 0
741.6342176262494 753.1193217529723 0
321.7752805175404 598.6395218148149 2
801.0883955973702 163.60333653381423 4
234.7548930076131 510.91554384998403 2
278.16458579965905 820.408927187734 3
751.7596357208829 734.7553238088157 0
104.46925183221173 454.68261955855934 2
442.77278438328 168.62974588278868 4
149.51428205825565 10.63295080896734 1
798.0530349604585 179.78739269275258 4
531.1112890632043 651.8272535287094 0
437.6896956987323 644.7959278646345 2
100.84046392701855 488.904061773148 2
113.11058458557001 447.61945126558936 2
98.43017981943976 -29.968763991974914 1
809.7348127875617 193.87363316518386 4
997.5436162180463 866.0742242405515 0
993.4137793026879 871.0878396140085 0
580.0430719663726 687.3064255828044 0
174.90315450917393 703.7815005148734 3
841.4462925462595 189.9680916730249 4
818.1092235302868 195.3601527546366 4
684.0981425793046 524.955835418539 4
678.3540016961967 341.1435264162161 4
369.09615229628133 587.6604541773992 2
591.0116565146916 957.2591177525004 0
356.41439508789654 276.1778030399347 1
900.3079578566267 174.65204423609575 4
228.004307664131 793.1665273663714 3
103.17804805826108 5.434811538687178 1
108.33023028804466 57.60476768229191 1
599.082745938139 29.47157029364413 4
91.50878226726265 637.7919737278847 2
96.01269909259753 534.2076292507816 2
476.8304971835149 547.5927634768191 2
330.28118321986125 133.43257644815606 1
122.39981330445325 793.3312098873495 3
754.7211039031093 830.6640490611355 0
529.6066330003175 653.7042783340002 0
753.8387560746928 746.411683372811 0
862.8902919094346 875.3522785397402 0
8.659226253323304 772.0011918475332 3
162.15784989075837 728.7779215188964 3
549.9588094804077 416.3957825198923 4
108.08877658491926 883.6216747370057 3
800.6245183795766 200.43229879486518 4
98.06300151587786 459.65422277826775 2
546.675221902378 696.4501687116889 0
840.0585496211032 177.40253266658578 4
154.54787613262687 -13.511463384031337 1
100.78991927298733 472.6169536780041 2
505.6954943580469 638.2850609978362 0
499.9126767202296 106.46785998644573 4
131.21240834464112 542.4819997546646 2
290.44934692861466 112.3114257314238 1
410.79056395533473 2.9885683769319655 1
807.7679113539702 132.16128743775172 4
332.14356136957406 136.28842622273146 1
483.76729287395506 694.0210138482001 0
550.0327610899467 625.6895542899155 0
167.08300274582643 703.2690355663813 3
253.43119578418379 585.1179177813382 2
435.34818082497287 103.97595097103206 1
113.09715709450762 630.843267480428 2
73.6288682249601 538.7237665775826 2
86.91916963394034 -91.78043456936061 1
245.69709546248845 786.2924596118814 3
87.50783926240717 31.400755883061443 1
13.546557222961432 762.7849897992068 3
191.42586624780327 777.5850399137818 3
415.79572040928866 605.0282926708016 2
138.69983359437978 728.948079017676 3
521.970986654828 466.1313732035354 4
782.4053240008711 661.2191624174876 0
131.2273328037223 604.1418134000194 2
290.1939616991909 524.207261079177 2
187.852063861651 3.6996605407261227 1
339.2275940174669 301.8197426678792 1
708.0008248250106 822.8615013282531 0
573.6452617643299 964.1963409724896 0
89.78224781094514 17.232943348488995 1
818.5067195045395 712.5774688848387 0
514.1353448178479 462.08046438037985 4
751.8838421968028 701.3413154333822 0
266.722319191016 805.0516603678401 3
482.876094665479 137.82645455769733 4
559.3747407476507 260.21215868472666 4
739.0199042366291 789.4172255748551 0
301.3099306235315 141.77309902641204 1
20.765025861080943 92.21508339757773 1
197.61095178009046 913.1457063393095 3
755.6320698108253 776.612407806387 0
761.5496833672939 708.6837646377408 0
201.7619824184136 749.2730271723821 3
401.8426444403273 335.7423411484319 4
161.65546211100235 564.5503788686447 2
176.8784417298556 92.96587812030317 1
303.2425956515226 613.8717388210407 2
348.30127829724864 186.35204302223366 1
699.3262603436915 765.5737430392245 0
351.95977482057185 589.8462750548116 2
196.2667427055011 806.069668135979 3
530.9658284180395 214.31342103277333 4
107.55406785793753 80.615632443522 1
421.79114548003383 112.36933563844549 1
580.6238223887658 634.8979052820556 0
114.59761434930387 250.0365222930523 1
214.15558535973335 792.9030549158468 3
131.9184617022659 737.610882914173 3
534.3446701100872 382.31050389298093 4
361.7825254437319 617.1517281565981 2
1002.3050988869411 203.97797724163496 4
97.44326664804376 495.6267947420941 2
972.9485453951139 910.7149400767528 0
85.51886230695115 8.867018695923331 1
312.32962355041946 601.3320166403095 2
261.1181976390127 505.69213723237505 2
518.6427489211954 998.5496557806578 0
495.1773096003332 869.8193615829629 0
186.3407226793946 719.8521386384807 3
346.6910373806595 112.78917432085512 1
138.21436963245932 -62.64578997307926 1
124.82502226639811 488.01733172030623 2
505.18362750430873 658.4395529516736 0
583.9151833668362 626.3147686118382 0
973.677647591892 229.1538672088348 4
506.43324213780465 592.0387732569646 2
833.3117121978158 819.327450083718 0
111.43844114448744 434.03677015537073 2
980.9716489393908 715.1091405105059 0
208.49675842796393 812.8070060910403 3
97.34946393568462 -31.76487500926115 1
123.4431606275723 712.078039437658 3
174.6607192405022 708.6276782428461 3
613.9903100416852 411.27485503934855 4
404.04762981645615 662.0922483359486 2
175.85838909849033 582.2423196053825 2
567.9854775653664 654.8628780890574 0
971.2223046036635 705.2167108157621 0
528.3751412244391 461.18686352133216 4
624.0306998478602 394.8457444019817 4
389.1742408170004 333.72690387788066 4
597.0890561262781 736.3137102300153 0
346.32117125046716 858.4893471993126 3
853.1822906988929 139.63095650040185 4
107.60517345321739 859.0811930356826 3
276.7793351570405 695.0155402735506 3
84.8602390253597 804.8460857588171 3
147.5986113410692 906.3375412622412 3
819.0118492947176 205.39256701003907 4
853.8482181285536 128.75251948203757 4
947.3547694807801 929.8684831045023 0
136.3016729127065 934.1174687737761 3
130.49758465114357 775.3431837484436 3
235.40947500564647 864.7263470454939 3
752.1462915372155 798.9055800389243 0
500.9989935035293 427.860544830852 4
427.4078116266908 552.9458967634835 2
607.9624940505041 969.1640308098681 0
63.544449266835734 -11.072403912145393 1
3.777587218779871 62.71859607020825 1
770.5344043926027 765.5630780821247 0
118.7287942750258 819.2816814947847 3
970.4235166698296 237.19594582166232 4
446.6650158421028 349.571940951719 4
345.49172168269394 121.81123977090947 1
308.8412205230403 155.91261213020218 1
110.64621333732335 -78.06755292883801 1
735.6607315639715 661.3957437122314 0
550.8000683796247 411.27172454145676 4
522.8294091363168 600.4669676914273 0
126.66199552049181 543.3791655775931 2
759.643795487139 966.2077471262144 0
754.7159151709407 737.6915621147243 0
148.3653214920186 509.66748287247503 2
852.4828083024215 973.8689983028898 0
539.329703658175 968.6745509543102 0
842.982508692126 972.4134588545706 0
241.22871487203366 854.5319377405657 3
139.74204637466312 630.5956701028226 2
68.75736683208903 41.36707051790911 1
117.99292454727683 780.1444896867716 3
104.62054373326504 501.48404123369073 2
524.5787722272283 654.4384414070735 0
774.6227424417445 714.2597768942252 0
768.3579664028331 712.9139348141989 0
277.75783816217825 593.0814048224914 2
836.3936698874642 780.4011253706649 0
859.4538314339499 189.89745175721518 4
198.80586679520897 812.4026095158039 3
745.4965873372671 717.8415415985787 0
262.55422043467536 782.5774903189623 3
157.17639944984327 693.9685942096424 3
856.7579881763758 938.3008394731308 0
146.2947187592716 560.3546697272847 2
189.68674098230713 707.2715115414331 3
402.9360687958069 224.90572334620649 1
859.3109466130987 222.35198968297414 4
253.9874521019285 633.295429657947 2
469.5602076713095 450.1796813750021 4
103.36727418939832 22.63714746706446 1
995.5061823465596 192.92887478301483 4
196.68786503161195 857.03020220768 3
241.80698222192873 716.9031311606354 3
351.39888433957447 296.310977624595 1
72.72056836685486 25.613635069024063 1
375.8485166853359 202.04488980610938 1
1020.0666098545163 867.246766901631 0
336.76892390779443 597.8644268355537 2
363.32709346666405 847.2362476911268 3
528.0992919037872 669.4073053876862 0
351.92798005072785 572.1601686236766 2
518.6400512346042 978.8817026441881 0
286.3371496831837 717.9428198784656 3
391.1260643937856 74.61252102902733 1
189.69502677055337 914.8211519068128 3
793.2170185028793 725.2491612029171 0
331.3362190166066 593.1089863301406 2
612.6858210951978 397.1990071058241 4
92.41210650697327 861.2279770728256 3
798.0879220840155 899.0740311989144 0
502.65153796976995 295.218683396748 4
686.7012509341171 767.0876411237089 0
458.2620757593342 94.80581839174909 1
304.5714340345497 636.6771883152772 2
1018.7988203939765 854.1002826609687 0
508.5424764880617 596.8991773625003 0
505.54009128769616 942.0066698861522 0
538.4790173210567 651.9211156132784 0
244.20506630875386 516.5623356362704 2
218.73974840139897 928.4646086181211 3
488.8978981588385 381.4503599062279 4
525.3979080591228 758.8467364255118 0
325.8350062695851 238.61149063626692 1
205.38681575923093 912.501354434245 3
114.02970665653815 261.68177835860547 1
559.6717698880332 496.28498855952637 4
122.51518743507569 495.72737096080255 2
322.18715062805995 537.7460780202009 2
54.56771962286762 64.88631429055292 1
179.44568655027686 9.22332041321047 1
830.1168164102644 916.4024720755591 0
418.56611154285275 98.51699425608402 1
425.2224304547371 84.68986924927424 1
128.37980463217218 562.2478893548177 2
107.81412716650615 -3.4377534510906393 1
791.3531497467261 913.7250025699475 0
139.13025150794755 781.2628548997509 3
189.38739864915868 797.9805749252099 3
201.81805645840245 829.9364787798468 3
84.21252827066948 570.1477474702609 2
66.53721103877636 123.28047333350771 1
575.1147419557412 658.019837509067 0
591.0574108285088 375.2157321375175 4
99.03648547147912 130.03779371264602 1
763.5885617097739 678.6512647754926 0
262.22165637128194 576.9081420904045 2
397.0921038865266 148.92411406137305 1
187.61219589656332 -42.260189288669636 1
217.05560468473837 553.1267177053521 2
744.0101362806586 855.7075697139526 0
811.6616269792409 250.32791597643322 4
182.6799930340435 796.1182368178208 3
436.65916251689214 82.67126493525474 1
332.3037352584246 135.94692707937767 1
652.4769707767196 760.1792210135335 0
722.0946816030955 748.8982857772472 0
1022.7249137062787 885.3376088208915 0
483.07623357018446 552.1555780149249 2
873.3717597888092 962.2582712793587 0
305.91938199889586 572.0948414233668 2
331.53609512606124 136.15876847143255 1
333.4881969174381 612.08394103796 2
708.6808619134013 682.7653892882905 0
102.92888098134567 -25.116177439253487 1
180.86042321828205 39.13587842977489 1
1002.2056790977235 882.0390035404325 0
192.02654840766584 779.652954153947 3
816.1068500920733 997.373604775222 0
268.02066902753535 824.682719756589 3
796.5527557796053 904.2565786362479 0
794.7232246250992 215.84548352056814 4
875.08109641628 957.4596649117167 0
29.957793146128065 764.5268304846064 3
593.2680268131187 968.6885437807266 0
129.98510176109426 764.1933311136876 3
382.63644629578596 54.668953882186784 1
284.4568716181304 715.8360944328102 3
92.95339776857531 494.2695032116695 2
537.1895731306626 175.42761149071282 4
819.9325550834395 961.4035503927072 0
776.9125819611121 770.4210624244458 0
328.23421530489645 530.5899717944244 2
220.90833198933714 903.4548787703123 3
75.42816279586151 832.1609225013656 3
1029.5356957113827 944.285451101453 0
244.81767476747237 572.7409403721574 2
756.8521599797297 208.86769509345905 4
238.4278280773287 611.9507030689791 2
225.03001764289715 684.4506107926098 3
845.401362664121 918.0832314733497 0
630.4193558871917 312.5593738538597 4
738.8434347933344 850.5562005731686 0
452.18832367031695 305.62470657933784 4
209.51787077180825 899.9033091371023 3
35.951021341548596 522.7908685725471 2
160.83534045181798 641.0280931810986 2
491.38716706494245 199.51984111247225 4
265.6896346748496 152.51462530316587 1
819.9756009544283 186.26570382176186 4
430.7737493047624 92.72185155170644 1
783.7021464364021 909.1600184680641 0
833.1803790441292 166.09910118921505 4
795.7998107940708 198.78309860317074 4
562.2194213328545 677.6932943685583 0
83.6970844939135 13.661438589260495 1
254.29212129912182 632.7491835283295 2
361.5300373882306 830.5558614002933 3
818.8325454192892 188.4016079649534 4
569.6960166095263 47.3806258396077 4
104.85315647750838 274.3534762266525 1
331.4023060751089 148.77965796550913 1
12.540119655748079 790.5483180828951 3
92.4340452408425 781.4902862954193 3
422.75783398423073 114.50431613695439 1
724.8070927166983 666.5939735499431 0
891.1605530435226 176.29196683640166 4
391.483756373434 560.8532270208324 2
352.3235416356059 150.09964437363962 1
-2.1359170477511213 -37.96006950775649 1
1034.8477056673512 835.8445400277452 0
223.90697389851098 727.5997704153888 3
816.9195573578836 935.2933196520365 0
666.6960052856391 707.1757607022836 0
823.4481362693158 955.6173395353413 0
526.3821169071642 956.6850835233838 0
559.4081345140312 37.6970344723039 4
517.7870164534626 967.2181594932564 0
95.85951440168628 -1.0851878577961598 1
320.6432934426368 144.40418311784455 1
830.9060000465441 939.6073908993252 0
412.8072712870229 425.1796597280353 2
686.3483864760633 720.4696748450011 0
109.50200162094282 -32.47091174535812 1
339.40292658057353 599.9141746677416 2
281.5253581464363 735.2807393828427 3
1012.2066543833907 940.6650135469246 0
87.37331464070195 484.9962043496927 2
361.98646958397103 672.466587864568 2
807.7376114779255 941.3574833920916 0
721.5799667535467 747.5180968495686 0
193.36259091783904 762.388756343054 3
166.21457976052545 987.086343235438 3
129.0485913879666 540.8824162704021 2
78.20775689365534 644.3477286334297 2
193.09275988249044 -51.52280703579248 1
227.3371342270092 602.8292041910271 2
725.3294568448218 891.3913919928121 0
126.2656887487037 80.52680649417846 1
260.9849532435235 550.5996152307309 2
80.62399132208908 581.792151517999 2
43.291244907650324 456.2836392579927 2
814.1800752809527 692.5163850034454 0
479.33241898550483 585.1797237500409 2
167.05722592380067 775.0695276757258 3
475.58230935845813 930.9325128869821 0
623.346732734599 970.3162735603981 0
679.944850715299 527.3822042869067 4
345.74871725672176 135.7870956305836 1
133.58082331473275 28.467135950438646 1
752.9080466749023 737.0244169474098 0
961.742528372145 708.3235880562848 0
799.6329237087061 870.0460984713914 0
858.0313170234912 223.08009197184313 4
538.705448614554 492.7631312847771 4
173.2701481686775 558.9157246718411 2
275.61881811223293 489.7317449154698 2
740.004440847895 769.0172106188178 0
210.71389112605434 788.9425018517546 3
906.1932299777512 183.96618156208504 4
50.50705632037967 -61.28920676789372 1
344.22060662481533 99.81534573446825 1
36.394212690621146 540.1369962984146 2
236.0557507900662 735.0388967770057 3
745.3865201650154 801.3557222178414 0
784.0427359085131 899.2807332870066 0
794.9380603022839 908.2640719091708 0
741.6883984160452 778.6678823507335 0
286.47034155924376 117.9688875926491 1
355.0346544997413 566.5277153285541 2
-6.346606590908962 523.966576776254 2
839.9366672765989 166.1155378893639 4
193.23292627852425 770.1857773983872 3
133.320813951995 33.90666966382293 1
549.5513409416561 763.3947920478845 0
452.7270807007261 497.88800280502574 2
569.1742108342719 655.0528859918359 0
320.9574516094011 689.6963779357379 2
127.9612460765913 775.487028750013 3
87.97518177436258 799.9133618821977 3
585.0839227485344 412.9918523972431 4
420.79407060471664 171.23207699801523 1
385.6305682464398 618.2331276554818 2
147.881485550862 728.1550362659825 3
144.2840446470843 769.6435817329489 3
342.07574759125174 119.17435906234242 1
183.67928095217115 742.1228060740387 3
152.0035979150246 779.1183238163218 3
579.153624285037 630.3937826906766 0
45.41172721640064 767.0287375803365 3
108.3704695276266 -69.3555114299479 1
983.2054272413166 892.5635038463997 0
318.3333257339613 140.2006969167831 1
547.8398443297713 643.3401596171225 0
377.596307751091 151.50215959202427 1
427.6412191690524 656.6701312305713 2
388.94535608870757 137.21886582261436 1
559.9297198991875 621.8040793242969 0
542.8016165871481 595.9832487067224 0
178.7437446915721 768.5912478870636 3
-0.6283613019438121 -43.632883249260004 1
557.4730939337043 666.7782294769721 0
218.10061378409603 794.7020979502063 3
716.0994845997212 742.2037005722277 0
236.07150478448267 866.3159000453954 3
753.5644778946181 925.9734220799037 0
820.1830361401302 167.34954368309067 4
530.3809988972134 971.5398674509619 0
106.93514166664076 480.12764021635996 2
539.8898629065355 412.9084269633244 4
737.1825143523165 797.8394659493537 0
136.97486973674953 441.7252318854364 2
295.5073596625185 714.7847053809323 3
467.13568623516187 468.75105979773633 4
313.9936293198687 811.2642519194351 3
884.6479450186149 930.3890677955952 0
68.18360954818954 813.1482180245207 3
361.64803306077187 670.6140574811443 2
28.30791222202893 783.5591276041878 3
335.81922650892744 15.454962615345039 1
487.3869961403775 830.8960458475879 0
21.865539944023503 777.3051329372544 3
518.2009561022271 985.2636155762514 0
548.859726149424 24.687915549128242 4
41.33149209897017 759.2921496811226 3
87.48672540087162 526.442236080077 2
150.65915371431652 747.0682992260557 3
725.0245980545707 381.8410513283508 4
301.0208981400571 636.6248698985539 2
741.9580652638186 873.9921589727027 0
135.74508325184405 538.1975619669961 2
505.3730540868314 770.2722307004536 0
848.2884346764959 786.5168819337644 0
494.6613830311707 840.6552317784252 0
436.8815363030987 87.95363200479298 1
133.77247628249256 771.3365718215698 3
594.5340087965253 603.9891669001635 0
276.1011180716934 713.4737320112439 3
625.8801953249898 387.22990093504205 4
934.7076213773532 947.7921029751199 0
564.7615120279377 33.32328050397739 4
403.8365130862633 137.71246388238998 1
109.22934263470012 -23.133665954662032 1
150.9918810668575 804.8584174140445 3
343.2462999010463 97.89819585523276 1
152.68706395366846 521.598712772526 2
659.8711000401076 751.1806076883761 0
988.1901629877502 215.23871913182023 4
132.83341653437347 570.1999283636402 2
767.2007399687928 779.46205301583 0
45.32400646509657 791.4544160285665 3
815.5859229775567 786.2742371366093 0
334.3981975556917 135.31674478201384 1
117.8609118297332 258.92465422750575 1
94.53958931649419 887.9338768084211 3
288.3891475720587 167.06002700821654 1
173.24962605174017 754.1133903754969 3
526.2527576748708 692.6632546525483 0
758.9480321209996 797.5112978899006 0
715.9082491834251 731.5798942127167 0
556.4776911719671 479.95604158797096 4
275.55138101771666 605.8711514888493 2
114.4857761285193 910.6849655975319 3
382.38799249458543 454.6153322636085 2
112.85052307159819 47.777882139020534 1
585.2467849747749 46.398625216090814 4
823.3406813498821 198.47237626060635 4
81.13165147454654 427.18504126738634 2
90.82530992279644 540.9767080633235 2
835.8322475329878 182.23355080825297 4
188.65713239581774 831.407114534683 3
109.0752610717972 740.9987828952237 3
332.2031819718682 129.666673421256 1
113.31745507582536 569.2098652769481 2
424.14966091084966 243.2826420560332 4
768.4365635867231 775.867579881196 0
791.9337786241513 202.67870577919922 4
343.3605745443756 601.703566764507 2
189.88090329021801 785.0673958743927 3
137.89231406076902 32.74504413395901 1
102.4811268427994 9.022074063439184 1
741.8007710086591 793.8023069848437 0
704.5587764131776 879.2456298217478 0
754.9581494988389 734.8483234961964 0
128.5791541791985 -21.374312654173828 1
778.5901540723563 863.6142431428754 0
545.0447696193614 632.6683661521138 0
171.83086828296862 815.681469891672 3
503.6228313318118 337.67441169756705 4
933.8021136631126 934.7022300966613 0
554.2239485539939 640.0278111495774 0
102.26637204497271 495.35627477743276 2
205.2995527141008 -18.84771845466478 1
751.7008759190294 722.8224055186562 0
472.06380321898774 749.8509392600333 0
95.74931138953231 569.2149504318267 2
115.91903229812752 860.8013620231964 3
184.90079111444268 799.3962261210642 3
106.02291984613541 457.8203457362045 2
680.1548282736921 813.8329106855134 0
734.3614920347289 674.6196736108121 0
367.12919881482344 825.049456231084 3
243.9692941327259 723.7391516253008 3
83.26484198971525 45.15005684117328 1
226.70724264795302 627.8611635840228 2
79.63192197478114 -34.91025870816826 1
365.78460161990495 240.76842801138184 1
118.48895338343418 511.5141872830041 2
337.04450172510616 714.5253957524062 3
722.6366694614472 770.4730225338017 0
37.23732141833992 39.76919533349542 1
434.5900269814349 157.3048165417764 1
556.9389974724037 390.46452426974093 4
785.6523255537246 724.4484616836312 0
523.6022271257935 979.2491157670062 0
148.36029115935509 -70.87143088460581 1
553.960188538849 636.0148953122513 0
560.6960002853244 463.9363537125574 4
372.5321603245269 66.05970172667837 1
156.79020273471764 601.0760599555972 2
201.67369545759854 787.3769584589517 3
556.9986127626527 415.14178667589954 4
742.0574902943864 778.782747892959 0
457.75541479982303 505.52571824255006 2
791.84993363813 901.8827029404099 0
91.27953439531065 6.992473180973621 1
730.6772037205726 929.1791800874618 0
431.1986885426478 102.34038797837582 1
479.9920811709347 420.5775146303989 4
83.84490008536324 -2.674014577862298 1
574.0887143401176 453.0477682172595 4
800.6230044116833 908.8243073384215 0
476.9269721747419 223.4849034579006 4
156.3678674804571 27.29493446474297 1
96.6516374213547 759.4872086707065 3
159.85655234235085 862.7126104992053 3
183.40078701262456 811.7228853995023 3
547.0995492147198 713.3226590365484 0
553.8170655088093 635.2857457019297 0
120.50189466391097 500.3157560795206 2
109.46211969395317 474.1580132072604 2
564.6577037827618 12.134727376993128 4
405.0753436011777 450.3981842142505 2
551.287981230669 425.81654140329573 4
50.2050078122239 767.3319372626098 3
540.4472582416761 28.81883406211164 4
345.83399138911193 160.78657855194712 1
387.0624333670032 834.1971110422718 3
70.14509332309761 508.2447364405416 2
836.5625572369232 960.1266888730995 0
767.6434991230168 927.1059021909058 0
508.9618538425258 963.3565853878753 0
88.68327321731539 734.391106949665 3
273.0727343069338 533.5769260252604 2
388.3043230306995 142.4605252277887 1
199.4170633277315 676.5006646641541 2
155.782310400135 806.4722579130944 3
233.5595609888172 817.8631530687065 3
520.7934279791207 433.02599728243973 4
325.06309949913 112.84447501151897 1
120.83342518448781 835.028266747773 3
189.9320247749908 783.1630144315429 3
101.79064489654323 30.612857716783804 1
534.6743952098856 553.2467600272535 4
369.02621366871443 83.07774289889551 1
763.6022618892055 698.0092562516616 0
395.3931784006996 147.77836589438638 1
509.12564454450757 684.314351785871 0
996.5798108296217 888.5817388582984 0
823.2819463068678 183.69338293360533 4
396.199634000647 132.5433536032457 1
559.8696983142531 622.3416214557765 0
571.4663773781074 386.3066819914919 4
759.157320137913 897.8857778263858 0
756.8413474460767 749.4035120729507 0
530.4326511883703 702.5586480498305 0
136.48492952944122 759.4669039659761 3
334.56424034418694 833.0248932478107 3
143.652847249956 766.5676510150889 3
262.5636315463224 129.99236683230123 1
687.422825121356 796.1441142194468 0
477.73214207610283 749.4743158008687 0
961.0802486451231 232.85456877233847 4
841.4769194081471 935.9006472835339 0
795.6451835620628 722.7447484670073 0
187.83864456632074 790.8883168506252 3
582.5836467656923 642.7667328942077 0
708.2609651123105 755.5125182480826 0
100.24130095608061 920.9987813615337 3
651.6911300796772 270.5681352847771 4
524.8875815031253 702.2550358297079 0
354.9103536242484 517.8555645824968 2
768.7456348822409 679.176275504386 0
414.0759704600807 380.86629078649383 4
989.7757217205655 694.9753236593131 0
176.85298120291677 1001.3030106017658 3
902.1659337177593 186.98018460374797 4
543.980829516275 368.6208420545239 4
93.66898267475003 82.12602309740626 1
223.1378828120038 905.1956692984189 3
977.032043792699 706.4517269729511 0
209.9398061480061 544.5631770774627 2
1023.9133430968924 937.0291757159695 0
535.0663494307466 378.0605094338912 4
746.3587919131991 762.324241802076 0
272.67659304668535 538.23434689664 2
439.0454551229304 376.1970461161423 4
1018.4286599086439 918.4886450071286 0
585.8089301357841 605.6908057926081 0
369.36537935167786 823.2558276309835 3
131.88859556347487 480.6607425026799 2
522.049123983268 315.1389954433199 4
130.16925922150506 458.6278172545852 2
118.497073735846 795.958670206817 3
717.4795819458138 762.9437922652876 0
709.8207290345148 843.6629659035153 0
503.4678633762712 852.3380490919525 0
797.0013171614719 985.9716087844328 0
340.5585082395982 614.4506039404883 2
144.77756819563268 83.29855260677702 1
733.6987538936064 804.3006595361063 0
360.6254443710191 159.11185358854183 1
95.69763381686346 461.6902125945422 2
571.0849335956599 415.6458446806455 4
794.5504935836508 749.587430478186 0
594.1023400937719 491.0425784249555 4
334.65040512463116 135.470391115751 1
132.8386565933177 -4.531514406656223 1
156.86894313584116 735.6844511739938 3
447.2703784787995 71.36141755006615 1
762.1753603437078 849.0839138103228 0
996.5264941144023 881.0600922669831 0
545.8637729645912 627.8013878691145 0
166.28346664038187 517.2109148533724 2
114.14835099675966 539.873786845707 2
122.8352117237782 -13.79645449355344 1
105.96750669046232 24.071184271812893 1
306.13501033553547 707.1457007369827 3
251.05836871988743 901.9123719359235 3
843.2770955021088 153.79490428481049 4
737.2917420264429 774.0581439553254 0
12.12829223509368 769.3813869846599 3
369.4461225729415 145.67728141031392 1
107.5824436322024 727.735812542083 3
509.4746971981433 377.1580869683749 4
763.7722186032707 743.073506328625 0
7.156965680319502 -18.128372313735625 1
613.3533588358439 505.9149853624361 4
983.5446282813666 204.51685419019208 4
270.24509249053335 209.51435787638772 1
601.6747225351742 962.6982329840649 0
600.5499291941876 957.2297574347724 0
152.47194827970893 794.780415783052 3
492.4891257503701 838.1991020190436 0
815.1558154788537 924.5143316138339 0
77.1991580449697 474.76562458107077 2
59.032118922611865 -41.4649307237562 1
107.45727023800725 -0.5700981876465381 1
70.26739053904642 13.731871269253876 1
108.48214475191516 -11.947602962753038 1
65.96651724913372 759.7876453462497 3
1037.9125809124112 917.8673818617973 0
65.73974960117772 42.64468945827852 1
982.0195798831134 203.76034486880317 4
390.29110538748336 144.3489431745822 1
179.2298571413612 783.028164025528 3
189.58557734632046 762.2817792772225 3
768.4936127271004 915.555031004301 0
48.77586816067572 461.09131148848667 2
162.50955712520295 -3.6533659669459055 1
-2.519073272482629 579.9654235180891 2
785.1895855065087 845.4540742041686 0
612.2656122960045 437.51873694065733 4
522.2505194842379 689.7223799823844 0
121.02855776228142 479.1055077639971 2
501.5830612715312 676.4760596102428 0
125.53210013411358 -59.03837392513235 1
863.2531895337095 965.9367814438014 0
167.33700134156066 782.269007337595 3
233.2378220425193 904.9346968371274 3
-7.974195720739502 523.4490209005687 2
21.918492785252184 109.27628689990517 1
549.283434286516 747.0366790022318 0
679.0887225588045 679.7078490189051 0
170.70368478578882 788.1817992927184 3
346.2115318736177 0.2006152024617336 1
326.94579513850374 581.9689611529649 2
127.63384627035015 539.4043412813828 2
370.54028092996197 818.8596652408328 3
199.98870335483988 785.7898270365978 3
972.9165893598121 849.1750162702468 0
40.802037811800595 26.77292869512133 1
166.15503666486967 454.2153675214265 2
796.1972779921329 924.7215643062865 0
125.83359306290814 63.95350329608061 1
131.23314937572454 109.21291782941428 1
765.896498035277 807.832985635827 0
733.2533161738095 753.5476830782854 0
565.2710005946228 408.3137819562613 4
139.52706639236578 753.6290698775089 3
148.21025282264605 708.3516067033534 3
83.86926641674346 20.194574003706705 1
111.57170379418973 19.86145239502558 1
101.84163147620605 545.0003005750411 2
121.23086773032531 15.87000994586301 1
995.6928574910957 833.1246541524795 0
121.84184689444996 476.07221875999284 2
369.620087210106 821.8512898612182 3
568.304791624409 30.746600892992745 4
773.0870022426778 190.3435073718333 4
233.81495874794524 798.8182909172765 3
566.797308198858 508.4375952130611 4
137.21161745612156 901.596045095485 3
268.06625816848555 197.6935775516331 1
149.48370972047746 716.0890143030205 3
858.7141141245327 193.6656341639199 4
109.08244710834296 551.02564518181 2
830.5368625551331 153.06825326184529 4
331.4673027150833 592.8854494594393 2
121.57668788209213 497.10640135333773 2
257.8710733390883 914.8637146109959 3
773.2217196163335 653.6266240463654 0
644.9708696962298 756.0996792962417 0
715.6039736578848 878.2501380801508 0
852.2734996602592 230.4260290226258 4
163.26840330893336 514.3324717351528 2
144.03506985056472 637.8021777111098 2
163.4208681583263 702.742795276657 3
769.2928367753158 868.5207942308398 0
125.25140277843937 244.03080806814728 1
85.74835387057686 110.56667322722058 1
84.69555744254602 24.37306814041295 1
514.3216678653623 729.0368645594414 0
151.98302067579888 744.1658551158775 3
407.50991047329893 89.70759465039531 1
581.1726957718682 334.58814957823614 4
458.0159420757948 488.4183710360425 2
725.5207055426026 738.1034729436929 0
791.4235234691831 910.0228872957731 0
58.048677544027285 574.5781740227725 2
441.2190772771436 421.4265437269188 4
564.4656768009053 242.250016902234 4
130.51254443309315 631.5298763538366 2
438.90470645706523 89.88141417157578 1
122.09130658502022 658.4821622404124 2
995.3801148673265 888.7231117095339 0
541.8174477723426 636.7495370832692 0
204.40097322888437 926.5853401700028 3
727.217038167925 781.192016074864 0
560.5218972966636 465.74038981832587 4
693.7251163501227 732.0549345029491 0
737.9942367793228 809.1269256211225 0
254.03873459492212 780.1842613926799 3
422.7532807622045 183.07202883684852 1
85.23524788747959 674.6349826731498 3
394.0894494983253 126.8630075013521 1
180.51241084681453 -60.77049633435256 1
749.1576268595371 684.2267451116059 0
985.2201013573158 927.1026318261617 0
16.077041785434712 778.2075476414859 3
506.6396602408137 641.4199145140394 0
358.35590450974684 30.59537286031042 1
595.8803720442878 963.7711925741586 0
506.0382596020061 705.94463256172 0
540.9380101453332 720.0275331741207 0
-7.803042563664974 -34.91590143768441 1
563.1444532453119 722.676698616601 0
636.8861225137415 308.5400425994911 4
513.440949820505 952.8593179455606 0
556.6802638232264 408.0723652668613 4
634.7929974488128 471.1625601300686 4
123.47498465762865 787.248025662228 3
144.6030731437827 6.464567406119505 1
578.3415894660614 566.4631952773691 0
465.10430992998715 687.2814857701973 0
374.8870864001624 829.2765058087166 3
13.708039212542985 81.38579312683467 1
509.47250008999123 942.1160552503087 0
795.1194994276431 800.2808838347415 0
774.1877497603574 888.5194241361751 0
104.69392288664443 505.1941064562468 2
105.61407650175076 576.1392956292871 2
49.63875866537262 34.46703077944929 1
723.9595808488071 751.4358437257979 0
150.45533448580582 86.17556714957746 1
312.63673534175126 27.22650396532572 1
976.6494008134148 210.10184123487642 4
28.73899789277344 -49.224774028304424 1
820.5706992960544 235.23631790319644 4
809.0894483456517 638.4660954394172 0
159.54562937817215 803.1524364510517 3
303.13373189147524 553.6293644033947 2
426.45507398392255 503.1852609400754 2
414.12894323165017 95.88870716332342 1
361.07480730266144 127.5631118104178 1
138.11563348935525 621.5869869172436 2
412.00367025436793 117.28666742066709 1
770.9309272048556 759.9377678359249 0
351.5455908364025 118.76839452508182 1
364.35180560278235 280.1883195359861 1
86.95272479585358 65.3003211170519 1
379.6874813261981 171.19547599759505 1
719.7725650524893 824.0738230045183 0
771.2799377153924 753.647972104271 0
743.3706590651415 779.7769197257753 0
205.6506645342708 729.001623536221 3
326.6008446378674 131.43393925406122 1
845.1543510640815 686.699848871047 0
87.75781612452047 649.0097180678695 2
757.7326806810386 835.7517817016844 0
577.7156574470673 599.9318292411059 0
943.5403810610107 909.7661699085627 0
661.9396927669774 506.8407788277069 4
665.1381399470856 764.1524637310202 0
549.0142194581772 642.1187115595376 0
147.06526539297067 650.7161900402247 2
718.7278343079943 674.4748720897841 0
116.96349947193063 920.8092016876222 3
431.7527429984552 91.19780057828856 1
560.1775939624836 15.145968292375839 4
827.867306777244 761.9819249015902 0
527.0995125764277 695.625728890879 0
522.3191834440462 696.8258154108981 0
225.0127454695245 793.2911173050306 3
551.5571592884316 650.8269687013659 0
808.2619779752068 177.75740393548756 4
493.89227694484134 395.64177304712416 4
212.18149649867016 782.361897131417 3
519.2244867649008 580.5895200537019 0
158.77258048846207 776.1146605618504 3
534.528309874329 606.3877638826622 0
65.63307631970491 6.920295375602386 1
172.5412378963483 793.7034206463486 3
246.4391490866761 698.0263810297665 3
121.08251592177687 914.7725051609028 3
228.4180555616868 490.93453760531054 2
208.57356174508917 23.788646860510177 1
905.4754342646183 185.70393153669673 4
546.2477085890135 439.90729835827426 4
793.4961465340164 907.7121891005569 0
561.8889432303406 436.7165904425654 4
984.3914714657865 210.67688469824174 4
756.2234110295677 939.0072419885867 0
715.5741073277287 894.4703448944824 0
496.99044646175895 964.5224317375803 0
102.9242510642692 872.701412329419 3
793.9712936912048 647.7066301071792 0
985.98234255671 211.10450960793227 4
61.139663654198955 39.515093041617334 1
113.13445868630232 48.64800717483352 1
167.33113573393973 776.3944189919717 3
741.5284344043821 855.3076380240707 0
735.5593290802182 952.7716730005334 0
833.4209387965038 954.5643984867203 0
899.8762668079521 189.61364088147258 4
855.2405563947469 864.9287738111349 0
648.7553303699224 761.6963117171986 0
389.3296481780747 141.14938490068548 1
274.1641650633465 595.2996839212121 2
79.654962935799 826.2527813148319 3
208.30312959947787 905.6130913152537 3
780.8968580174914 868.6513402250354 0
119.47305008791966 269.0655950343546 1
148.08422366146368 750.9938943170398 3
179.6903273547222 -44.27913537817065 1
190.1010282965497 769.8532895119691 3
380.6121069749268 114.69870865370677 1
488.8221207940468 219.50672480355504 4
361.40441659514465 162.73790124323727 1
128.85292381465212 633.664038900306 2
683.2474205476406 824.5170929540302 0
593.3973813100371 647.9260708535246 0
130.6764796128609 747.3498265329704 3
198.28936923151323 813.3695213504911 3
533.9773440601464 396.89156435173226 4
716.132540962368 814.6081431721047 0
133.35310938409822 477.67767055202665 2
118.64238229095436 881.1964296489647 3
378.85546076547433 68.6197634502156 1
252.8346125306406 781.3214834211985 3
991.3005313538129 228.6314975241568 4
269.58925610298405 544.8402300880826 2
504.6774604286382 103.81743448463409 4
835.7109901631878 949.6833761798525 0
351.5663528881126 101.99807024092152 1
834.7531375243937 254.70222445813593 4
260.4046289958334 794.5669405743452 3
707.6040770307102 393.16405631653544 4
409.48822862821896 175.09351128202348 1
194.7352021912513 815.720202960202 3
363.53344866901386 113.20083068460374 1
150.87056679667353 528.6944173463208 2
222.39313673826578 894.9448016640545 3
274.5795699234634 204.37527430588977 1
213.70562858065287 895.5545422867542 3
853.4859611625499 980.0185559772577 0
835.8883104565064 165.42420729027765 4
274.0842498035064 719.6393255403668 3
842.8805541039159 204.40976471036745 4
807.7831431008092 904.1827329748716 0
441.4227692854565 343.81960892114864 4
138.87930953698145 90.2598821646939 1
988.4146994754313 916.8329568496156 0
131.92856924779792 838.6266823370869 3
760.8663562425387 861.3953725226827 0
149.61286059978556 57.84619276178071 1
453.98386933415316 270.4560664144575 4
477.53901004571617 256.35637026097265 4
937.8130172400079 863.6034496151995 0
90.60210970613201 480.07272273557203 2
387.24796688740787 105.02567945435521 1
130.07467709664252 819.1662821300931 3
384.1174647332293 140.1901109187148 1
105.20782418110018 556.2448726068866 2
582.6634917755532 692.4121201989406 0
167.68877128166184 837.1741730981671 3
1032.982066943249 884.992410374855 0
604.0508618441675 585.7579383029489 0
116.8228762068013 510.7309510188848 2
322.3736128703825 131.3655527545212 1
586.1559264864441 644.597064215373 0
106.51354099037218 -120.85854931911567 1
75.61449987965986 540.5124296399523 2
106.28173991622533 -20.376393471554003 1
382.76433097584993 29.252099266439444 1
322.65474078633065 664.4619233660939 2
111.81904848500159 903.915301093879 3
127.39569684811971 529.7085520622849 2
713.5116457647787 665.7376895599887 0
331.22230171148016 629.7305585865313 2
242.39525444355405 777.9908139793596 3
178.54823110128885 992.2887927629971 3
838.1679714275401 183.7234653706178 4
543.6090155001895 419.272825955589 4
293.9036152856484 714.3657769265317 3
170.25615507909737 420.4406938248177 2
230.6604449968121 569.2956243219492 2
195.4419709523156 899.020462695522 3
146.5272734086466 833.8078738676389 3
71.52339160142269 795.6891436254388 3
206.04313439536455 919.7114536422793 3
125.35306874056974 714.4430664909539 3
76.11505579260759 471.0323140110395 2
251.4880221016772 702.1639893619019 3
103.82916142113837 489.32722389492443 2
15.276782346601323 795.3005666935935 3
199.9136146984043 706.9056590444787 3
226.67252301627923 762.7475377138916 3
316.41131703294485 125.72952880301814 1
996.7674771526576 887.7537884909409 0
600.495751484229 549.6991681862842 4
753.5267587228467 782.7131154209835 0
78.03614978246523 -17.387178687183326 1
500.97816311897066 282.7836360361465 4
65.65462280534695 786.9972616755454 3
489.56704997933207 850.8155477627578 0
262.2670622563221 820.5516419596717 3
253.61523579386437 841.459674717934 3
87.9639426343237 813.3985740853825 3
123.54783934875917 803.3829913905882 3
133.9840036246276 492.5472822698405 2
338.89128930285034 847.1509713177636 3
749.074559596083 984.0329523863315 0
225.47861407100538 825.1507530994255 3
85.71856368894447 -17.589502562782833 1
500.9568357362148 967.3252833388771 0
504.9696379089383 464.59967325340205 4
425.9190192226398 178.51478407486167 1
119.02075033640156 60.23093321987436 1
132.88272983309426 504.13081919102837 2
291.137444480702 111.79612025689332 1
130.72734575235842 907.715733886345 3
810.9971553529055 774.5223548409805 0
112.64483366595542 901.3405741289738 3
600.9238360827584 359.9594861862379 4
295.14623439027866 520.1892174833242 2
729.3701215277646 826.1155516975635 0
793.4642583146283 248.23547236897548 4
798.4736245322327 636.7815268767717 0
337.13862856133517 146.1664161370557 1
376.9419630806638 122.5564919653443 1
118.07311215680625 782.1994677141215 3
799.3746841581667 709.602476358246 0
223.34406460484377 822.1550159611523 3
32.297875605519806 793.888623561839 3
365.31005136964563 570.7189867451773 2
131.8677676277297 800.4376282454004 3
105.71010448756857 929.182993302285 3
185.02408084235304 798.3625979062784 3
337.4870901413409 98.51968195090042 1
167.92341037200706 785.2970099063989 3
569.4407278599728 349.0632377181607 4
532.23247559322 691.8363292226704 0
124.39445812447327 504.3435112904103 2
370.56143397863775 200.95806000873804 1
792.8037981651868 761.9740175916171 0
854.592699368346 221.5888439185249 4
821.0064083820574 783.974108362908 0
311.0588225999092 593.0595081269047 2
464.5321984954945 443.0847655013314 4
188.8298875468659 694.9287412499633 3
115.47609151022439 47.65058414440201 1
98.17115013309414 32.43101824661963 1
62.43754240435465 482.7240334727287 2
500.11061520047787 946.7998687372441 0
55.92254010826231 838.0456477012954 3
262.638896321659 642.1763801840514 2
148.6877692758581 819.0792306923734 3
126.9480380711723 89.13735755947327 1
186.62884151078535 796.5239918694273 3
763.5498650200633 891.6690566658294 0
113.02533643948583 6.763594221546714 1
234.06515445549516 799.4381169768241 3
407.231771305765 108.38539199168599 1
378.0304655286063 95.40565245228454 1
441.20061774664975 96.98893089887508 1
534.099571637814 207.82353965420006 4
336.67578614965066 561.1391958102661 2
777.3721728718178 733.333172603457 0
793.4580702187377 927.8439967283283 0
530.9906977678148 115.01149402243027 4
485.68106612352693 406.47085341505596 4
106.45641025747818 904.3747223375589 3
272.93603511094796 640.995786370462 2
470.3688709150482 290.5126123981548 4
63.68173338526091 -1.9243927010539679 1
403.4827307478673 218.98616063212302 1
676.1236965947372 788.7115069740013 0
334.81113140215734 135.19825801447337 1
780.6742732774795 937.4111574553749 0
182.4544678614282 416.75555455830386 2
742.4492913885109 777.7803502046565 0
70.35590802762181 689.196639125209 3
615.9252282744454 431.00027405727343 4
956.8505549541012 906.6483089253896 0
504.98530818174595 59.6411377735667 4
95.12102666734566 4.111489082535458 1
233.1786577290244 888.0562423877609 3
132.72045305063668 772.1606696570893 3
208.44076549246978 801.4783756555547 3
754.4030283214703 926.6934094266426 0
821.0293323083636 923.0540327873091 0
463.4689745457379 457.17736331300785 4
971.8517011689675 914.7842942846041 0
718.4187362836731 675.5579566940813 0
978.7797207216402 921.7441639966511 0
384.44436791870277 814.4324708267009 3
51.528142065473574 504.2657366702491 2
527.6649322969564 606.6032438459474 0
127.62570700155645 541.1028596684187 2
377.12995222015746 837.618575667634 3
739.7181223640085 891.9081777004574 0
348.2223226630796 848.6053121484163 3
110.68830157798563 50.256171867180285 1
754.1233201001305 770.1758134795871 0
462.25356284241997 319.11761941998384 4
173.07715111328534 766.9099842596753 3
588.4666976568586 977.4161087981898 0
17.390488030899405 97.99370553827315 1
90.50919219546236 830.0979060865205 3
142.42648860707035 788.5210411345805 3
447.1125763209385 98.77457026072788 1
196.95509425820313 46.691963776353404 1
58.193475745366484 430.3651269964872 2
397.39524583017294 608.2830209335029 2
61.675955123453804 47.2278538086214 1
553.1082262183872 445.6970953921977 4
189.30182957766442 795.9229125131026 3
494.7633707378249 420.38021861505416 4
489.74370332638 920.6953751588627 0
675.2390563805254 692.2117107328945 0
704.2971746387412 899.3870186714886 0
152.8625063018762 2.5397559552454325 1
843.7448088942074 146.50103750993634 4
83.43352673233017 798.7110874356545 3
120.8358233979674 754.934805113441 3
457.5239864110192 447.56239384342814 4
364.7013471462046 842.4246183077499 3
1007.9590783057334 851.1425046700288 0
570.8272197599979 649.0323631724364 0
492.14607340429717 11.121332223851596 1
108.19444927197772 671.0765823849237 3
148.4636279388073 711.558453900347 3
257.34735392919316 579.9897533757041 2
375.8697531956125 838.9148772348636 3
212.3428638390149 619.538901448538 2
317.6891613421376 280.6234863571298 1
845.2206562028368 971.6814590691208 0
93.34068629967985 -17.80545933705633 1
118.79251791556946 553.7579779582821 2
663.9363177371179 508.3199434316416 4
381.61482607095655 153.17011120633958 1
475.39232733941594 678.6303452055025 0
513.7220961997597 984.2613710367565 0
515.7717754220251 969.6408027103982 0
401.2979132263198 179.66401839054984 1
539.0360101103458 267.1354638133905 4
161.79615670533306 813.0456905410965 3
236.1519226023493 98.9661164548379 1
38.34878686454825 -70.05731596295796 1
735.8705821209219 827.4657290643004 0
575.6175090471759 645.9227278307152 0
773.7440809853094 757.4317725689859 0
583.6270974996804 946.893774193281 0
337.36479569123804 564.9907235075636 2
221.5614711571144 791.4390846283451 3
449.2574605887143 738.0626785321899 0
793.2224687171936 911.857789891049 0
173.235043708927 555.0287505780452 2
296.6747262203734 598.1612664317547 2
107.31119601854351 621.7706655850116 2
60.99142487548659 831.3381366148525 3
883.7701370378634 144.23232991706766 4
271.3775022827121 833.3263576343268 3
75.87544158762378 704.9624886593551 3
80.35680249651594 534.1733243231054 2
124.61462061290042 551.1321489216921 2
670.9507981744906 731.2953964953692 0
547.4726036985313 420.59458653874566 4
674.710406240586 773.9258044599808 0
137.3759960317067 783.417835587968 3
421.0708683561769 341.04499972297157 4
1004.9379962427279 864.0597363692559 0
350.6949809012346 847.54497071995 3
323.0595251923006 98.39991738275823 1
511.42983670374775 624.882547192715 0
345.49652766156794 144.75699403401117 1
139.85177070245655 704.8183189434807 3
377.41692219694687 566.1959709733275 2
-25.406798546726833 -35.53919702663703 1
398.30176142944094 151.53337416650362 1
72.46661993279234 45.54748316209776 1
339.0459204991459 611.5708514420886 2
48.92476925838833 81.77711539647288 1
78.56385089751329 529.0349952681127 2
429.461817350803 63.10761641445484 1
321.1710274990795 682.1303546724628 2
171.94689501165945 800.0917781547367 3
372.96113359541806 164.02432846143756 1
198.25349098284482 883.831705402243 3
448.50059114299233 573.3726719991831 2
511.8097331408038 444.4537522579654 4
515.9916756500074 690.1024706409186 0
89.66391338567863 4.05990759206007 1
537.7672755933578 419.7495089593233 4
458.9185189022944 71.73330122816714 1
230.76625622080192 650.012693948715 2
714.4646755523219 873.2585662632927 0
762.0605932763588 743.1296731834058 0
569.8230916342749 463.0690790496096 4
778.459103234435 641.3899699608157 0
709.8369547489684 843.633002794038 0
113.40514931329294 820.895503158545 3
214.1933471651979 570.009987658023 2
356.35841237040665 111.66513848424457 1
67.56566725052872 557.1153054833338 2
123.64372867966216 790.7098666140416 3
189.37198770398663 797.7874926297211 3
119.30826935708455 116.60293254761652 1
170.43778517318393 699.9829221320796 3
126.55812873691889 588.7292750103995 2
344.5538461035609 575.4056433598832 2
768.2945567262132 706.3593276220838 0
557.9256037881636 13.03352214537243 4
995.7913592336033 888.7033367692637 0
334.37663276439815 168.56354480483395 1
113.57566495823403 899.3402833206292 3
318.78372402392546 598.7501553713612 2
537.2423479413505 311.71120502114206 4
79.25438430731973 -107.70360254406111 1
519.3505505554297 21.70556237287866 4
1034.2023239054213 945.1632559274439 0
767.4089094127662 757.2925225454828 0
320.2335637465059 679.6579604346884 2
53.26902622797624 829.122145997931 3
562.8258956254865 617.972133767882 0
131.02284417447288 780.7385305675506 3
475.52879730995744 451.2675763667774 4
663.7206803012353 795.3860764392871 0
175.83472574456712 53.05293809535386 1
130.24163107333143 642.243890703763 2
753.2685877123464 741.3107936827158 0
477.12800305242814 402.6947756222916 4
505.92923970346465 521.7996080630495 4
793.4899440252088 686.7002354527148 0
336.29067312094696 148.05842728965345 1
209.73533611238142 644.6535883662755 2
317.8622009982761 574.2923542301919 2
74.56639900077538 53.61852458271602 1
516.9464722928159 723.7764898702504 0
84.74804616751555 543.4189645687858 2
612.7361228948887 349.202830967394 4
750.7153656748889 715.7894863295668 0
1027.6926322804607 920.0575559346203 0
525.7755450080438 695.26675670624 0
285.54410556908863 710.0837364175682 3
120.35348399899917 547.479516930664 2
365.9835799424637 622.5209950680445 2
833.2388304357951 179.34913558277927 4
738.369089025736 776.3766506419473 0
977.9813587122234 207.40914808544505 4
9.898621703949289 576.2699578254832 2
107.13655454458981 472.50774036793695 2
359.33639151850036 129.9389094487599 1
90.21168331142275 468.7587540017701 2
561.1797538643509 747.0381905153965 0
56.1682727647369 842.1179064530887 3
523.5126584094608 948.2954605852111 0
410.6464443909274 458.2251199853293 2
500.85790002925756 602.3976512271961 2
287.0569420693092 160.3337158306558 1
733.796913176379 752.4405041122125 0
389.64111847042875 172.52335247094314 1
127.53275486324456 549.6451895244572 2
127.99532763971025 519.8148559266995 2
134.0731451922565 -50.42203699910844 1
146.42217284669456 538.9189497474712 2
847.3087924692531 977.4106933407251 0
207.91739256661668 464.51926471739915 2
130.9625083260612 580.9531111146579 2
97.33618518749101 63.70183059648399 1
170.3296957687617 824.2246892571388 3
106.80839259996813 520.7567537682802 2
126.60560799819497 778.0439982381151 3
549.9128262487501 14.692632293287028 4
557.8930455878223 769.1611162217326 0
362.16967930744795 152.12732290676828 1
492.7367982373345 846.6327695140709 0
333.11222700397997 152.41045165606837 1
201.67830180916056 518.9059998537113 2
517.1533623606103 990.3980210295931 0
103.17464178075386 -104.08676761272199 1
209.11833832269463 556.1721414105614 2
150.1001541321545 0.3293233253174037 1
130.59101669254753 473.4741750951052 2
124.5785584344338 499.93618919502694 2
110.61796579109928 732.4159184792619 3
509.1093996953132 670.3917812945459 0
333.08006594641324 597.889044375761 2
127.32039148120421 796.5892890517428 3
583.5538786251183 651.8044830787477 0
403.3724873117342 149.1972777039758 1
396.25488187979886 155.6480365374276 1
742.9855259752259 721.1068061365812 0
542.1292415366358 108.28687082459429 4
45.763033317352594 24.07973557559628 1
168.70468832754958 542.8879365899749 2
163.735891877331 987.7178502695305 3
531.2382410226322 981.0233550535357 0
205.90689466722907 795.0683782520168 3
308.7668269290337 653.8221449303484 2
99.41218141292393 620.9963941399772 2
122.31198891033881 533.3324078249078 2
801.2262234069763 866.1982612924612 0
489.1459538096653 308.7931541262684 4
258.54155825635894 563.2060435000409 2
92.36152870937447 34.15003719122328 1
977.5146602554701 234.2294333634307 4
466.06809076571886 441.32508272687676 4
418.17603080643914 396.6988912866588 4
226.01734670747214 852.8422171258057 3
902.7781282075592 180.8217693760222 4
816.8978542426793 207.34871189673447 4
170.23336526859327 652.5609802786746 2
375.0479975991327 823.9500286410167 3
995.7827919391352 904.0299510123244 0
170.57502125003347 718.4462426154183 3
715.5768596574453 842.7822064441455 0
756.1152387742674 740.2451284002647 0
522.9202704228023 609.2353880318949 0
450.5106613579793 725.818107937577 0
688.1088684370671 401.79156451215266 4
51.88544825058241 83.6511664286364 1
512.4456392051083 636.0519677895542 0
430.91491505193903 232.73718287028333 4
750.8098229854781 775.2301448824368 0
742.5707053145088 742.4460108187216 0
795.7244459220519 907.0504378106948 0
128.19866315060807 -21.342988040526503 1
888.5607489834478 215.89316664482433 4
109.18204840830164 -85.69599754957248 1
599.3820308623353 673.5346539356926 0
115.32802470981748 775.2394725876644 3
727.1937876686076 849.3328395526573 0
395.68188616575344 145.45663923007652 1
109.9573147587543 246.2394803120746 1
430.0054592369445 140.1086229563249 1
280.49632309250546 613.3120414376409 2
1027.682752789172 940.4217021402776 0
187.34362241255207 839.5102234325789 3
121.11462089150464 516.9338788666981 2
800.7022552874619 914.5370627312325 0
57.59403815031605 81.82814462961666 1
144.3325284515584 643.2644919756185 2
529.8019940718126 986.4297624235129 0
519.0664775290516 923.5590893523955 0
143.52845323825818 533.171610251313 2
638.3558693365851 444.3132633625134 4
446.16291268142044 210.7927229372654 4
155.14900862759055 -24.405575083699006 1
761.358270059455 825.6661343977139 0
119.79753321300579 268.5345558812992 1
452.61255411637745 691.2934135113514 2
840.7592868680626 974.072014122227 0
131.64003038309363 67.92117059829877 1
756.7308445955845 916.895537621335 0
329.2599119975332 634.9088697252114 2
129.0114209077435 873.2817951275675 3
865.510916076284 115.85699613366855 4
818.6225276476047 651.022452335716 0
150.33858675847864 753.4693164948573 3
393.539552288836 131.6370881036366 1
361.6631008611369 150.36912727034058 1
29.168822674200005 774.856437275079 3
114.71443292862276 -18.023561748344274 1
775.7154594115416 203.00694295111782 4
755.7660181193988 933.3505214497003 0
172.93901741701333 -27.718684292067362 1
473.0710737850769 377.60620714073923 4
82.20257898568337 30.87114817731351 1
753.7841310516386 767.641015249645 0
94.15841569288455 10.344302583099925 1
41.308697234212815 21.838751905861596 1
731.2080120301449 751.8215644202104 0
407.35203412755754 48.11679173076146 1
135.63404016255902 772.0303632350806 3
130.87644086546248 771.9073880568151 3
133.6361596880164 635.9854790390541 2
425.37891834732045 548.5591477472633 2
105.72320376739434 45.32914595071493 1
820.7137128783455 169.97275528634316 4
127.49890804406074 760.1396262191819 3
761.0910085144467 811.498151928298 0
227.92825489258408 649.6631609021396 2
737.1218471054617 842.1692976769333 0
141.5037190832671 771.9916343128428 3
61.44105315880464 70.77806716458802 1
108.88070062940304 268.4457369756729 1
597.5401152401764 967.3696167839056 0
995.7147224630927 881.7852503155952 0
48.2881197648317 533.4863788380612 2
169.26950329380878 762.9381030467623 3
220.18064302221103 485.90442982897594 2
108.9789506041218 256.6965783382392 1
132.137358189306 775.3500424665059 3
142.69813699350885 486.7682189041239 2
898.5100314483252 199.8684104388402 4
175.3004447523094 776.8648035436977 3
518.9950121986565 950.6514396866422 0
366.18205085282517 165.86110324713718 1
354.8034180175344 567.6367838354533 2
218.24930057459667 792.0328866015427 3
363.03988266190714 824.5862185766695 3
189.46868518899376 737.413274738831 3
849.058712316818 698.3175545818385 0
759.2033903534832 164.62399485650707 4
188.4023294711573 995.3748206820287 3
268.98001933205325 210.52832851597282 1
357.1660690017392 138.83642799115808 1
64.32015821825463 58.19899228439877 1
597.2272672404157 711.6262125900138 0
998.2246326287274 727.6276031704714 0
137.20906119332497 838.5874558354335 3
276.8741957606616 830.0542609322927 3
182.0824253037516 797.7532994051159 3
467.48627227060825 757.5336020658352 0
1028.0712615727584 863.6529833412802 0
793.2929181076172 797.6602941302374 0
389.86598303680427 314.5456533033496 4
556.1304999145085 644.0066977734809 0
972.8866999334268 217.6806845445125 4
379.9541372038273 569.8380606746732 2
839.8159739822131 968.2848452734264 0
66.58474035065001 129.86151233752608 1
458.8004262684462 407.4167352225943 4
92.14379667968812 545.436216959555 2
389.8357830993521 141.9109497643131 1
173.24844550039555 727.1028405410988 3
199.83146589520354 805.3777746514 3
103.12007925379793 848.026469974897 3
127.23386906623529 870.8210882431375 3
430.6102277367599 -14.09699394727383 1
366.1610312742336 616.7144776616379 2
547.1510931696818 619.9873137026525 0
279.76803784722506 563.7517338792568 2
208.4364440222177 461.00764332437495 2
742.0317475157885 773.550818953796 0
371.36050653791466 133.13156494131084 1
9.06397694055412 756.7489203575 3
405.4259545942977 216.05217318106116 1
38.71935187584762 796.5973154761992 3
377.5853042179587 506.64213160145766 2
778.0102498479548 877.5972300325136 0
198.06034462427516 794.4506067407093 3
155.78977824976303 19.10887819461028 1
49.23273597501453 68.86335342325793 1
129.60967178887418 503.169399158914 2
276.76547799618595 742.2938463670939 3
800.0584911170936 818.6374394208457 0
967.3341061836151 189.71943410793384 4
478.9078851369358 847.5000807943542 0
534.3977549040001 85.1497861682362 4
329.70201297694865 595.4897895556504 2
507.3553565048944 475.23177563844513 4
747.1832041008995 925.0885596608514 0
365.5758926990031 581.5971562409102 2
904.237202393173 187.92029358794375 4
11.68598100832159 22.709276632101297 1
516.6430758701648 82.62351979354357 4
692.3930320324661 777.7351000931616 0
1009.4523740800481 893.6589256949461 0
576.2231105913914 953.5721562611099 0
165.85593460405312 793.6472470527087 3
314.33398770150905 582.6425115570189 2
112.83404031366736 59.66441513026123 1
217.55624156301607 846.6507131808232 3
130.90658238959233 641.2537787163143 2
344.9843901764003 101.78343214588634 1
741.2374798022355 723.1124653160291 0
450.28884029894226 516.8213043666213 2
103.0812343007602 726.0297086510348 3
119.27949519192234 35.07692779790396 1
49.50811801810128 521.9242420137927 2
735.8418547756987 774.7083134580156 0
960.5692815966112 197.4447552713303 4
470.41945964808133 176.54806468658558 4
27.748396383660584 30.04930715423403 1
80.20052289975091 778.0274737780009 3
834.8920555787432 808.7949525098757 0
84.057094561731 856.9074482351174 3
90.08082319870188 498.1856511445707 2
72.43646375800255 80.65196056454946 1
569.1804775671727 33.21287819698793 4
794.1873693175903 200.6419923815316 4
137.45309748725853 48.29611870087237 1
784.6900077710292 186.0141821214855 4
731.4877698021367 781.5693424311321 0
287.4660738139177 714.8932880426073 3
567.868975880439 10.822430284744243 4
208.3432360038295 818.4844057833296 3
408.03136324358485 37.78652921271386 1
88.55018880244504 80.40281581425882 1
232.67738508651638 611.3429347437395 2
345.90691033749096 110.99239604193066 1
867.3036680708883 709.2861960968565 0
129.1758996445414 825.3012340279572 3
53.52709812741429 13.492445134952018 1
1013.0040097068534 952.9829087573867 0
696.7005547749039 801.0400621821078 0
396.71817687234477 450.1706374793137 2
406.92290019628354 518.379629832006 2
477.0873210299678 2.189735518710478 1
344.962676591329 589.8520780069919 2
517.183052232271 338.8650606734615 4
124.01979567702463 -25.793709980284003 1
91.98369163531765 492.5770889539619 2
167.09986730737847 78.26292673195896 1
565.6971380137603 22.382021019199872 4
24.263562237764347 -73.37915237123921 1
757.9231796504922 664.5043051579177 0
102.4854873841571 495.47486460666465 2
227.79631277643392 579.0382664532806 2
422.98868060559624 275.53180608553856 4
154.42024283307717 749.6207123379683 3
220.96198369381622 887.1217585211687 3
189.89535564872384 802.9789399595513 3
108.95122215755183 110.74951379399633 1
442.5878895581358 133.90622394960707 1
63.26455489858074 551.1567537746391 2
505.0089012385462 694.2428288032436 0
566.3660005933168 7.126539271424887 4
167.81055695857768 782.6799120662553 3
428.42209060150554 576.8551676424445 2
541.3049351911335 680.2877525424676 0
677.9965487485936 485.48241892135997 4
114.35518407193163 878.8397713960027 3
366.2272109182874 131.7627060875653 1
555.6507103151016 350.870591827702 4
499.0992712642849 619.6697526583828 0
896.6295301208453 202.10819449935204 4
548.9119832370855 18.816392570250677 4
533.6261483438843 644.1243374217171 0
996.8188004566634 890.5509848590372 0
817.2982581133209 148.87671607616528 4
806.3222511112536 828.6995675771564 0
83.21408876578643 7.772593731713319 1
128.07819963182612 491.02680904850826 2
556.6110147662015 519.1383622554737 4
95.78979154601491 16.27689203438071 1
770.2327499837696 804.0203106029173 0
384.52832805941927 551.0669978313924 2
780.5629456828764 805.8180188487264 0
167.7510311505502 782.1258937694428 3
151.57977168980176 715.2521974238348 3
380.75250662801983 575.4112556664521 2
485.1133873135352 939.1626149621586 0
59.66355906035993 445.75903186498795 2
87.2159261342523 850.5164383802653 3
640.6901802286848 399.9793070691978 4
237.89780430888715 560.7116323564994 2
210.97342618402317 805.2638607198626 3
792.4654045714838 231.09239673457358 4
117.75837804652133 52.19714757907313 1
559.2986413005142 374.202029193427 4
755.2737115324729 688.6140522406184 0
467.11098469123976 177.3365031205988 4
538.9352718389642 693.6424481247568 0
98.31585519520537 443.1926247266664 2
298.71882641999355 698.6265605438117 3
357.7356773277571 132.23090034057913 1
180.24245084509283 797.0193937219905 3
198.7216921226315 804.1909317420905 3
91.90121024417552 752.9090815407959 3
643.2865742944064 769.690409774768 0
126.95936701648704 269.38708586639376 1
374.8058436006562 187.14094650794277 1
88.07489853959926 35.05093674742341 1
585.5609901200634 316.61023127380327 4
229.02315072220213 133.28777694570022 1
579.1295436770937 363.2059146550309 4
174.41925732489716 608.1187057533344 2
884.1664215049701 152.020961787085 4
30.0478667504119 726.3249406344005 3
107.23040478965257 806.3737608980547 3
127.10846211031841 91.04304041899154 1
499.5460710681543 449.0620882691555 4
169.525985816003 929.7292896754748 3
350.1315692020173 112.84530173611924 1
651.1543167360787 759.2795550805097 0
374.0709337344552 148.20662080306997 1
1029.7700476121656 909.3624470435271 0
506.6562210406736 132.7528863056021 4
283.8545123674926 711.4692571385003 3
756.487249235336 739.558685350563 0
731.4243658325045 644.7182035543362 0
39.189034928460245 553.4707449737588 2
615.865603401443 432.65323425199426 4
794.3799119529016 908.7648606472897 0
124.9519993804126 760.3641572872332 3
171.27858842483238 805.7041780973254 3
650.7326080741669 763.0347313418895 0
470.8760125570341 448.7131217750067 4
136.5900284975984 546.8937177627333 2
733.4591723328232 787.534591188597 0
411.1400748387226 659.3691373924134 2
178.7733841671329 792.1445118513943 3
924.2326500196473 950.4099676285647 0
77.18166052330795 570.9439287723495 2
391.85415121269705 516.5266200160763 2
55.110620061812526 73.15775221396129 1
539.0910025983432 22.01052166001555 4
835.2100342923126 967.2406003342473 0
82.60124003534688 69.81180792545341 1
844.1907557666767 958.7647534863455 0
57.466328104135094 -55.26507978953832 1
121.88495317551663 422.1579258741441 2
161.16288035442943 521.1259434261352 2
172.26931475080124 -0.3514915471261375 1
797.9930778283997 117.65283631871998 4
686.55039533442 461.00635788890816 4
199.00943562573715 794.004449972966 3
188.91328883186645 803.2627763678744 3
72.32148172505273 44.12259449052499 1
41.23295120122365 490.1044985627365 2
89.85974942018416 668.1861653154871 3
971.0406361299714 870.2594881917397 0
156.46247411520494 626.9018446395719 2
132.264634846915 81.82640086574604 1
23.901328734046807 755.1624755733642 3
34.85815217384541 775.909604073656 3
147.10346027679518 36.658350352715935 1
795.5559439300088 960.3642794789612 0
147.7113136235415 755.2888122398498 3
285.49026206811556 712.8122821913139 3
420.95230774434503 97.59391433408067 1
396.1549892649818 227.08798961481307 1
330.1588433951301 599.2325447570672 2
592.1351647779801 972.9579840894946 0
785.1836225629188 911.5430149228619 0
791.1767403463895 909.1942970262497 0
358.2923465373349 610.1343301428676 2
84.01658482861714 504.1970007608917 2
335.14755766628224 103.5261876048167 1
759.704917551523 771.2239983468717 0
212.98019227358168 789.3736230004785 3
119.34156145449501 16.962095659418114 1
147.25922046136446 807.230096778505 3
296.71953468702134 750.2981361639366 3
659.5759458266273 332.8019343357305 4
122.02269803338655 42.2845850570621 1
113.30692460069453 493.11837594114814 2
580.6372626872563 412.8419626499957 4
822.1141841262253 805.7553567200949 0
143.5384889229826 537.5031789873394 2
566.5247372991076 342.5757424843384 4
265.49318330599647 572.4233982217031 2
774.8335809441455 949.9048790854632 0
544.2704000632848 724.39990363176 0
111.73990273642951 480.3871138766917 2
405.22376680686267 145.85747158463963 1
41.75008665249676 488.72834589351345 2
531.0565344833583 675.5147781527371 0
315.76151021866525 109.18845211756268 1
795.3512195356774 915.6136414290171 0
209.22073162563467 917.7734926155842 3
346.4201786069103 853.6467395737723 3
375.1330018609934 551.6360260082511 2
316.6114413378766 219.0510867396788 1
767.3207968365172 778.4914777506161 0
248.86438850731977 830.1325484067515 3
609.5945026339509 380.6359644696635 4
174.76964996295553 778.9002551101977 3
873.0026485387164 139.42631894361318 4
316.50706212078927 604.3400705211602 2
391.09523766980726 145.3193218622372 1
126.46287402652361 631.977698648509 2
520.8481941363958 698.3272234351296 0
639.3148132673409 270.14473992075006 4
973.5717668419661 709.7061438872737 0
494.7684816983107 972.9250504923187 0
817.8940224029072 251.75683218106303 4
690.8616191310551 514.9785810657066 4
773.9547988988287 936.1615193296616 0
539.7068254648595 418.1085921715594 4
544.6837749278845 419.00760886322905 4
830.6739531381073 962.0050206124528 0
823.5738337381069 179.86620984464787 4
135.16068146533337 812.243354354104 3
89.26665817834467 819.9365809952994 3
849.1513452561342 754.8721109265667 0
326.58279264237666 597.8259491177018 2
458.00010883476864 442.59470783507834 4
277.9711096395829 700.0308645487855 3
110.26573650397835 47.982030568845964 1
131.88972741956584 512.291803876012 2
14.927744080914962 17.933133810027478 1
788.5011222116618 729.2953779655833 0
523.4457283474778 701.0787539798808 0
563.1936742559474 470.42845142362046 4
516.8185821301386 564.2013413727284 2
541.1038924653025 460.678148541453 4
556.9946832946977 396.4131138449482 4
532.3824801916488 63.845254546117474 4
776.625770236251 750.2488221359458 0
96.92674482421035 467.81890536560644 2
602.1589662949699 370.2082620705353 4
182.1315503172527 990.0669735152386 3
484.36442716520804 638.9960567474003 0
131.7059227091698 626.2650283185181 2
336.4817129031962 597.1795620129728 2
836.2413861812965 188.05425773053537 4
61.033232396502456 531.3672143466076 2
980.0026773405281 235.19455800377506 4
529.3382256859907 670.1978575808819 0
795.6874958559133 893.0326683872559 0
103.73948082752744 497.3201689413001 2
469.95773569712895 434.6414945803063 4
134.66303626023114 790.707680480459 3
609.2431054926795 379.65649042913475 4
940.8719213451659 911.7588846348985 0
505.8924889618703 947.6600763545035 0
112.43202001499091 58.11557057768901 1
47.9036312449856 113.00944473389032 1
130.3756184416801 45.463943088402594 1
173.82469034027872 554.5354560187383 2
525.2941794705708 694.9548653293051 0
496.8825253423747 331.08156110667977 4
699.358913256202 752.1079800099403 0
843.0561011596603 741.0521351517539 0
511.81191039085286 724.3871381331656 0
472.6409417886319 453.2773701946072 4
232.74738959016491 917.757001879596 3
609.7524271683852 249.30832266970992 4
79.34194758106216 -5.939045562937341 1
209.2308500841559 792.5023737578601 3
172.79615510747107 87.63984013967776 1
539.6217703536494 638.7777955791746 0
180.63896887282647 744.064367127964 3
19.513412759188004 797.100783274473 3
787.6541435363883 219.8920973407415 4
433.55645699275493 82.8240838164818 1
535.7173371787293 325.5440052796332 4
109.42501315799909 830.722627100415 3
803.7527342736903 728.9574083378365 0
511.80364189493525 645.0500769383839 0
979.4823929469215 733.2076634862538 0
838.8630286880683 964.5014205554851 0
110.74512638133632 479.41875455242626 2
271.6898213203549 610.222203831919 2
60.081896863406385 505.23816385690634 2
154.43274432993596 869.4900572826344 3
655.8075413102692 760.0998060089222 0
846.945457114861 209.4149047919785 4
94.45081025305271 763.1079105633971 3
1006.9244143896052 883.944643382176 0
342.9029468552502 552.9103562978871 2
525.8561419582868 413.29822094900464 4
696.6190025231635 790.3652618325033 0
515.6339525073577 122.47275657089142 4
115.7508537514188 460.39128966817583 2
276.0486950421746 717.3029689069668 3
514.2934237374888 696.6488170927657 0
108.36984370250057 509.75348469270284 2
363.8338126020791 559.8042900745886 2
225.42850222693545 788.7711373207995 3
272.4697740533056 708.0532348300512 3
139.58952733680644 -26.253829133656854 1
584.7322501854426 448.3717618407363 4
254.529637993841 615.4319282343616 2
118.58832708898429 261.3910685601483 1
665.1954647182235 773.1405366935553 0
92.24105699408918 773.0301469112621 3
514.0945268005162 963.7117281803835 0
96.67282176776038 869.377204990349 3
47.27664957700722 771.4630738125215 3
99.08417492096343 909.7015920780228 3
659.9772153441768 709.3536498546408 0
392.6590632133524 554.8237205750596 2
133.59688985770276 841.2733242771499 3
967.7010185808288 694.1079481142567 0
428.7933088150401 144.52674437203805 1
114.70520028938707 -12.675726621431835 1
561.0761096986383 18.237827971557362 4
408.77115624847175 102.35675405342066 1
465.41612196641574 449.8045104761104 4
766.6765687273482 983.1034014740353 0
811.6893580173505 763.9607769754491 0
16.416214139593393 -46.28607244722373 1
99.77450113204083 483.25233733691306 2
75.42013620366714 26.079530008671433 1
503.56599773072463 517.5366061920638 4
104.72562645641617 45.91301058618932 1
193.47644146508043 549.0745415790893 2
84.00317928894266 509.90306493569994 2
493.5795236712082 626.3672524573196 0
203.13854561517533 785.1036358517936 3
570.7749537067098 652.4923160899087 0
134.7781006045906 632.9695739286855 2
445.6330300124189 679.0909242698735 2
570.4166398938556 470.5731054474438 4
562.4820572290631 31.880450036838013 4
465.2944718909591 308.6060690862149 4
216.86557799132189 887.1187750370427 3
138.9825770794073 517.5932586360628 2
2.792890764374363 -26.386258334375004 1
529.09204474241 771.3336989767346 0
90.70386773332721 36.852958733400676 1
306.2403241695168 717.1964298811218 3
440.74956862334716 83.41257818165798 1
1027.7137473260912 943.6880912445409 0
153.1444209800559 774.8055729734463 3
66.40752462960613 506.88367997437547 2
399.65156850612124 184.72892934073644 1
139.89763187493432 260.51173366746474 1
334.13416356066597 538.2440084245308 2
516.2151250922292 625.0864525560478 0
996.4392237917929 898.2045335109873 0
985.4980741391039 179.2448725383352 4
724.5498189671964 784.6399849693784 0
71.70711709084392 531.223289930769 2
218.79237105906356 913.8034269164613 3
587.4814390943511 383.2602317411481 4
532.0249793102129 443.660099274902 4
1057.2087590682072 882.8321589646206 0
554.5556071353261 25.915060403491104 4
464.5718097955787 185.79059796219698 4
573.3300533471249 51.8679593324536 4
828.5988172624433 192.34152556821235 4
536.0469863169028 53.6303057535595 4
94.99620269521604 764.3255191816348 3
550.1762929821816 429.7704352242636 4
506.4658923537419 942.8694881366599 0
975.7083464000873 847.6471662574057 0
78.50458588308769 489.91105053892045 2
434.48663566740646 461.1160988717594 2
124.76826028944073 532.5354409270428 2
758.658784337246 665.605283467555 0
325.70931993692307 590.8944740725826 2
745.5199424804576 873.6810017192045 0
40.98174352108616 780.1058437429933 3
182.4658556869552 785.5931904977172 3
791.7533255626855 982.8604887152449 0
144.75178315487454 725.6134384590846 3
296.75353720795067 677.1830402335481 2
148.0916474776744 802.310879944215 3
546.3348637520695 411.7553903475824 4
162.60506437304932 795.7027514006404 3
80.91063786352692 455.7517967793307 2
224.6700405438189 910.4955380667418 3
327.72729020164394 128.7366856249303 1
397.68619144098113 654.8672444871602 2
642.7587252500023 710.8623731144464 0
150.83993581897084 10.611051140730055 1
144.720107009629 790.1921853093422 3
676.925848633869 712.1328068771954 0
599.1360454749722 360.86643888369105 4
132.52178304426494 509.5613692314477 2
831.81137209266 145.1338867971506 4
995.4152577786294 697.0736695062969 0
460.92704151047224 541.0379432949737 2
563.4970818848102 446.67017497415054 4
454.8263821766784 688.7835897474056 2
431.85828719379185 181.40700923687874 1
132.61849937406268 878.4370233778997 3
158.42484242800637 434.061622227002 2
986.0631986197105 235.62639499490132 4
197.9247114934952 807.8085839381097 3
114.70607620469266 498.81724363357137 2
119.46557894426597 556.1140471030321 2
748.2445580315166 943.1802551983233 0
171.80273573076465 863.8999337770158 3
184.85742990182453 899.018244382143 3
257.729288022803 787.8411701643854 3
529.6976322957285 644.8246136174778 0
20.745523376897623 -57.60636743785011 1
729.4660970479421 432.84750431633165 4
591.8372345227413 460.19313719689393 4
995.3477543469714 206.99435288821633 4
751.617151554892 722.7195393572141 0
190.02056463919837 796.449497861196 3
153.44343672619084 -47.50614394744893 1
121.37783696273232 769.0513066714033 3
134.3164854724593 505.00343825827343 2
982.6787460468644 202.59134410071127 4
593.7148778129485 968.739643513542 0
336.0006283537874 144.7829908357866 1
38.136287212271085 640.7252070795095 2
204.08644253919218 803.5777321423403 3
269.43115879500925 677.5691852281346 2
590.9270563407225 976.1155643574797 0
155.87732625444403 764.8839719182575 3
506.3861788149156 951.93930775223 0
297.4335654142932 619.0714968382262 2
135.71137573065135 856.6070831631749 3
164.31053280358898 594.4606433458988 2
547.8639576117774 402.72902673206573 4
147.06580238740855 474.4688144204224 2
87.04703066509995 683.9218584237672 3
57.04078423057207 -37.35452356238022 1
187.2749160115609 771.5612891555157 3
77.53692765028069 491.57189530665426 2
499.0883323873447 710.8352069126382 0
110.37473868366774 46.48013495346877 1
541.606328703536 9.961599778222048 4
834.3310566886299 963.6280040685908 0
171.57080465039914 979.8491852714343 3
322.62522719388375 554.2418032138344 2
972.5324159695941 730.5300092487917 0
714.603776840843 763.9766093093003 0
180.88998877861178 801.0815701342035 3
103.60885876205329 84.72388323154406 1
492.9734531008188 190.72018616580226 4
353.2289751239897 58.91056146728013 1
83.25834678679051 18.70506632254464 1
533.5132909090181 961.9120527689414 0
852.9417506983333 963.3958282183918 0
845.6029191988587 834.1135896152019 0
451.6554135144045 51.35991570364712 1
866.5461181657397 909.8033779388354 0
826.682867272911 182.83453210866645 4
778.4088423653569 799.3831376844523 0
361.46710559139393 835.1023668526833 3
186.07213768759584 817.6715798193832 3
119.93837495440121 48.92971180447708 1
389.21349437488806 112.68371262960699 1
505.49675380126934 719.3885371539242 0
502.28534431497104 943.1763019714117 0
529.2526996934456 640.3703954657888 0
467.4930056325231 430.9526115539752 4
472.85819351693146 436.41440432233753 4
403.7326086837467 136.91594079291193 1
355.83091945144986 6.2570736113912915 1
537.3352164481563 701.3219822689805 0
286.09898744001873 837.7692370047868 3
549.8779789039689 17.400521615633004 4
442.59551354097624 363.5893840452456 4
1045.5670604681368 910.45661168084 0
341.0715750701982 160.6800234666529 1
481.03251534195834 450.959236758177 4
872.9115048369579 222.87583042526416 4
169.02882405327804 839.9619718397197 3
1004.2850081965505 700.0294813357189 0
512.6156158840095 514.9103486442478 4
463.4143476862461 463.66160015295327 4
77.12040441491212 14.546393537786377 1
135.11430121643588 72.00247575715096 1
196.1934467972617 848.8852783765826 3
551.1459279997006 615.4738717012369 0
419.10213302074715 589.3086085919493 2
316.3146557654312 119.62735133297728 1
754.419887956813 731.5538879802851 0
547.2561986051576 623.3494833994149 0
13.599071478803012 772.8681469280352 3
170.0065089821256 795.1094966657876 3
324.25712451919264 621.1580245658719 2
30.56443140110339 758.3034023607461 3
509.55185302461246 658.740722658546 0
320.58077215397543 602.4196544918402 2
204.96204921418936 813.9293306453588 3
285.9108426607861 769.9159004815133 3
348.50122390985297 153.32016972190365 1
520.625044221474 402.84240546171003 4
141.77926060490407 454.6680640722818 2
549.6299996873673 652.2713944830657 0
394.486361040127 246.08932637291326 1
839.5333624127361 891.0107269886336 0
94.29886631619607 61.730240758498525 1
567.9186468223522 -10.639016262091804 4
217.41601225513475 906.882349880738 3
189.60245155315005 468.38240311250894 2
680.8255005026568 317.2733181877276 4
217.972650577708 751.3783046493684 3
328.64668939777687 126.60437959096103 1
539.8547201818777 649.6308875836693 0
258.74876374367994 541.2982427211361 2
468.1408035428313 510.94362974844296 2
57.182207644831415 -46.388925537278624 1
555.3018495838254 734.8020840537115 0
161.3851651944262 780.1708182507786 3
339.04906556670704 126.76828802186009 1
283.4228131389999 196.88307594756353 1
750.4619841141264 894.9876962356772 0
139.1317044668721 502.7993979081367 2
193.94604055034347 776.7535445438104 3
350.25458414965846 104.23803666900633 1
352.0150408275805 635.1451375517955 2
57.37703178320881 544.55116381336 2
998.7759896958698 886.3669678783294 0
995.9030302345341 202.53816692226016 4
160.71403523483687 795.2177674715902 3
587.1771898320934 586.8627909515102 0
558.6746741685997 610.6690831203192 0
137.6082846990701 533.9150031775507 2
353.65680161775833 620.0600177006311 2
65.96671601002946 -53.27119844375905 1
54.60011189990854 734.9022429630104 3
79.15546622703907 25.858415797589284 1
562.5243430876446 633.2238622968872 0
217.45738818914597 789.4272684332478 3
952.5916387613543 873.8938312161051 0
474.56431779491595 735.7987024840913 0
373.28923856809064 806.3546103426396 3
88.27013351090407 532.469351507809 2
572.0993363437558 438.35338706714725 4
466.7610163005676 451.36133839281064 4
166.85390139736506 818.8176628636738 3
145.82983983588232 533.251948519563 2
313.3749034285768 115.7812724373741 1
521.8258725510649 476.00704115038087 4
225.4122305878113 446.6343306279163 2
571.5798356576292 29.084502797328668 4
936.4914235915313 861.4630305213834 0
95.0168869838396 537.070082360159 2
769.5102560021678 743.8039424489673 0
421.91469659664097 558.772818657588 2
452.26288905177023 286.4084084517432 4
87.70578153612428 799.2018772154516 3
104.03579325684434 107.3986563132146 1
748.7349199398939 734.2471846079995 0
864.3397261816472 960.1936579411927 0
830.9425690551309 968.0090378700983 0
108.99653099452834 -5.690180310096068 1
770.7353183271042 747.0900297693149 0
800.4458331823906 648.4908305408736 0
121.96981634109437 767.9949768328676 3
423.3722598447591 513.3260721120813 2
605.1749189208539 420.1704721912815 4
986.6005462643695 718.5043612593603 0
56.078136888933145 114.72250723673018 1
120.7792221183448 860.8422588768722 3
522.0899255180124 449.7196190506876 4
377.49030565251746 249.5088824381916 1
712.9227375035748 932.8948563313429 0
758.3269059788624 697.8403390144287 0
109.95820331359319 44.67385605549036 1
315.8976185946785 161.62069082514597 1
500.23300862358286 748.8910032796998 0
422.1428495269183 478.98150935631054 2
723.9867744754899 383.1678807725108 4
904.8189179411414 185.13432747104335 4
744.0358143599467 837.549760352672 0
445.0529872377709 78.59489758639477 1
727.2714915498141 664.0217212122902 0
373.5752344248584 137.18781149908367 1
292.8570372675957 110.81504614769501 1
384.93195810657807 406.1835716184294 2
278.25426121649974 650.0954255051876 2
89.76224684200999 7.033759211904615 1
117.11523393916825 498.6728990644926 2
190.1131886820965 604.2947050689172 2
852.0492765964515 192.86146500043475 4
516.7955956347457 380.3851947597941 4
45.91926833079902 473.69158595161014 2
313.44075032141365 109.0089827537478 1
164.01530518830407 778.223046294985 3
121.94095656712008 72.32917591461151 1
794.8696246693462 141.6584550493166 4
346.8347438146661 88.38333995037968 1
283.6160086568776 712.889703036351 3
47.37020022966094 -0.19355015203085912 1
832.7292055899248 182.0201489079005 4
470.54718605857795 372.0421882880086 4
524.6980254031682 996.1026312469634 0
390.24936028012314 847.5809443257932 3
450.70845053867606 413.0262014029743 4
449.01984599392824 94.1429653772482 1
226.56154489273177 908.0857770183535 3
112.53285809311335 551.7267109330073 2
314.27094737930076 243.08859633856656 1
196.37922752918115 793.7009620819434 3
138.35056026722737 832.8209141791459 3
56.052300120501116 84.52762832813764 1
125.53004506973907 774.2267386090434 3
507.3956881929479 935.4032487071306 0
243.8656548634017 604.9364304866681 2
596.5325869022428 589.0694850170688 0
103.54614094403567 422.6854399720184 2
83.88333414995107 525.9747927866566 2
722.5505804722086 718.4195656042892 0
189.14949174254792 466.03316337971404 2
134.27031245456078 482.6006097161372 2
187.89412030357798 552.1596191400686 2
153.81985921718064 110.71841353900018 1
437.11578682055443 96.73285199492317 1
818.318789343894 242.5640665952428 4
700.5475774055956 401.7815689265211 4
781.9501124387235 730.2432844381265 0
106.74688719982456 474.8819892424049 2
183.98387194341134 622.8196368951185 2
376.1459691738456 71.93225453932254 1
338.7598541299008 840.453248165799 3
154.14112892547018 510.18161688587446 2
511.45872670733377 83.04931524029377 4
225.84527036177516 878.8113060859159 3
658.5591482586127 790.369617984204 0
996.2223829960251 884.005068012953 0
110.43936362418873 262.758555050079 1
116.06958733047914 793.8617742376969 3
793.2492152250259 912.7573304639413 0
135.61451486842628 475.9335364725184 2
746.308761233649 791.5543335722624 0
280.54055124771963 556.451576028829 2
58.638506452156534 94.67248436792693 1
576.7126669681597 375.20911605244294 4
456.1849464909185 7.433837667233433 1
774.0837976086412 715.8433270201452 0
924.4884870437471 938.2336617268151 0
505.0326007027643 943.1652092851417 0
912.380473168697 187.3142640867662 4
350.7470580929285 609.8276375695286 2
333.759215597972 135.38920356526228 1
116.1046601059364 907.3339439255838 3
340.3928728683413 492.5384208226106 2
790.8435330475356 684.2721344238513 0
806.8896600947284 925.8768652005159 0
252.34494225723233 853.0712945180844 3
65.87877452400195 21.14532900718958 1
344.8258327615221 81.93278539703118 1
428.20904533097337 419.75394996647105 2
332.0538793393087 593.9151047167875 2
356.09685386146305 621.5578937426759 2
359.9809806848827 259.87314135722636 1
119.12899070970671 238.03514563368668 1
153.78708219101404 526.0769951866163 2
101.10455128748785 497.5899142546668 2
959.966415088351 216.78034936701314 4
257.9829887958197 506.2944486404406 2
96.25923087584151 -41.902393219203745 1
127.39645071576258 543.166634146712 2
529.556764706419 442.961334952978 4
691.6254826554152 461.3856387980316 4
341.1864887561635 832.5299169255154 3
537.0088211587092 457.2738309922282 4
470.47377869263426 77.9893224552897 1
305.0945675594001 119.68087124904613 1
113.2570102734265 901.4374676983451 3
207.84910046164507 515.9878441318169 2
105.48119856489274 548.0538810746576 2
252.81661317568913 847.419021638224 3
777.6926430604054 873.9458706751774 0
362.95865997479956 229.84248101308674 1
558.6375332212457 13.214494284915649 4
102.67220315418186 921.0672567408874 3
317.1206277145155 119.35080639691735 1
587.2759788998885 383.3623222811726 4
785.0074999793592 170.22742723920416 4
76.84936703368687 832.080722468587 3
764.6261310867108 845.4241013631071 0
555.3379849946197 421.9436275001126 4
417.4825737539049 210.11427210639042 1
176.05145550338025 838.826347163186 3
333.1445209693679 190.5225885461412 1
964.0664096623077 221.1659457552154 4
189.8465208425654 748.8014589622393 3
557.5860737581453 447.1817033196359 4
503.8859479916963 950.6641703286767 0
72.35971785872435 839.4872784714622 3
742.3234135226162 780.5515504135013 0
991.6288862301993 891.240779508809 0
174.7682294036854 1012.4170059017758 3
190.94949596467208 821.1507140456933 3
674.6063727057801 786.8923977278582 0
133.95397111865606 641.0147240531193 2
850.7708169040956 968.479987641022 0
822.2593248065473 164.61080547394013 4
398.5601542067943 101.96111303984799 1
136.77484199218583 776.3487221059847 3
514.9475086683261 114.1920416736533 4
399.6427044586597 148.5813058779425 1
517.5902194207226 730.4868938011754 0
957.2598566119377 905.6743739201714 0
508.5232131778387 952.6490487426461 0
106.24410497884045 506.0864256685138 2
571.1169945451475 598.6127915538954 0
731.83033345013 783.7686345146419 0
311.03097464364413 162.60153320322908 1
134.23251436375776 767.3301601783833 3
112.89535423531355 271.2123423338779 1
204.31042473954932 875.9125689329729 3
87.26855047439699 786.5319420222386 3
523.7862808107822 693.5119316504921 0
578.1191988962655 -8.53223832965995 4
133.15369679575554 120.51623513334128 1
577.8631723312196 683.5086347144179 0
285.1107307657495 806.5882575577509 3
765.0452835654055 970.1948727604876 0
430.0593201208006 376.91127467991424 4
716.6796041296589 766.8909872510757 0
159.8666080738672 97.24413374353456 1
17.731329355639858 459.2730156739126 2
666.6645030715551 416.01830249428417 4
118.72450398672281 -38.52847213897158 1
1003.3838058863792 917.0935611861306 0
293.1500812498041 96.79336680031705 1
133.12031023148626 536.818226929552 2
352.9908256509207 806.1259983585866 3
772.2334919762947 827.1725773634474 0
415.36751015219136 214.47004737580187 1
484.27025913477047 918.5517025287124 0
100.19595291443295 728.686923876378 3
170.59046974092237 700.157128586784 3
169.0578488821718 991.7723554819352 3
771.7548751079829 737.8608204287103 0
545.0692507917679 416.0843354583117 4
158.18027351312932 38.97267602555443 1
399.5911034547706 135.9669762473066 1
788.1696797590324 899.3669935564377 0
534.7638850350858 275.6118926319338 4
244.52004080737578 598.1451179767984 2
749.5352498150548 911.344230539637 0
352.7154304605457 525.5713168042979 2
122.5951508405662 237.753858384717 1
290.38678004439544 709.7903515286722 3
192.3105996767607 831.9558529497964 3
730.7430182555108 790.7678370576224 0
554.864645143607 626.2697044287615 0
517.6135046650334 691.5657431395789 0
136.6648605752494 507.10747485533534 2
498.6818678205533 692.8276821997998 0
722.4614426522851 734.4387601449956 0
972.3369189922066 950.7769525608367 0
664.7812125399979 440.4561511167848 4
31.953209521649626 781.3505856722592 3
281.2737488975931 114.27298060509179 1
498.4257737362942 856.7305268015324 0
166.94697008541573 806.470818625607 3
688.6845303948465 673.4539510532925 0
132.8083166143584 616.0250252963173 2
703.5495519957583 796.9490730394713 0
26.57777872274515 609.3045378978136 2
192.10910755155905 774.5450524792902 3
116.35527318705151 900.7559435778753 3
337.1669035927746 140.4498387992714 1
563.3666082023351 16.496178316998883 4
96.40862362514272 756.4207656965928 3
113.87383220153774 481.10100198540425 2
713.8019437744022 962.4670561891807 0
88.36928812911427 -98.65031457710501 1
157.61937673078125 60.83330350536093 1
304.8101741475084 145.70997886047886 1
55.21259999373246 -55.8404621046533 1
433.5461155157819 87.80266388957524 1
893.759477243209 156.74463248299472 4
589.242817508661 33.37463002099395 4
103.44270625579736 845.2603714579939 3
803.462150170132 197.69198537007858 4
233.95503281103765 683.0773997601348 2
409.4400003069615 585.9386072834409 2
912.2375934916078 197.23274915505203 4
147.8647762535532 817.3631892758128 3
791.871333815038 741.2264461337735 0
332.0016543276504 130.18327473164877 1
439.0831141766598 -13.372692422248065 1
105.54730806557171 883.9620148473873 3
839.195770749216 958.5320252301346 0
418.45848150649215 592.9814445428494 2
99.16432622408186 540.1130470982732 2
579.9258289290005 707.9032932096695 0
484.98066433021205 452.04090038985095 4
282.8206918087786 719.2960318990549 3
819.9978298951879 181.6955776250304 4
257.67175869762866 581.5189982272451 2
328.8790832433334 596.5915635554056 2
543.7063094120816 618.5894751864776 0
56.81343364559969 4.426861536813471 1
167.87063220450955 457.53386798213546 2
118.23269492930531 257.1361025824564 1
842.11687352659 961.0916009661538 0
401.54391104020556 267.8869540455142 4
503.99801527618604 729.8144735618358 0
130.04074390873274 936.4703043002672 3
208.6292947117006 822.4540810993653 3
463.3190305978675 694.6452644378751 0
510.5384035184433 949.7285730390379 0
743.6147110357158 753.7352814232103 0
637.3725219229856 448.17925217603926 4
978.9976180861865 925.6484057973289 0
493.37340466869443 118.80834212830744 4
456.9216927218159 108.93648954520793 1
307.7679269471149 596.3383104756551 2
409.45675555482757 101.81650737846812 1
1013.1770186970409 878.7155030348359 0
161.43212524272786 781.3388936834825 3
261.5841507073236 729.4747127378654 3
115.94253235359618 821.8320140651559 3
509.0810793278251 919.9301618286249 0
527.6749288411482 973.6982157907904 0
217.4588851248897 910.3881239503226 3
799.0165527770907 236.74207050943141 4
371.58584695463145 136.35656515000483 1
583.9943065357988 754.2740611215838 0
356.85906142835745 162.51317357198553 1
925.0430967129582 949.4079875753685 0
550.7628531643527 622.5861585535687 0
33.15140481900188 783.8048630117768 3
192.61646346525384 523.9585677889595 2
506.2861731695037 331.9032070267881 4
145.68405998214138 502.39417620378134 2
230.45824737725496 816.0242781176862 3
59.19763033328059 476.77496772397507 2
566.8706502034796 441.9603952890603 4
670.462743242904 799.6381860961883 0
209.80495891286526 817.8276969992735 3
833.8935017045229 949.8033078195758 0
729.7655683773926 770.3073659178501 0
268.3724701453398 527.7120336152728 2
129.4698493439309 625.6488751012024 2
502.0030073526436 950.0005670133114 0
267.0138750600358 86.20727785210259 1
372.49662898645363 824.9868123228767 3
754.8749723678835 736.5756613310948 0
170.8143830077154 732.6240859619676 3
595.0548258421717 964.6847646221279 0
378.7081931677616 563.4350715802143 2
385.60736704776394 628.2800834104493 2
133.76895984822855 720.2471807148333 3
-21.489130519323894 10.779708036999113 1
346.38446152600983 169.63901634396262 1
674.7319296089217 772.278618890318 0
282.2606676202127 518.0637527966915 2
351.22044472555945 580.0576681115698 2
89.20925243501289 788.6099453410212 3
330.1696419344152 590.9731560860228 2
151.2685344624946 509.0546920632359 2
106.3829225322319 769.4178713784326 3
792.8047480644359 699.3718552674092 0
491.6250252098888 857.2130891984423 0
51.81017473109827 583.3386778069055 2
754.3056817557269 658.049883713199 0
331.7314680443912 117.72566381956324 1
87.46367673077586 2.070238227409308 1
197.95142329889015 790.669198082557 3
182.42644907777853 794.0240564911091 3
695.6178631624906 823.0832536931109 0
476.1762886712848 422.4170579715184 4
457.59262761659585 15.3420656501591 1
603.5043512954403 969.8946258605752 0
489.92874150380635 845.5605866056418 0
107.9709842153553 532.0874812348957 2
127.14242606994746 542.2608678874697 2
124.56782617892436 536.8789804936371 2
118.14142015997051 271.91202782046145 1
70.99567224086559 796.2080990136492 3
530.716300592756 487.6931314991985 4
242.72001368717446 783.4926301905305 3
221.27636745878803 671.009240295359 2
57.62597671312942 497.0442249954061 2
275.37973768702307 760.8777916703159 3
466.6481851883067 225.49106320436587 4
46.2773078800826 35.291274131648564 1
475.748168623481 863.0390475870284 0
828.3668031645129 966.4074299784729 0
124.76637194061915 884.9332823846321 3
227.19621170491575 742.7420212429848 3
327.0575090553197 527.1314833243223 2
499.849984256205 860.3679221391479 0
434.27172820155045 133.1923789715519 1
954.0007586985912 923.5714249351461 0
886.5689261540172 896.3222393666226 0
81.77415064924143 528.9138014735654 2
133.90468831642767 43.41861914429823 1
852.1183184980787 131.59734846905582 4
83.65488761284654 820.6622929795028 3
14.328231937308374 28.059796117927313 1
494.630908832724 748.5049226540723 0
199.2475999167907 35.4237247095831 1
832.2540717002325 115.35625702137037 4
1031.659785533255 863.8743757376619 0
586.6172955433896 400.5518052278193 4
150.55390499678597 778.1525507319391 3
123.00780190626918 909.4469109248271 3
363.97265509807204 120.85479946713318 1
125.01228770889651 47.88702062498898 1
488.81261573521374 454.2534012057775 4
556.641097575288 415.5519684357387 4
609.5678914163182 978.8827019360644 0
335.1557743942387 127.49294539684459 1
175.88586853932773 757.7620547695012 3
181.7074375411919 807.3614655082135 3
737.8241762945962 908.7544003616829 0
142.9849475793293 -30.76151318194611 1
503.1160740583946 851.4668591839844 0
308.4956735725039 642.0632015047121 2
698.966348619519 391.38451234164904 4
776.6808026398764 872.5608682510531 0
173.84840075306718 740.0214580584518 3
73.3620257309641 518.2555074934429 2
199.17395256747204 425.33828644592785 2
81.5773786841971 49.353012218991864 1
210.89506260058073 556.1495946025417 2
239.58940771519855 575.1677625423318 2
314.83490351519754 591.7274259436088 2
391.7956507063629 192.5030031510596 1
44.89440932513705 452.5538526033017 2
757.1718562093209 735.5354857784727 0
828.5034840618589 736.0074870488572 0
487.3080372407821 694.4375367279246 0
759.977198459046 732.3453271979729 0
91.82816321165514 1.5244696287778785 1
91.49355275991789 65.68606676269086 1
447.44642337807915 273.7565052949858 4
193.61913506538707 792.6496517209687 3
160.30428471388961 816.1128270115018 3
114.37418951111287 491.6795650170989 2
757.0890004862123 735.6875689743446 0
821.7494484588244 646.4136199105533 0
88.63929669444302 880.3683187145728 3
107.28372380131447 14.293297347121792 1
137.02257021776643 921.4341599463679 3
300.4653853360061 55.466402515766575 1
107.81178466445331 78.86883598934192 1
147.51679258696166 23.0557553793238 1
325.84535265493855 195.4279705172633 1
185.0460890801404 796.1934658864262 3
330.9984024424827 553.3738933127612 2
133.69609205305315 622.4756878677947 2
1010.661618107756 194.64556374847209 4
114.5107527990807 -87.5341709556221 1
570.4806535759806 400.8697963756504 4
561.820224177377 151.21016056775235 4
141.92228399649724 897.5883671505618 3
825.1699457938778 854.5649809724239 0
72.88686211499186 525.6991024959624 2
783.0087468744795 922.584726733641 0
827.8776986033176 187.0531535292193 4
579.4414422011125 533.6910482600833 4
554.2655764530305 637.9087008809115 0
103.33949575489397 86.82253496976827 1
770.701890264034 729.8310080531978 0
120.45912495339927 436.93491200263145 2
178.94424570065016 528.8795117635246 2
331.3561178335795 663.8271613397319 2
762.6030323986071 936.1496641376121 0
822.7666335911173 922.9381602385454 0
381.8735071239389 -5.0196688554964055 1
778.1512078046918 739.0490058099432 0
279.03709202141937 694.3193294312905 3
26.96458622073265 780.3476156353216 3
139.2838348713467 536.0610494139039 2
720.0671228780976 787.7136058298274 0
709.666159574651 938.2164253607147 0
118.47261251630383 521.6172599805938 2
93.3938075914093 -24.55618068747628 1
977.5953931169781 732.624304817255 0
563.891473742249 398.25329372530723 4
171.11562138956313 670.9164353791255 2
179.7559921839169 999.9157854756468 3
804.7923051363649 895.6721437165089 0
211.19225092922593 503.9972080620154 2
43.312263092090745 16.02072299337355 1
169.90366473816871 819.2730638207154 3
585.5862120585434 11.97346012738744 4
78.28048187620286 524.1707999261348 2
317.4424346054207 692.8744289426783 2
515.4940511739836 738.5050843904258 0
362.0485695387605 264.68343540320785 1
799.663904711251 140.42171027247974 4
154.92835024215302 538.8844317033565 2
222.77679990567245 894.411379019029 3
365.8593926119716 840.0677212963186 3
777.7510038912332 934.990662121698 0
294.07860571027294 184.08377673033783 1
961.073199498926 871.3912496745846 0
799.2044340768084 890.7850972166235 0
503.08971381773506 842.8565349719988 0
577.3615751204139 443.0548343218255 4
167.36084052789505 867.6608476067801 3
376.4849706984006 633.4089198837809 2
524.250177985969 696.7757227648766 0
547.9568505574679 707.5940352522172 0
124.60198750620219 6.71511673187127 1
183.5373132122733 756.8253400517349 3
461.1571036648363 380.00519901985837 4
96.59219077107412 38.789243334419126 1
76.34417321906899 32.1630584859364 1
527.5970233033433 944.0089306808356 0
507.69614032105386 975.4628475846765 0
395.58566896628406 563.1995356498869 2
558.8455486390418 13.589850774127452 4
536.7986307305997 302.4842019194297 4
772.1971642631876 779.6442966370869 0
580.6381868016706 734.8834064937108 0
212.5884916355214 896.4869951782508 3
331.501375767121 138.74657744970753 1
503.5264242434215 946.2439433193259 0
90.1865635704469 490.824112175553 2
320.5107830524882 133.01791097058197 1
745.4437810717286 793.3062512788126 0
486.9990009084634 733.0187765854998 0
311.33262419906106 204.54669385662885 1
236.80812568871107 889.6520026848865 3
94.08068204706997 928.1687335614079 3
786.0290064375417 812.7035697433214 0
169.77222690414555 696.8787404383372 3
189.61128516466815 796.7740447597289 3
728.5069866363158 892.0846610942468 0
840.5557306316867 948.2227312877175 0
826.0530999952815 240.48229252070502 4
530.6292750725232 111.38308702222827 4
120.55703098436827 807.867105964192 3
651.24968868191 764.4097444807271 0
899.0655136684412 187.65469402052437 4
741.2194375385357 671.3851705121244 0
222.91964850440266 904.4564860599277 3
698.9153373897143 887.9161145669874 0
182.80081125211868 800.7229273802753 3
759.95938345408 759.5370077428498 0
255.01438197800044 175.18458037908275 1
544.3560210542053 634.9427891412586 0
102.12212194920576 934.8121759924546 3
236.33700822690653 887.9709157544396 3
70.17916406816445 597.1540481652389 2
503.6325747209373 176.95879367650193 4
298.2988710573687 598.377060761468 2
190.99582457713947 494.8353635750427 2
89.72321197133934 252.5409453128791 1
172.47817585168278 695.5207665854947 3
92.73132563314573 491.8652044480532 2
365.0042262982992 180.4915763374843 1
83.69536363860733 461.3051694047319 2
120.60967623699045 48.66485004149888 1
504.1738025897885 687.9069808045389 0
788.5481603327665 937.9920662812015 0
1030.6710728517573 937.6493010058133 0
578.9424600262766 458.6984292715539 4
472.6867866688331 451.2812896281581 4
980.540062407285 705.5941576357108 0
532.9560019654551 620.0424888547022 0
215.73972620268418 899.6353919293988 3
1003.0715682022028 910.6805582530417 0
95.9120066187805 549.367631683206 2
53.80797413225433 38.09310400165887 1
93.35135426158654 260.42845558154886 1
98.19132317665938 907.9738044530563 3
746.1887020885011 767.0447672722356 0
144.40991594813465 79.4670937205571 1
496.6151311790894 849.9260580715253 0
11.351210916978545 563.0421753387639 2
240.0275476508866 519.9970076286462 2
810.1526967212496 640.1328010740116 0
930.4349855875154 899.3516350228467 0
670.7158540962728 374.7545765567156 4
512.98174992401 354.259673903207 4
315.1270577661254 620.4078353502907 2
374.26774448361533 544.4822068737398 2
164.35848890281122 783.8989050219654 3
704.6789851808296 752.4826225032405 0
308.7810808050534 602.7762901083856 2
372.09659130202783 836.8656944588903 3
232.5884160072075 757.4886783751718 3
122.53215637771511 857.8270474015666 3
728.4365383329009 828.5035326736396 0
1021.7651855680464 887.1080283608757 0
970.1371318388242 930.3657203316 0
653.8332138923968 758.5504710542291 0
641.6287720905505 444.8279335854108 4
621.1160203967754 262.18606778712774 4
95.5428336169097 511.2775821182041 2
352.90010803853045 160.84649879932016 1
87.82976582125956 532.6751592505452 2
191.33018747763242 789.2223265819396 3
41.506448674086926 584.1335617511239 2
814.526235339199 836.5364234496666 0
652.4346537405513 761.6088977400922 0
108.36492485449509 925.1122155325097 3
734.7221046216958 642.3921067234241 0
739.1218222652077 964.8371398050087 0
510.4027014083123 965.5970097283508 0
714.3337840856059 834.3595370932925 0
25.501542569797607 770.2691202597248 3
533.3529673080928 571.0800765107127 0
801.7159212278367 797.910565586622 0
90.87478955808282 33.07317715253849 1
500.8180080121807 725.9607640022484 0
780.4232837700546 827.8718748473727 0
25.813195559164974 86.41774300965933 1
840.6757439528528 171.1149627757939 4
976.9853288070505 877.6268905510257 0
133.26169544786583 773.7079114773016 3
723.2293804548359 735.9651142417301 0
281.4797507910892 772.6989206124445 3
554.6494209317002 401.21305865651993 4
176.15949483366674 826.3579359135756 3
788.1965189047636 122.73903882403289 4
973.4293266508655 879.4196286311561 0
27.32758289405256 -7.082489850222897 1
520.3285097883622 920.840571716118 0
46.79179345183363 447.1038783167427 2
146.5048581329496 11.25746112164321 1
958.9744275800081 198.18826248338985 4
115.39383454506233 478.22662500581964 2
796.5734684881439 755.180843576997 0
75.00771962599055 29.69502085990511 1
283.38835371585037 56.732205599067555 1
986.1836628396949 194.1016308241539 4
527.4870065182924 755.0732747999147 0
106.99297177727662 822.95971206106 3
484.8028911281057 513.401829927189 2
470.9864472662963 361.8741888226906 4
501.62467848068684 500.59231125220333 4
218.00271523140614 779.2585464144462 3
130.5756080765325 626.1019294449572 2
134.1309761959241 784.3435568919912 3
667.6887871645044 768.7368311392469 0
125.21708804836307 511.9580649184765 2
147.59230541267004 899.2631226950014 3
888.2275465791511 153.62900454079622 4
188.1777014799818 817.6113656926549 3
214.14487321444204 -23.735369852626576 1
161.8850707657525 999.9604766343489 3
127.84723770071479 -38.823568465603046 1
13.551474564777536 -28.65681947866153 1
835.5414610722042 956.2375131021824 0
672.3610901584232 793.7427734873769 0
534.1751011440215 659.5469538019308 0
141.6327074627924 499.29887254769557 2
85.38106461601984 729.0210166898102 3
797.6548057452954 123.88220801891157 4
192.27666158401854 801.5148382346397 3
347.00668065198784 145.4454377715789 1
567.2338985739846 387.7766632443833 4
523.9840027816325 362.767244401137 4
526.4469840346666 767.6042840136529 0
74.32892692987437 452.31395971712084 2
182.68595494249692 813.1360480206317 3
829.9444222704424 917.4452872834757 0
512.0847482033698 688.6730470598216 0
437.1022274583958 97.7198684857668 1
88.27051103305652 495.99568717607355 2
505.5616213094296 257.1355434560512 4
803.543462840031 822.682279631122 0
987.121426905115 894.2218752565785 0
188.13034083755807 698.0223625168862 3
196.02831175900172 774.1421726349384 3
660.578521605871 720.3584101877879 0
610.0797599063806 705.9524743226751 0
156.31552904900815 846.342143114911 3
68.94615083734755 -108.77000655251543 1
68.70713775313872 839.307172118539 3
393.61152476095094 139.4592972423241 1
103.76258168247924 15.588620122320314 1
449.77478643211964 686.2849005113119 2
353.76440901160834 109.51758796513388 1
822.6830755453055 908.9956725317116 0
991.3925661543902 876.9999476554848 0
72.42194495487786 752.0438437490159 3
166.6784241933101 -38.31073623629365 1
503.55999136890375 615.3245031726848 0
24.651949085061737 777.0550136582084 3
168.19845024385745 783.2398376412234 3
684.4841873241237 662.9064596244132 0
762.7833290888195 760.8927383781072 0
755.8423855888569 732.3060768977432 0
673.3409100012555 667.2249536847772 0
199.8356585310103 883.091958435326 3
478.8123963871528 839.7174822140165 0
480.0022464711855 861.2631954776701 0
510.4736453114831 342.50217272805946 4
831.5573612373382 187.05524798222638 4
82.62565380792621 110.3657967917134 1
648.1694783674551 761.9514525518304 0
19.781278650786675 552.4649296569888 2
100.44149422498734 452.10186404493106 2
160.79405940108745 67.0397093868663 1
595.240332409508 602.3225430899768 0
986.9452076959503 215.1609228584178 4
1037.107963806849 927.4921769239767 0
711.6678667188452 409.0127105874653 4
322.27089756537544 586.8410642990978 2
546.3835406912195 687.454023093661 0
518.6616116558909 627.272786542632 0
402.6220957144315 151.5931258979885 1
131.70682443971447 38.7286324384671 1
96.29176129319345 -0.7946951176642445 1
127.6350230434272 776.5376704471312 3
544.7217514302358 415.26697961301943 4
776.2089359104065 704.8176941380038 0
376.3623674209157 497.23205459901527 2
168.1598988863767 732.074808818599 3
305.0024225662989 717.5939505601143 3
86.30002576565356 804.8208590799243 3
425.08176753054516 160.4970555364678 1
58.216045405510364 -10.07861445032593 1
240.78173393471374 192.53516522181343 1
420.82416414161213 227.5119819993954 4
364.78320855054454 852.9512684736311 3
322.98770361041255 536.0724260987731 2
474.1883127725018 726.4860214557258 0
183.08193405279124 754.5105859027084 3
134.53250948377274 752.2295071281303 3
549.5188950074357 356.9268346676652 4
664.0686522097506 669.0323266641776 0
57.33109022567933 36.11410382147548 1
466.6626431494677 132.59088921116359 4
60.956026358450956 704.1132497366079 3
781.3906597491468 231.3474978627304 4
218.1094602183382 551.5242182348669 2
251.1956353043464 883.179162305825 3
23.69416548282443 556.3550573265188 2
519.142879344083 696.0037252397467 0
158.381924350597 762.0542754362639 3
402.00818632188043 147.64829080799134 1
497.2639231109963 450.149064871901 4
153.10141947462483 785.0802761261251 3
519.785143791813 613.1840898958906 0
153.6800976008069 718.563900295012 3
973.3907596518093 888.7701072215948 0
542.7824253677302 688.6815762673292 0
577.6412089617122 373.383779748901 4
987.7110292837918 216.0994531317522 4
677.1861933044692 355.2427947058438 4
1009.3968539089789 916.4130509157002 0
563.5189897927972 35.92381349013287 4
420.01160053049597 105.97666241001954 1
61.4752558869711 805.1488800767344 3
44.101224271571866 488.1643927908439 2
555.7155020654559 652.789677218778 0
119.18887989091368 -88.59004053905366 1
61.16310868777927 556.7048357267563 2
336.6157140076986 142.9321266133247 1
817.1637332467791 156.76222930985028 4
187.27383118895347 42.866039034114536 1
44.91048226621814 85.76851218878268 1
483.83654240654596 692.5704201045572 0
83.57788658031097 -5.120642955819651 1
170.21744293470869 683.4567639485401 3
588.1779413367996 974.4245249189003 0
367.18979859994363 138.43557233045644 1
381.76839333415995 164.60750291041697 1
328.0388603693366 112.09287933538133 1
132.63719745094593 629.5778640801276 2
772.8343701739177 837.452989199757 0
761.4935665412205 730.8323181690924 0
86.1227601702114 34.52155640283604 1
104.04326842261658 496.10105182325566 2
538.448878907734 622.098298611047 0
192.18275982522758 798.0589193990056 3
739.2805008068674 744.5973708113924 0
793.277896603679 910.8441510679812 0
693.1066783130194 744.9330738160309 0
532.5897303454152 684.283234642038 0
1048.9940318531221 894.1749808703989 0
18.889304590967626 -18.532278604519952 1
827.2673994025839 182.1895885222284 4
806.5660463979559 714.2677517164019 0
778.4111282993974 178.16854298417812 4
569.6845747269135 22.241719069089328 4
99.8961141894547 485.12123541047487 2
106.5259040785661 248.49626196685517 1
510.92526198586563 655.9561088896264 0
316.9828798161389 124.69202772285009 1
937.1849115931799 879.7858656240293 0
516.617991391147 124.92567317689335 4
519.6704127356845 422.43925229581555 4
623.6911001785954 436.57256394867994 4
149.1822399997529 464.8007888501985 2
315.7546642280823 541.2111614847258 2
212.0209464364059 741.7432083081827 3
356.8217566587412 69.93720129642554 1
71.46527717211987 822.85249836211 3
483.3221243604525 330.0752770758911 4
978.7313854969053 207.8248804489931 4
172.69324764589132 40.135954225421344 1
73.23681094631863 51.401534770766844 1
828.4408464048898 931.816379066335 0
762.8578345089194 941.1691176856243 0
181.37672671391493 680.9570418960246 3
94.5928595969902 791.6962721806406 3
560.9551901076499 645.3429680479561 0
475.757066852537 111.33363151097414 4
158.5601832052364 -10.866051610943241 1
127.37444101059252 545.0750079141972 2
528.7609939398777 636.7255499441301 0
-20.99159706452305 12.663024446505666 1
386.5817916157887 841.4293439016762 3
111.96869845065136 254.18984877778672 1
164.98825798153536 663.7470936753334 2
308.29723784469275 613.9456471667057 2
994.3557864300786 890.0147678181744 0
239.52874991272733 866.9555482682183 3
516.3485250207505 364.5924821589064 4
1034.2086230689133 942.0598125510639 0
379.2445956262396 174.24369693210997 1
182.23512769421933 780.7994918644952 3
817.1149682867044 195.75147387825518 4
183.31075004887362 775.8799200510474 3
745.0683330264716 748.8766910472445 0
148.9040741120769 690.4247251004941 3
-9.441010556601086 4.357095726736047 1
62.872495323926216 794.5065484075429 3
773.6272341385389 190.25637623154878 4
27.9432250382528 786.6458471816599 3
395.16699907855275 641.5784140546895 2
467.38824021051624 191.34231640561413 4
129.28710708476135 833.7267681689567 3
144.62712143990046 -16.64966990773477 1
135.0720046257368 870.9663154695003 3
1034.8717574254908 883.2054909302263 0
80.41537743130853 456.6066278026243 2
771.8826383878645 831.0750658955192 0
555.5601359322432 421.3247640277181 4
550.3807367877259 107.54490917498758 4
785.4899673622342 771.1588750707456 0
375.81021658913585 81.02729810121147 1
314.72816835992535 142.71113471502204 1
230.2741196380903 602.2000341347104 2
970.5793543816483 929.6665635999561 0
407.9278248692226 146.2361728320206 1
532.8307288877143 44.004097607834616 4
141.4444689832905 576.0325202903377 2
103.42523777656231 829.5311226465222 3
507.8196609753537 434.06763548779463 4
106.64479815738183 836.7986664327146 3
326.36979916382046 195.1749782192669 1
280.5134876786281 581.8422632053941 2
-11.325904090651278 72.83523590601764 1
111.4457339242926 51.92027554265318 1
323.9560570867279 158.23613572595704 1
549.4937579438744 398.47096151187884 4
198.70115311674223 772.1899740109561 3
842.3638900426672 178.77818938649676 4
115.5673810002021 899.9110314864589 3
153.37095189032806 746.2580604403438 3
973.1740750397049 721.8337367908362 0
828.5233853543955 178.59785692146642 4
287.6685689192726 593.0511499425994 2
283.7213368485008 184.55810461764776 1
121.72940211769021 575.0480803266657 2
35.004762788026326 476.9517826081011 2
523.0988158919505 19.424845864353596 4
160.36687270922312 703.8328969394001 3
185.682144716169 561.0347105212738 2
357.0141302197372 837.1406090896708 3
569.4802774424028 694.0292007293704 0
352.7301625339973 586.699767598999 2
29.24527036145937 757.7695256886784 3
409.19965235312094 150.93981708356125 1
560.2784238415877 401.0383249148329 4
190.6777532907601 42.218791161491154 1
777.494945168193 683.9989548212512 0
362.22538478064587 83.03519849728666 1
100.12600417740462 62.44106488126123 1
700.999893659036 780.4058233479802 0
109.50337902673544 456.96499114191676 2
337.46868458823764 844.562468964185 3
432.00071741468787 89.9868410323205 1
660.4779450798969 756.3228215071487 0
479.62839580900635 689.4666926457969 0
997.4670957743551 200.80755764007344 4
741.951534644874 780.8775578669322 0
25.31861473631632 -77.12260673484283 1
1013.0446959335804 887.9835991393284 0
779.3091321988876 758.6361546775843 0
521.4242554873958 948.936661282429 0
122.25411033377318 736.757136652349 3
183.02109486137343 813.4021793462857 3
164.66576897396416 805.043902093375 3
192.51193402262803 818.9132463121094 3
315.6785618024827 560.8867071844785 2
189.0418349677558 826.7805968130887 3
638.2361822929236 352.57183663428395 4
549.6410455557854 442.0568848618617 4
206.55669001075387 532.7235296074713 2
47.09318397631654 525.7227584054203 2
121.41661942314398 577.3578653303385 2
376.87881684751187 129.14464523353556 1
340.8957465374738 584.7046916439272 2
406.83531910597065 140.28005928157037 1
77.17399662383579 787.5931812955548 3
880.3761497800945 193.6228372096445 4
1014.8375009799164 909.102778716827 0
982.106860928713 710.2023960063821 0
117.60074030686042 489.59769435003386 2
331.4899205163458 592.8077365788869 2
532.2496871834172 505.04363104691834 4
87.67419759153492 691.7761914872514 3
1062.1226166828133 896.8733994542655 0
402.41160402996996 133.52017203533126 1
688.5493730403135 473.07995747682435 4
735.6974753581843 749.5598780047017 0
825.2101980227543 185.38540316979788 4
47.780294457442366 777.9218304877711 3
222.86919780400154 816.5739957042983 3
179.60860372387165 697.2662229957932 3
738.1279494945896 795.0224922631656 0
545.1465010372526 599.4617470834102 0
110.28590134224277 786.1981668847908 3
415.0689707556191 586.3728117778744 2
854.8723413590205 874.4311018452399 0
351.37069910690536 -7.56451418302737 1
817.0251414077244 910.0656367123711 0
176.85125481902324 531.1820378585002 2
149.75111642859315 519.0601409667215 2
996.260499100135 197.24736947481588 4
219.6954913118593 816.8725873073948 3
788.9611556367022 883.5859862047085 0
313.6405020833366 123.59470405048513 1
359.6638294152683 837.079214873984 3
691.3595160713744 819.1696771205795 0
485.5688885477752 517.6079731952578 2
109.66571792205147 634.7822863799565 2
178.6375983236655 1001.4034309359477 3
721.3432208790222 794.3501186770412 0
180.2557411141775 794.1203538741913 3
67.24734821715326 -18.955736269305852 1
80.66471813899022 30.92211165523873 1
476.2327527515274 333.3824508316691 4
554.5851093753007 385.0379241155554 4
744.1997494569875 673.108438227607 0
132.40677798513195 88.96834894100624 1
567.311901107261 8.741482094108978 4
526.06368043386 735.9151421182983 0
558.0590179505596 656.241011485356 0
254.92789269109429 784.1687215762847 3
527.1784220850218 751.0426109199159 0
505.3495963886208 708.3193052375829 0
757.3682305289495 707.3933858259234 0
110.55083117376753 567.6404915015629 2
503.2646715049061 681.1037093618847 0
436.54053586701946 89.97090190389459 1
744.0890377030892 751.328024039184 0
833.3047278478207 201.70059828476354 4
558.728826939499 589.0186888041297 0
532.4501982283683 418.68887389736824 4
643.8749352064037 317.9165111510436 4
161.67707004823853 79.35475881149524 1
112.80466278684307 31.68153482196766 1
244.5147556683706 807.0832229827698 3
734.329153275657 835.3401195784647 0
-2.0558675282801033 18.661672699851522 1
512.4563873667298 419.4493175189315 4
197.55694361878375 854.8178515036715 3
784.3271691373045 799.051153469941 0
308.819615726583 99.61863089129852 1
174.68266978146065 740.9656531576745 3
214.04194816766892 638.2493414720309 2
821.4264149420893 193.48721069536924 4
485.6536813911773 747.934810851032 0
128.25756241730954 575.7698662917567 2
76.63966722445534 33.904688058366105 1
28.3214681386169 782.7231259409964 3
190.32082764659805 834.2843708341001 3
264.18360256552523 206.23595667148152 1
776.1148256972899 705.7638949880679 0
184.15177604768988 904.9106866427031 3
694.1707576814094 763.493279317433 0
799.1484224810698 909.6875120495905 0
989.0749032068763 899.1568943504234 0
269.5537390973586 65.80394303511244 1
117.91068075191386 621.123379101091 2
755.5773524904307 941.9364796204944 0
548.0087194521274 426.4874666816813 4
997.8438561664134 228.07247260580365 4
220.745968982215 525.8422331785257 2
746.9261381738178 755.0963434396393 0
820.2806435615105 685.4841299493104 0
530.7849129483275 752.9304545249898 0
91.89865758155901 116.72897246030664 1
440.704192343946 286.9680377695777 4
518.1831575072648 716.337327169373 0
183.94218168967333 797.3836720362334 3
469.4648449643022 -0.32629491355680784 1
319.7087669405106 688.5488394562178 2
234.83335938200108 791.6816289700274 3
771.8607695071398 719.4043662604577 0
447.4059720573049 79.07860482963588 1
848.0341333232521 869.1551191214901 0
194.51666089229215 844.4963324604697 3
885.8372698199555 906.7539837617186 0
72.5863547664203 -3.729527467303896 1
156.08785819146502 723.1802919969227 3
442.79416826094763 451.4003147157188 2
848.2094467651758 176.50081816160716 4
65.92624516824472 815.6576502340728 3
540.40178646396 635.1359282373362 0
291.7171959554978 638.2850565277084 2
709.0354265570774 629.8160298925955 0
390.8833021465897 137.66828728501318 1
599.7978587978793 587.4939883306533 0
782.9361464555991 683.1817744995526 0
232.8029282877959 574.3579834512602 2
179.18045028977951 819.1256261675063 3
59.914508572792656 706.6528188550614 3
94.95666051801649 3.1778114154577217 1
1008.12553866544 883.0784984795569 0
408.14710944900764 195.15704612203538 1
756.6673149332595 994.2504596847745 0
201.7944324149936 796.8117194490036 3
770.8687065761707 728.0141281099749 0
143.07586811608016 508.21257070385803 2
145.29883720011392 478.31184830061915 2
984.6989353921194 836.3318060400908 0
742.5425667226873 764.261924785284 0
873.1219042632912 173.67852382903067 4
264.94280619650385 721.4422565594747 3
128.32290098470352 624.9134444540579 2
365.84102539751837 865.1381263465262 3
85.44563316300277 20.423529009597594 1
809.8119447970232 904.4847549189006 0
849.8255495544541 159.5613015162931 4
479.5582752825945 929.8714517585041 0
79.93310997391063 521.4985336931231 2
991.7491387760792 710.735990349077 0
349.6693252947029 586.4341912700148 2
115.52878715922164 473.3703057555802 2
737.063060138925 739.5729488321495 0
251.12362315858815 493.7949022030872 2
540.7732345296298 500.40645997264903 4
40.45224547934459 533.8805656745408 2
778.0699273337708 738.7291520030328 0
132.83754752310287 773.2149357182521 3
733.9921821713698 680.0455525060452 0
501.1128702283816 865.3608518795854 0
473.02757199083464 -2.124879526587165 1
788.3687361988368 752.1153620225468 0
323.53493939066203 532.3340375101451 2
243.1886543306465 914.8077607011523 3
765.8322568542472 729.949125091668 0
107.96463941705491 273.60126772319546 1
200.83431836269187 -14.022554909970225 1
377.72084462983753 173.73442908637216 1
814.429562311017 201.7623673435244 4
460.26305216305553 716.2728279649394 0
292.0996046426825 143.58441271859644 1
308.472414138094 199.93638211945296 1
17.38565824537676 790.6932401611234 3
201.0638053700005 529.5639051706778 2
756.3662109339114 733.1147754115107 0
975.5945942878939 221.39312338129463 4
119.22251846957424 748.6662892274093 3
146.25510592128532 781.4634878367375 3
705.0234654663025 359.86877989205794 4
803.7273949626803 183.06427080305727 4
567.5233593715832 368.91489466893006 4
520.5991296644297 690.2884495282427 0
132.75914634824022 60.163713000724606 1
959.6559964445753 899.4314148134691 0
544.6053976398682 333.20478250936156 4
106.72673649706417 562.131047515114 2
27.620785826025198 775.9868113924185 3
751.798270983807 938.3679018150203 0
1009.5926880650003 897.3852066081856 0
812.5438022998775 181.68955031453152 4
800.7810404142019 642.8396390008548 0
130.98295753710266 -55.737610831496184 1
501.42894029880284 952.0293970121741 0
235.00465904001751 869.9059970373797 3
797.2887248053981 792.2664076471244 0
466.4624020729533 448.52781623037106 4
821.9437111041483 935.5896924261052 0
548.5768733975787 25.935673531863028 4
660.375585803255 769.1041952651174 0
117.981024164843 52.00657721982305 1
167.0918052012729 19.803323625343474 1
248.92073357196256 796.2651329191539 3
989.0582959564408 883.3249996988934 0
379.5309114780409 149.64716266454647 1
968.8899527641015 702.3470643220402 0
103.32041427557887 21.99515063158922 1
344.5350564522083 697.7620042240645 2
428.0011583284339 54.20862816408888 1
167.45537724239458 693.1607581775812 3
363.23468775286784 847.3096509032723 3
976.0659997312124 692.5800577292656 0
536.2430157172291 599.9519558331142 0
92.30021879741969 4.910269249474597 1
90.26148303382271 776.8320666988717 3
748.0742308814104 775.7504984215942 0
282.95701541120513 525.7877473705485 2
508.39280420525523 701.0307098262871 0
397.2790548039111 432.74770004657876 2
262.80723007329016 712.3911333454326 3
852.2649187742584 984.8110391148344 0
566.6480440588952 615.4969263003749 0
759.6630970666051 733.4802867489019 0
365.92998353880967 148.90676542029172 1
558.0602252148724 636.2789877774793 0
615.8382952584888 463.2584679660425 4
106.93113075134008 494.8355865766573 2
477.4474692103193 316.57277820377533 4
537.047503259452 376.3141192229652 4
74.67138693544028 539.3481491521808 2
93.13459068108361 37.543609867798324 1
826.1258203338888 228.2435206375068 4
987.061649008687 214.56710248045601 4
547.1361455011518 652.0591054249 0
897.1822885886723 188.5494323330773 4
230.24730371725843 467.2200842647285 2
191.31217412262365 1009.4262887105627 3
843.965720777661 186.84614156415 4
155.5027714000817 578.8281873708597 2
397.81570102130627 148.36416942148546 1
148.5986031345199 752.0484005929635 3
961.8467580011246 703.6417872302201 0
352.3290678024655 98.1504736898579 1
34.26361075458509 828.9946525238726 3
58.738146495179606 610.6749381936415 2
479.1272481424218 450.0938295045431 4
89.96605808276519 831.1349344103878 3
306.4305935293053 624.0933707320863 2
510.93526969384254 683.4118924208983 0
372.7107827019162 580.8715744784201 2
222.07497416467962 730.1454373081867 3
529.4940262404443 626.5213768911243 0
74.09529234592665 81.99106260301905 1
93.9755101075329 816.5824239510769 3
99.5671076873975 467.5753121720043 2
820.7742752482642 855.8949136429894 0
306.4299770268405 177.00278815853198 1
127.32792945057308 553.6771734806421 2
408.9631792936888 649.6740183893181 2
978.5196114898206 186.3069867444492 4
362.98163073367243 156.22741408921274 1
133.3721814514911 742.2826221614433 3
579.6527409771755 6.813907651317798 4
836.195432587661 916.2785698290368 0
88.43853965224383 524.0118224181833 2
1008.5575429182813 224.74478577460192 4
283.5933299061319 705.9670691869367 3
125.33031328008602 809.3399539727783 3
555.4550474439319 596.8697806220734 0
162.12594141254814 802.5752843230832 3
293.6077543806813 184.72366824939496 1
547.0707930513903 421.17635505789957 4
228.77286042918576 806.2485813594607 3
39.92692778881413 78.07361047655345 1
720.7421740466973 673.2318217258269 0
844.7266787331258 220.48529954626895 4
643.1438059440407 392.851081146158 4
744.4502270339934 723.3951407471498 0
31.001745872043657 469.1483250715217 2
2.8332161016111286 -19.069106129184224 1
127.68984769534852 582.5711769977804 2
115.32671319698414 95.95214766691616 1
260.0545717729175 539.9016585805946 2
154.3183449295575 668.3063820310515 2
720.9674573324309 646.9984608922919 0
841.9879296590574 898.3221868945766 0
986.7652118906344 213.95036119031337 4
739.5084072401906 973.0372812245726 0
550.5348043375731 3.72303658980883 4
307.67700442590825 139.31647894635788 1
80.09508674140896 -5.511052267346949 1
153.89338723662289 815.2879611503612 3
121.07849352915085 840.2946650664323 3
836.7576456795503 199.8765559347672 4
293.65162551377654 112.61201618879744 1
611.2783195846077 422.71564404896 4
994.8666626193234 224.31042526687037 4
538.6587584430282 374.2973547818929 4
518.5706104198281 949.6028474990991 0
908.2166887870699 180.65057124745613 4
473.9136801333081 461.5141281124203 4
431.1104505318738 568.0034887874232 2
206.7329970591408 803.6734142718923 3
397.0374369997742 147.39337007819418 1
166.8324700521133 779.7774544843383 3
496.61385104241947 466.24601415629905 4
912.2602960753427 934.5641771138766 0
206.30206532727843 637.3317102435232 2
8.012129152527194 483.04517725468656 2
281.3669282461716 709.7172115209312 3
151.9312384624788 466.86167424546267 2
88.9149835311384 266.11625360294715 1
590.1365244957694 27.241284698698635 4
565.1812375232047 692.5263115563342 0
189.03567290192245 800.6154705008989 3
67.19979224645604 47.02437509402273 1
448.14357868664206 199.42659839609473 4
85.29482298718337 862.449356191219 3
411.1311939071077 111.6212793626855 1
648.9016317723471 756.0724743026566 0
216.33441413963874 903.2587261615464 3
253.37203871292 649.5538241349232 2
794.0167561302137 732.5290764525114 0
835.0840336795642 853.6240664004168 0
930.4877579724072 940.8723438714809 0
511.3806988029627 923.6834359722711 0
185.76812811624345 795.5787265088455 3
161.32413848817376 504.23880324159603 2
825.703099656907 158.43774520901513 4
670.8520889475265 537.9589380842148 4
136.39754885811126 833.9834908702459 3
100.73364389157716 412.75309132193047 2
558.7032070346964 562.1488702960412 0
151.67397248715622 115.39409510899054 1
271.2304205632171 777.4547000948361 3
693.1087806341384 812.0103041899872 0
89.63221101926702 507.4960529298559 2
116.92660515521166 489.1713295680806 2
261.12598935097867 740.3152147412836 3
185.2034135600626 802.8533470876112 3
133.8963015547069 920.7029939308268 3
381.17027501336605 594.164836667558 2
515.1653689232229 699.0102500308219 0
726.3573100486241 674.8546936114932 0
784.4250564011855 785.9534988592203 0
834.4118377114796 159.31000011734346 4
38.81616441415642 733.3992989629833 3
131.26833406915418 464.1572933370546 2
792.8036067935512 982.7199897801 0
312.03884236288474 499.32855192269 2
330.8797005199596 39.74962036332401 1
795.3597891574734 909.8334634122498 0
289.51803234824973 710.0354587399418 3
995.8477650094012 886.0438796581765 0
821.2333879785382 678.1204871039548 0
114.00009142014758 420.0942809735066 2
344.29568017953954 594.9979355742514 2
691.8839536354881 773.4977095437105 0
480.6768116132919 705.3573104168271 0
189.29014136717743 802.6982497587553 3
1012.88663594918 854.4551946251086 0
294.03493518281965 589.200279653766 2
479.19770349493376 735.637834499109 0
524.0204692211606 697.5130067189076 0
493.7206034661553 833.7233536216727 0
247.69006268074392 178.0641686971134 1
61.841888649142575 63.70632283882284 1
194.47751975778908 794.2306734507545 3
751.1189804867148 733.4289341737611 0
87.36003600335987 1.069594162070394 1
119.59427155399773 -14.75691634405451 1
1002.338260707082 839.1523227212111 0
522.4095922273397 982.992570845563 0
804.2990234729028 187.15017597029586 4
108.76029215219013 905.3364911890773 3
1002.7452036715043 889.407854961206 0
133.42435190809803 772.756347123953 3
134.0163172880053 -97.31988005376887 1
741.6952874478108 780.2289946847259 0
177.56243899636897 576.2879681154496 2
1010.7411913395823 856.425873109096 0
756.8565985571098 179.92885283270152 4
765.8253990007237 949.1362716418199 0
597.1128872431411 535.6802813017107 4
282.8200127218734 565.0092049515655 2
358.3151589904995 147.7450944082042 1
150.69812411154322 786.2249077572109 3
113.37806379435186 235.83510826317308 1
86.90525730135303 15.016329406737054 1
417.2547792350986 148.26307383510755 1
122.84062991939396 485.2061984466365 2
327.39333522386863 119.35003710004133 1
116.79977456868758 902.4184870194803 3
719.6452635965552 829.8620793334993 0
374.7801058897595 180.5082868680003 1
216.7312009445985 619.8833017495983 2
787.8937094014735 167.1553673429866 4
569.1182878439756 3.1344574123786657 4
595.031414625071 973.8142724422818 0
758.1729892536608 791.0593111201322 0
347.8732136965283 143.18847104854484 1
531.8505395140037 592.5634061995244 0
855.3059231056695 246.33629024896754 4
430.8076221800931 94.62861553572115 1
347.46343317649416 124.77091743536052 1
164.78990039813115 753.8157654578977 3
160.51166611778112 756.2213478159231 3
530.55673525186 702.953744395881 0
571.8729217428967 5.985159601867165 4
792.2024172440679 904.3159223749706 0
330.0357798887228 593.9585456528022 2
50.71755915628165 486.22139449806303 2
985.1958773711258 914.4579827349736 0
43.63333440231505 760.5630265697446 3
522.1389336832336 721.5017713222318 0
222.45224800051443 782.5921662826161 3
735.243578221623 779.3480353792127 0
978.1264589232918 207.19146650901462 4
984.4326590620656 714.5091952740288 0
297.3703916039259 804.2183429599988 3
86.96523981174441 35.19030591076067 1
796.5799164772247 659.3155062809208 0
432.25745574693144 107.32654953974604 1
76.74550491339842 543.1099549414289 2
69.97721621198089 -18.265807042188335 1
867.8969132065097 248.1097002228051 4
836.4604923052561 866.5155628224106 0
180.341093748234 825.0091052527624 3
194.8147044124101 763.4281199174056 3
181.0320892266052 822.836529569246 3
358.52316531768156 123.78822186159579 1
1007.5022765079145 880.9139749410235 0
182.9855304890306 988.2617226830168 3
84.35932725904797 19.845631162185903 1
527.0356015836574 985.1956653118407 0
147.22197312836553 707.9511577769583 3
416.3926081116548 628.0328122382228 2
454.3387292704786 453.42745114314465 4
676.1495674417349 336.054826919859 4
115.73508977147446 257.508138744614 1
476.2469111830953 627.863698985103 2
129.9563910212437 508.8219453204883 2
788.6351400735637 906.9357592183671 0
99.4648857372748 93.09289239600113 1
551.4900676757103 29.929798151752383 4
674.3385487317748 524.8105666040192 4
810.1721390126411 929.0416018859119 0
224.80757036255602 758.1306100670016 3
327.0572721454998 608.250165905697 2
747.6832907987502 713.7843269811578 0
389.80767537350346 36.877517914056156 1
321.46395553268115 146.6278631972924 1
461.8903629459031 728.7352326557452 0
335.184853049763 587.5924617009298 2
802.5181160815781 232.9451809968131 4
431.24135178446744 247.28336405314414 4
18.752174352204676 75.5924378562897 1
325.9888660210849 159.71278689589 1
749.0139040595757 770.1558316166012 0
130.0322611846487 517.5864829251457 2
167.9496195730566 473.72989748541136 2
338.03560217563796 176.03935092109754 1
200.7189013165174 931.0209655507581 3
566.2502287904081 592.8640931452476 0
30.961904801344396 787.0206323574407 3
1003.7763027437809 222.73105175591968 4
291.12331404908343 723.4203314166568 3
835.0276424712533 956.724072200977 0
346.01488591368684 95.9442168071329 1
114.76674390472125 264.4923024277106 1
986.9431240532728 714.3009183154747 0
82.41115107140001 871.3076187419637 3
26.83428815324055 -67.29326639614452 1
218.44382487696197 912.8912760344984 3
815.6005094553968 825.4589845625787 0
394.1305510056401 524.4192110290707 2
551.2409910178582 15.288471727174544 4
462.343154425565 112.14222252907706 1
116.63657539585988 262.731736879645 1
440.88794548094177 -8.257313959125213 1
792.9253741456986 806.152860836632 0
155.95321823384467 578.1384090590532 2
402.34749490482886 664.2636553068504 2
26.356134241835797 780.5760825489403 3
84.82523040676088 29.62669097415397 1
112.9588028645733 695.3627767778969 3
982.8348822158283 870.3217744574325 0
335.5316643629166 513.9912016105496 2
291.10338004313314 214.1422038679562 1
193.3367785304013 804.2877168271399 3
293.63594143203636 72.88780704881391 1
196.95683678401286 820.2212138139973 3
161.67015136809206 706.3173469283932 3
789.86103007293 155.8770850079376 4
750.3347515810208 725.3173292211043 0
553.1614807017484 624.2321447504941 0
61.26514009174449 -21.467127367372896 1
660.3578653315063 749.7005805483301 0
983.2847801422779 211.49102109403591 4
117.59679056026712 258.1045615718124 1
392.23223239791224 165.39776747077042 1
567.9169998722564 400.1353764526608 4
53.676619228025615 512.847299819878 2
947.9314162509735 930.5042882034686 0
544.4305738383259 617.9293460054614 0
90.92776375388618 3.850527919157713 1
378.34606925828797 301.96002112964595 4
114.69959634301225 476.73791198162115 2
120.63443826954312 783.1861867740204 3
269.28313312889145 780.9843619752978 3
435.5889724407569 577.9387922415588 2
177.7328629322393 741.7618289522013 3
173.62238604755655 797.0582253388984 3
794.1003514481731 973.4107570044459 0
393.8496853424347 144.76859061278213 1
766.7004398313019 735.4688265194492 0
440.64841916723515 560.0376381349455 2
191.5799889795962 653.1309138210314 2
27.49405215396007 479.69500106057103 2
539.3076636877413 693.0510255395701 0
61.11346461744645 838.759888872205 3
105.9810657118962 491.77887541833286 2
338.4129248380262 141.07263466218478 1
39.12580399114647 778.8437532337438 3
843.4895070059418 938.0406970256297 0
497.0220183123347 17.43075069174523 1
518.0877422722094 631.1815042049998 0
95.70590317855914 -11.643751517604773 1
606.1367772134714 378.4464471824074 4
714.2495101051093 735.7242389439075 0
198.71925429089455 802.2480415525935 3
850.1829369593963 976.656203471775 0
979.3799262610406 708.0693253527907 0
290.6137093176926 582.0623242924783 2
127.03867495410283 877.0203303916747 3
100.76173190281966 909.5030862867596 3
135.6481815115271 767.3693800203811 3
825.6488075799837 204.87892938961278 4
304.03254249380495 150.7077379019228 1
406.2399003558969 477.6916281608795 2
755.0588547385034 920.7427953170351 0
777.8201941478299 761.7223204801317 0
57.4094569649982 14.843762154747182 1
503.56682190651327 237.36980206539573 4
181.65563447061268 738.4600757036098 3
856.813167009678 785.6918244148571 0
219.82757941948392 592.6921338123974 2
140.23631232661404 766.5001093166792 3
322.1168097690867 565.4485919152607 2
781.7198784080192 848.2820200834127 0
113.30568225932706 490.4141078055513 2
113.43810880327513 857.6670046344908 3
170.71205831371626 584.2976273942493 2
552.1848652603235 420.17382657859713 4
113.45299086289612 69.14238172319186 1
549.2976203372134 422.11950045606096 4
604.9697036601558 990.89920335222 0
546.2717874107706 417.4462889686825 4
-10.799550672291048 18.010019440311588 1
111.73772544619398 891.7837753165801 3
511.02619147595993 935.9932466449939 0
554.176917281029 739.1442047002863 0
524.2095067569087 695.6655719580408 0
597.0969853258686 967.7753702679182 0
49.487086908885466 85.13672783162293 1
20.02637479766939 556.0287551111508 2
107.49195455347999 64.7828399310059 1
30.499578287768514 582.7017169396677 2
120.60453407748156 866.4893269529845 3
124.24189237173312 -93.34274750776406 1
235.70701141743683 541.3441563275481 2
149.11273807949297 719.2585053255367 3
183.03563099382887 1004.8308093890612 3
1028.8939155802707 896.7552179919804 0
327.5363834384679 630.2521955574949 2
176.06840226313116 983.9186468025354 3
347.6435017621975 613.4720169113045 2
809.3527067644994 190.19426510857954 4
408.73971717866544 611.0045254518163 2
114.21845029114213 901.8887972950523 3
437.9663059561966 349.90545317054347 4
154.25060656853793 827.1862494740859 3
991.6321955058937 930.9102561329524 0
324.9141289248071 137.46851144346468 1
119.09491567302409 556.3739378464624 2
187.94753715732458 457.67586021928287 2
712.2700698374263 439.13571719429416 4
148.95348195657365 25.279006758184657 1
758.2247743441521 813.6759234272605 0
225.19276768558547 627.6849404144896 2
26.494460808685133 579.0964119021369 2
183.06743577211358 864.8246044652858 3
128.85922011350138 769.908719365424 3
336.39886454608154 550.0146892807711 2
967.2074307367365 879.4468003257382 0
534.9417848739399 233.46103446657375 4
311.6836997440834 754.4616805965526 3
333.35798574978116 97.19990625141644 1
337.88011218190525 157.0168024706545 1
146.32465381098004 760.594454620569 3
349.21416279633996 661.4578563338544 2
101.59000075071945 873.848121620038 3
648.732675308321 462.2589224530652 4
491.2653171942315 526.4207227882292 2
170.4308101540094 774.3135383748239 3
372.20686868673465 836.4109767883348 3
816.8244022128086 938.8845931559831 0
212.5781022534816 894.5766139378799 3
668.3328071194999 443.7666609262026 4
487.2862387013552 850.9031136344827 0
223.83435007667757 779.7670092664885 3
266.0882600436779 746.4215566579724 3
95.82575858206573 509.9933352730388 2
61.71538824347289 592.922800366176 2
665.3006653790914 751.9438786489184 0
503.57162488845137 365.14089046733784 4
135.5475471372941 527.7854428519759 2
212.34039409693565 875.8245499778517 3
49.09396093676983 482.875201140377 2
779.7899961386962 731.5237619784434 0
628.1708330284638 422.43845744716714 4
278.4065464401707 881.7395901294561 3
14.073984068872505 -18.49593199015764 1
502.4269783557114 28.481649359956762 1
221.2755704915051 724.3701749948242 3
835.8942949094691 973.4504944896152 0
385.5868965469702 485.1516646365993 2
776.2663739677799 980.9986756609476 0
114.23172760092075 500.11376378007486 2
785.0163535187834 906.1041469609626 0
178.3572263966473 796.3804986064921 3
999.7960579658136 929.5483502055667 0
376.86406175656015 839.601585812005 3
1013.819418571607 890.7812085549338 0
543.8477395744626 427.87365247096704 4
503.0399000974364 641.5539139519868 0
723.0770520282088 649.0776276650583 0
319.7500413391098 145.33500277975162 1
113.91915003846384 893.3988712801834 3
776.9398969476903 721.3994987182671 0
121.83711122312215 495.00137514279334 2
117.82241919540428 -24.721579678728418 1
87.24329407623239 505.28573661765756 2
167.3659701516748 743.4961090923152 3
73.08213429474785 13.23193419929914 1
989.3443467763935 930.0549257223138 0
112.01970615265883 500.9896737582637 2
109.08546471223914 841.1315026114887 3
771.4122858037368 761.289551863934 0
1013.7865463839689 856.7882354673193 0
521.508137150855 694.5583897435272 0
842.2451166448601 130.89765213052172 4
142.08744987720613 512.9295705057073 2
512.6595438703418 461.85817667096126 4
983.2266766087383 234.14898230906925 4
168.0663558513357 793.3843674596751 3
113.74334318601751 59.939732275186145 1
352.34340024202766 123.14103019375068 1
790.705364854522 806.3191381177697 0
837.3550136288396 173.23225401928292 4
143.498624353624 92.9267045316394 1
169.53672212616166 19.599433162480203 1
75.20309942188413 547.6339633558486 2
93.8811706600949 -24.11175131946279 1
142.50503884843346 769.8930385309151 3
380.3735731601116 47.75194604530114 1
554.596756388771 396.06419225187886 4
832.2222392209605 170.24389895148073 4
24.113645190438465 786.8437149743669 3
826.6025575317365 181.30185528263743 4
986.5484774964792 906.5771326419679 0
355.2508114630625 829.5054039060165 3
399.15090457985315 91.68924969302408 1
738.4047236258472 732.8460644962397 0
78.03834583022206 467.61616818938563 2
521.1175015110568 523.7618221346194 4
743.1194091839541 877.6752437786741 0
92.73182299702555 914.2978032599777 3
120.78180965313646 922.6151172810316 3
172.4776143615087 824.3538064159637 3
400.1861147200622 354.747423937717 4
120.90988348804103 -9.916490981248153 1
626.2699351359952 315.4013409319897 4
901.4173703330505 184.33606858559136 4
127.21895895241904 882.920609818658 3
432.6300893797244 110.33307784101837 1
411.4385950955552 236.83021604245994 4
800.2020960608783 921.040315695124 0
536.053285723219 426.60980621128687 4
456.7300397630754 326.8083394213538 4
364.27702159853925 122.45256534136283 1
70.82494299459029 520.924899466521 2
791.3098770750161 182.85522354777837 4
-7.847530727198716 -56.97548033282277 1
388.8063190003071 828.1741747839317 3
190.2855349209713 801.7019473689884 3
920.616295480136 926.3797796716335 0
751.1939810530805 707.7919037230787 0
77.42061573723174 120.14834776765153 1
456.3224888338365 62.15464338064221 1
836.0432612408018 210.03012032923172 4
224.63714232116376 795.8361974889638 3
753.5579049495333 753.3964480423112 0
540.510634444112 13.117614545046665 4
552.7844012796553 53.78923790537131 4
111.2133781239419 501.22016958153364 2
906.0116391418373 185.54511503848752 4
46.26401424893916 68.42957400045614 1
728.5293124068082 705.3384954821346 0
54.11993942677693 58.56891587161333 1
175.11237948217743 792.9596695572603 3
523.455182937673 987.3800422708113 0
677.7862897746606 741.9815582735379 0
47.44862689898325 545.703355429514 2
441.7706674057622 100.68114201547853 1
184.73188573980767 798.2196717821098 3
97.95596168561754 18.78528003225276 1
573.2783930527042 395.41573191733727 4
505.6770537323004 651.8262137510832 0
198.62172145741087 755.7891819113124 3
223.67899101704657 536.0047315096817 2
134.1128755506134 714.7856294266966 3
845.6086928608875 233.45383581632595 4
332.78502330970036 133.8770044269677 1
654.127560230945 780.4255947097774 0
53.16732413110948 756.5610352078367 3
797.2608467895643 236.3629530509896 4
195.71976922004333 779.2573196255088 3
602.4969394088147 512.6794307123487 4
194.9991792013116 722.7911793562392 3
653.205796395852 759.8757763685236 0
103.58752503844912 490.06917015238656 2
483.1212311563107 690.1193377017821 0
698.9155845633936 920.4170138851409 0
50.75532025362352 491.20275526798974 2
4.495402504507496 72.04956457138059 1
121.01007425676256 886.8978814676029 3
855.7917645431697 967.5864258032744 0
700.807683494488 516.5214746973152 4
213.23653262448653 819.9333561757427 3
125.91324353932576 835.8349764615498 3
357.1091963891016 124.9079658209248 1
520.3901227719819 478.3608289269372 4
391.91291597771146 145.8069533226729 1
341.3822529375333 598.5605128024112 2
395.20002930727514 149.60254283745562 1
464.8414876383081 143.0951116135267 4
794.1294155713668 908.037426968711 0
99.6090683851982 493.64649418516825 2
381.38507594999294 190.1752871935387 1
126.25627275230788 774.5437427864724 3
761.1976543591043 753.9187074356227 0
110.97227545411155 250.63262720662607 1
318.440396920448 480.4103403273407 2
177.05857591946773 997.4898719444611 3
863.6369023183871 182.12525065114252 4
793.8450371116961 918.4642128638172 0
87.50335019271094 77.76283526548022 1
114.45553378897313 265.4580577872109 1
1052.629656804928 880.360909333066 0
862.1234661995338 919.0995175055099 0
129.9417590140286 541.1238564434663 2
116.5625874418198 756.1605661921178 3
164.97344680057276 754.2067194083745 3
579.5825404947087 581.6773996867134 0
706.4818256124508 807.2124524464261 0
332.11837957025415 638.4240792315908 2
107.8758684438323 14.477415122226393 1
162.18234173571693 782.6225181883242 3
168.96824209978772 674.3257986512813 2
711.2465530231259 832.4358530378023 0
115.66367488588976 559.3924162094843 2
214.60774475871736 894.2353414734519 3
508.7945804257441 638.9208738408286 0
157.86962719817197 2.2186314189247867 1
129.93440200781498 764.3984101692911 3
397.0779050233896 142.03641112332807 1
188.1247839559564 547.0528804232051 2
133.1024246051594 797.0749528489732 3
364.4188899402025 162.6734872131057 1
103.26592689267702 32.49307224651564 1
513.2621107655968 614.6995908177661 0
107.04284645077972 94.40730384129887 1
835.7800428940651 959.4842655628677 0
96.56150345806981 487.69433783696013 2
828.5134828353101 181.9864288556673 4
37.39215864956705 -71.1593617126057 1
803.1223604825692 775.5231822029828 0
173.89060614833338 983.1253823982655 3
126.2069081914303 46.773944108256835 1
782.8850751089578 729.9777234709657 0
450.43448801267243 168.78557131076352 4
208.36443411694376 620.294221944825 2
479.1438062647165 492.34735686421664 4
32.05681075211565 791.4438063254205 3
341.1189830903257 655.3296590423438 2
1006.1506214429561 708.7744785468503 0
739.9310033113594 788.4830999588398 0
718.0622585005797 776.180297461651 0
116.39484742599433 453.5346197675893 2
722.550139789817 683.9460488876128 0
433.51956633659546 160.72500378536674 1
100.51502989486532 11.771900694502463 1
380.7774715034924 567.9053347176593 2
80.00746778969139 506.15449082080283 2
182.97740082478413 786.5926438350212 3
732.6049865392938 650.4525482747486 0
202.51445313658866 750.9994454252547 3
771.4386224043359 155.36048388651892 4
757.6650956158843 811.3386752048001 0
87.99001886828344 -62.95190702271297 1
478.82684332332434 441.37583029028707 4
1012.7950308385739 211.27559800372237 4
472.32091358067237 20.868988431431987 1
101.08145666934621 62.40038014147302 1
511.16685952784684 691.710112571888 0
719.9053481838391 844.9200587842535 0
830.9552975748445 220.206458059996 4
160.90936149009917 -7.98978236384529 1
456.05415063792526 63.808563118961246 1
184.65886866171385 792.4133794623244 3
315.59034696815866 707.1879317671064 3
530.047881573264 986.5697666862458 0
612.1364522068516 531.2765503572775 4
422.89011823959606 69.81132833029602 1
437.2328139621044 634.3549410834293 2
135.43009194646913 776.4543700018678 3
803.5286096401707 912.198892899596 0
775.4291648279539 727.97514228988 0
128.9697179887153 42.372371190382296 1
410.785073470216 266.6573685011932 4
719.0141300443071 634.5197447328887 0
371.60045998264434 502.5585843415867 2
199.68840648418987 792.6853418522383 3
479.1656497934993 849.4284974802761 0
702.4550392468448 657.0370460215715 0
455.2689988115712 518.8667702741483 2
845.4975665060514 178.20463854269192 4
588.1347479680193 641.8198242061585 0
216.00773570553872 810.8018407827539 3
718.589169248522 649.6993727674874 0
77.26780058277326 21.502936472672076 1
150.4703921820053 871.8513709490173 3
764.6606218819953 757.9757024974851 0
306.97296873076647 103.12880047607388 1
140.69601900452093 785.233189703259 3
195.75267903089406 576.6910867903451 2
672.7320236934742 760.2690234864227 0
274.1799641789622 99.47597171959251 1
330.06323296679096 504.0200180057142 2
150.1753462500382 612.8219760273963 2
150.5815162520957 767.4378708860536 3
91.08567123849647 598.1349834624982 2
152.4283844057259 577.1547829887049 2
475.6958432129129 267.7795255312322 4
741.7783092217107 787.1210725529703 0
505.3713125843856 956.1692667027727 0
744.9310225772464 720.3090960502947 0
576.0976851476701 23.694936619334037 4
534.8867557822589 325.31733846946855 4
873.8252321309252 152.17375325295785 4
426.34473123396975 131.11727493129982 1
794.5771058879238 910.1196898884751 0
575.3012811462747 -11.858112453995599 4
178.50272889338274 805.7980499317315 3
750.9996750933923 799.0156084087812 0
734.5868886822411 778.6307869139579 0
416.8348411689839 74.29539074388116 1
151.0217533718865 -68.8482472032274 1
300.80026494833555 102.32198872997826 1
459.6784721170813 458.57093883761235 4
216.12645593514472 770.0025629591885 3
788.0362185534241 915.4386300001662 0
121.76662573609364 488.30519618264105 2
120.83333255927417 509.1145805486354 2
354.3014140182817 144.18642511967204 1
473.8316556635357 857.3501288213093 0
107.01610842961895 776.5604700850488 3
428.1342029621334 90.21244644784069 1
485.8364681204171 850.1557180639044 0
558.2848796165047 280.2977138073003 4
633.1920767640678 263.7189262991815 4
186.9151418936184 822.2262924349604 3
335.68711912033655 591.4880026675505 2
844.5179630027003 765.2230275975547 0
469.69664232180554 446.11395346169326 4
104.49225643790618 20.096189416906192 1
1045.5221207437053 857.8741741046946 0
316.2083052207877 267.2311363519795 1
711.5196859210417 827.7695305431233 0
312.2775031139554 542.1995740394009 2
511.6949002972559 204.6621149712983 4
138.47279533350695 770.3233360208145 3
759.0355149732069 709.6901315271513 0
1021.4670570394595 884.924746553852 0
214.62230784563172 835.2802610994901 3
494.1092304659062 713.5090172916275 0
856.491630019233 899.5490811000867 0
843.0124689948187 686.1799359643235 0
763.721101988641 948.6201538213819 0
140.41731206847862 715.2996547852307 3
548.6720756945551 157.5968209598063 4
457.7665586019704 302.62639650343726 4
110.78264745389997 481.90351460678875 2
61.96602516210139 576.7586827921458 2
984.4598924888722 706.5884996529452 0
764.6527126956915 950.364114076114 0
176.52125381462315 789.5265629027264 3
335.76531308119223 143.6934031977101 1
419.470802237394 33.59918699271941 1
44.28532607816771 -114.20250243961895 1
74.72163638642301 60.62263112355146 1
469.3440965777693 738.2405753644442 0
488.2446380429708 589.6066049482858 2
444.19805729340834 384.9938086877445 4
688.9886314285891 762.0358520898845 0
829.5486820990269 945.1465991571519 0
109.1462460202384 907.7664566901012 3
97.30113674696841 280.3904187913093 1
539.511920771632 68.57783963167118 4
814.2039032150279 661.3695273262482 0
519.8149059247689 927.5254867308034 0
102.19963233344004 730.0249848038258 3
537.0960716417636 997.1928479452075 0
94.23826917549118 921.2654012698462 3
804.8578724411418 746.4719700249088 0
562.0046268397925 19.357391347421384 4
345.17902816888807 860.6710741523721 3
559.6683158736539 712.6442211131781 0
147.29535394926168 681.2078761749099 3
135.03733686277621 12.350656555868378 1
355.83120634739385 652.8232939357196 2
654.5021274861983 761.1127603941236 0
581.7450587205647 -4.419490050193353 4
538.563335172119 441.0500825505837 4
468.5100693442709 673.723616305458 0
495.69634094322123 634.2505052513445 0
293.77857146836527 153.40628668962253 1
741.1672391644375 778.0203672951748 0
776.9725246884449 725.4663491475956 0
791.1644658939979 902.7052436098149 0
95.07147544601784 243.4828951968413 1
21.3235945320787 770.9857292781833 3
522.5472408066593 275.41614016907954 4
201.2684819535721 894.1213305470345 3
423.83235521169735 611.8341068524694 2
87.78747914375114 552.6232611967914 2
469.20348042292727 112.96467842683731 4
560.4446165011282 428.2997193597124 4
197.3781253309933 797.8918525795382 3
450.96506690940146 91.48779300412102 1
738.5078850612911 851.6708555161547 0
503.370951912331 925.2441362028763 0
547.8329650210039 625.4999569481087 0
806.6123077074136 780.5108344874842 0
548.6490661487674 665.9188643350707 0
54.42102658426802 15.893147232413305 1
162.28146427691172 478.9413255266253 2
119.76393814379648 899.0253710287005 3
112.6155459748586 275.7703621389529 1
513.8964164164946 475.18640026677514 4
232.2264304195641 893.7142775654756 3
789.4268304533915 906.1961282950215 0
522.3998001877933 370.664498168297 4
786.0100415546015 919.9110193956725 0
621.299767555704 344.11223831215125 4
975.9513693795366 880.9082106644521 0
13.49060456886754 761.0985128018817 3
719.3460183566078 733.4615662459764 0
555.7964939558874 417.5330562387422 4
532.2181108969131 674.7417488025854 0
168.58086968264828 492.7395911820607 2
508.62453643800114 939.0258489582767 0
66.11993519912575 522.4085948461304 2
211.15611121493296 3.4585021897240513 1
405.3677902184629 309.6122570640082 4
58.43521829828664 105.27357106669511 1
707.0936237749888 949.0822527092338 0
769.0318545450135 923.6823735476459 0
75.78444671650146 -73.91790971358509 1
101.09823663171055 496.29786427048924 2
767.1377327523924 727.0763781624337 0
564.0591281960777 626.5084113133446 0
197.1912415421338 838.6557959853515 3
847.6784453924543 949.6704694702815 0
101.38958305750587 482.37301315992124 2
130.715980165905 630.8210928474721 2
995.5504953997502 888.1408258200577 0
46.415237966006025 479.17858429944425 2
647.1739961082488 529.2799831977478 4
500.5583416190001 654.8655123432962 0
410.13869571411647 530.8438732960626 2
534.698962370578 409.16065795000225 4
288.7034088801281 159.88963715589966 1
450.2228565511607 457.6767208518374 2
46.36840035969229 544.8719148059918 2
107.0066090459192 673.7454084724537 3
539.4880982847188 29.137721142153076 4
483.47862344948 346.4573773118558 4
1052.1922143935642 912.1901700892711 0
91.70722898144886 34.57283623683387 1
506.0488171488995 947.8085486177313 0
482.207547807441 453.0537919694152 4
739.0585330726215 726.5211488245257 0
38.280394359713966 754.5331109254057 3
645.0980303799273 401.9375057083876 4
983.4194023112309 710.251024635952 0
316.2731925995239 648.6119633426695 2
208.07035156405396 738.1462246270588 3
371.2256729516869 85.08574727811914 1
611.0328649623314 573.3794975363915 0
284.91777403640566 523.5750634987517 2
47.6240542550362 54.13780973575408 1
564.5679443728418 625.5020073611151 0
166.2847889922178 803.8562307408115 3
485.9475641449924 851.3434821651904 0
398.7866045103128 407.28163674596453 2
181.17297618368968 773.5774445246191 3
513.555750179389 912.9395723225296 0
152.327206569769 873.8184475054838 3
505.8150777713535 396.8428473850748 4
134.4074920116069 -110.76103678061887 1
335.52485418317764 160.5498787382246 1
826.6188892876007 924.7441262660884 0
726.8183078701541 756.4084418741638 0
824.2309473451988 707.6641770306733 0
809.8510567925188 918.9087547132498 0
53.20494755515067 503.1285680014355 2
109.41591128794184 39.355466934712084 1
459.79790925200575 296.83091101654395 4
109.39650923481977 257.23034853610255 1
157.40976489590759 508.30223657497567 2
764.3533205559272 837.66491593758 0
856.1504808100353 901.5818175497498 0
758.7513251895248 729.3125940459527 0
650.6154260511014 490.39651524366235 4
540.0442724109172 400.377793836687 4
128.47080142168969 720.0050491474432 3
96.334976134613 38.83756416425916 1
102.26639734648947 495.4016226948985 2
117.61816142880656 270.41216871213476 1
523.2392948216498 975.7602369142089 0
804.3827958122148 951.206777291718 0
468.6956769080555 446.0208021980016 4
372.3296544115645 595.9505320983595 2
152.7413350138898 489.22154337704353 2
190.33300624085814 797.9880989335134 3
733.0375698775484 786.9139512294093 0
601.1593860770192 426.83246767186193 4
332.3027632490182 135.86284203602776 1
178.46518372776652 826.7914588514492 3
511.8485139916023 917.1715483488244 0
616.6581133684916 332.8301481679766 4
973.4356818846236 686.9437869984713 0
179.5206318428109 750.2866989690242 3
105.06152595696905 557.8489170420658 2
515.4955465493694 661.2506445073773 0
146.1423911845632 721.1098050336366 3
348.37907213105785 637.498703670581 2
102.48655337847737 40.738845821651914 1
771.9446540185369 135.14956302243257 4
104.91240343188467 928.6757918885025 3
205.64122795549275 521.3030731460353 2
263.4013532711505 630.961701421574 2
-4.005156250015233 43.41681063207035 1
116.04880161790794 13.10614982316763 1
400.312633276288 279.4560318335298 4
25.084781147046215 67.0631583907902 1
399.37202306906966 85.93728903041912 1
123.86096428116153 445.4683345428801 2
314.00296150887823 268.7224276523092 1
131.67011744522608 629.3748832359972 2
514.2655541586716 942.2595329280955 0
772.5586347880547 709.2719643816639 0
173.09023352350957 782.9243579868844 3
537.9630341718664 624.0646353585962 0
172.26409394658424 822.1226268535528 3
568.5233584475669 22.904669922708642 4
68.66701009342066 475.45376080484476 2
179.74396777141445 666.9668514471786 2
761.4585742246426 734.8599870236495 0
295.2523163825442 203.32432471151355 1
613.5230554065788 404.98339096630355 4
532.5950402180906 639.3540500376984 0
105.84789480374927 7.6304987448566735 1
205.8702613577786 643.9074849655058 2
216.27114782053985 847.9929282035035 3
466.31697218395897 437.6624288229752 4
322.26448520413095 604.3303860639893 2
142.25701098177933 756.8914980382283 3
541.2489318095534 405.7250364717405 4
514.172756809813 541.7879032773576 4
459.076530515336 729.404089442312 0
190.5076148167384 841.3682514824169 3
28.041532629666648 -96.78867442922461 1
994.5656428633885 878.004505878204 0
351.97100510278807 225.17264871619108 1
983.3434099598084 201.7327733792522 4
693.6158812560855 783.9038279481015 0
-0.38634430712624024 783.1650587496136 3
454.20060685158126 451.8817038351178 4
461.23570490375573 546.9973110167126 2
487.0506513406076 743.1912482053999 0
178.56117832695787 836.997659079825 3
174.08029167795146 54.90843320951857 1
245.67740825708952 539.4346575664031 2
96.84602670108126 837.6523280265634 3
127.61460270698396 268.0427834393246 1
599.7718947606407 967.19078569834 0
654.3921934898965 761.8144752611051 0
769.2103848086558 917.8491881767211 0
59.98870748522613 513.3119741806345 2
92.99303140221873 516.2393291697406 2
717.4120641222244 875.6624861664546 0
157.29132647763598 779.0722846832422 3
733.9390486951177 864.5478915899309 0
101.09847998176865 15.757061058412873 1
453.5321298004301 158.93024848237954 4
113.37998833791457 547.8227078762976 2
193.50027851958612 706.151737457717 3
323.3535545013153 631.3353738518006 2
613.8688478864915 960.1494257798676 0
122.34411554829947 785.7370124295488 3
163.04336524989134 616.6910829382563 2
35.54656422239027 -68.27986395102177 1
88.89727379354947 122.61136076593912 1
532.0957366711732 953.3760689365188 0
582.9124267783953 15.540607321990727 4
265.7677106248766 706.3176067968731 3
96.51099579803326 771.8670168975538 3
95.44336324503041 633.4600482861542 2
789.6037984040436 143.9373261266442 4
110.71292643144405 901.2081298003944 3
142.22049158142897 121.88923387469484 1
117.63920833100548 526.9431722313772 2
966.952913632375 713.3203291249552 0
403.15146042588464 154.17958236783585 1
352.43377650527617 860.1829418037718 3
498.3919711821875 583.1932953790349 2
440.8407505593013 693.9866543598743 2
120.6770833875387 270.33107119899614 1
697.4284334448347 747.1994887782232 0
421.2255907114192 85.47734093485869 1
398.8773506066047 312.638311503895 4
121.7590156906001 868.7265343654294 3
60.718802014703556 -25.49666022332646 1
752.8595430718532 753.2850758898212 0
112.72930484166038 901.8850230616792 3
332.3797859641612 621.5503091287774 2
36.18370433010082 7.406132749091861 1
825.4705325695206 140.19370939589106 4
89.221156982418 0.7009447053073412 1
764.8961298223105 760.5593437668106 0
108.0623993561275 775.5736943697307 3
129.33052179143726 689.1667334544986 3
75.33955107541212 1.9543489626724044 1
810.348531323354 897.9038987303159 0
428.1731530574825 609.3937140806037 2
501.4232979793924 715.213226350968 0
143.88782700216115 550.2362763534434 2
324.96227446345733 646.5845589349724 2
339.1981623925116 591.6746979713088 2
98.47630497894691 260.62832574615356 1
489.53487870233846 411.3637057215591 4
151.03053411585853 800.366128160097 3
589.1242852637175 380.72624020171594 4
828.5264776898924 950.4028030058237 0
113.60714253588101 891.8483735886667 3
340.5414221774915 135.15019175533558 1
115.23877997763705 785.8511010466973 3
97.25259507539266 908.9378059937387 3
184.15056024143644 787.8590554051714 3
164.73911812019674 5.650267993613788 1
609.3283557954545 968.199030068801 0
366.45403372198007 155.52045948774182 1
148.29511179890986 649.0024468354186 2
605.7525632465055 490.6991418731792 4
361.72760989694336 836.775586665756 3
258.6764971686592 168.33967799085426 1
77.424856371079 -39.6044020796009 1
990.2180375476518 214.3354635555068 4
43.173440706205795 445.95583641158856 2
534.2292118046396 657.4662790296696 0
40.64218735951094 49.90357133167812 1
545.9518731135805 623.3571042725755 0
645.0588164337478 369.67806078870746 4
135.41133210592318 744.5090517511172 3
40.082711111917966 480.1313003476043 2
716.4094481060647 758.3144183115593 0
563.5383205761275 749.6154101820907 0
346.12113250169676 148.86292735976238 1
798.0208262927307 897.8153405760854 0
524.1534667539605 686.4443482479446 0
766.399914548812 773.0679790810475 0
770.9999466447526 945.8729953705205 0
441.80961332490887 122.8569559900471 1
402.5048937236932 193.39534132785786 1
224.38421624636686 760.8902540414058 3
840.8550083824321 867.927957779518 0
191.11197661334975 485.4645393616819 2
978.7237774907597 892.2651666121228 0
211.8539718875121 517.5578106615399 2
124.76244211635704 923.7294707721642 3
123.0763441860855 470.2835429542424 2
976.896957212104 904.7654849320982 0
117.90825230641887 790.8639293035712 3
765.315976855218 740.5608851193471 0
41.1567989855574 799.174776718146 3
994.3731769097909 857.3285279436252 0
543.0773021535115 437.46768599275066 4
764.4195619603108 813.3478903122295 0
852.4540398150499 981.5098793242288 0
419.83992975169974 502.5243461556489 2
583.2683141811415 434.49578146612356 4
107.08340137414268 588.3037214817524 2
148.6528268615822 106.51421418763692 1
348.05112388524 250.10872370736809 1
998.546135989159 869.7754449677473 0
114.6793890819647 45.92885361065803 1
195.76560067650448 775.1062312294722 3
178.5013826938994 762.2456150229266 3
681.9436370515702 688.0916922549624 0
440.7084350039518 71.53209392736852 1
825.8363537484539 709.7340606099931 0
986.2563093558765 719.4403479469198 0
152.85192184133015 671.9981323994184 2
234.24781132693676 463.1342913934167 2
533.5786823275513 545.6762770486207 4
241.6949631210662 832.5519314208641 3
345.03673946754 106.38339272628133 1
315.12790017583455 608.3452455029956 2
363.1568504169281 842.8021942072113 3
474.85492549069465 864.0832535194247 0
98.7712556840297 497.96098216085625 2
622.5785612073888 379.4525614336844 4
967.9868245104135 210.52914801662448 4
187.41978892369227 770.1746286089005 3
531.2503158658924 27.017407586578123 4
380.69340133464016 504.76242494666275 2
147.6545511296067 18.729545815164535 1
821.687028597956 914.3784551078309 0
923.4883326337339 184.82512477050292 4
953.4738420703171 220.63770909684072 4
557.6834652263981 -2.923520193442652 4
165.43460762413414 807.883192487987 3
415.69503945119936 81.74533555285886 1
379.13110358938286 -3.437974677412484 1
710.1363665766553 761.4968563289856 0
789.5370638340225 896.5780847874247 0
834.4069497269192 189.19556125998818 4
221.10480696750804 879.9751873371733 3
138.6821231064799 732.453615035151 3
231.1238620963357 901.3744117053924 3
823.9580566066292 842.112823966318 0
755.5872680848182 736.0741776820911 0
354.96291524585115 622.0114452083579 2
987.9163591506705 856.1483283995368 0
158.52736850507677 711.6233148606606 3
133.96165493162073 773.4905087409048 3
600.923871790709 958.1803454417936 0
250.5954385966838 564.4179905827472 2
180.30930255815093 701.8692915314246 3
820.0580457409912 182.38057896730743 4
544.3538728323235 419.09323883234106 4
192.71345267762882 785.4422324583884 3
837.6404949967421 959.0444385754051 0
542.1134252079115 984.0503165893839 0
505.6169480340109 862.430453850039 0
345.2558856958982 500.6316273873852 2
836.5586711671784 960.2610546722126 0
651.7440094096156 775.6278537834237 0
22.701122305485157 784.6928529848234 3
443.93245046592824 449.3206210633342 2
466.48734872807785 489.4107460268284 2
104.25844686238227 521.4805266440328 2
403.1931178861083 81.30551643911065 1
23.76665923407586 771.5299967076636 3
-0.7883776895097014 -15.37777556616144 1
384.2273486781647 495.6635685807888 2
764.9559237607265 791.0482363025301 0
790.3124272973295 118.47464266404428 4
137.82562971217473 719.4277363229371 3
118.1926393347104 502.7507234333588 2
837.2434373301783 675.962950774751 0
81.42709999636153 537.0929526633784 2
92.45931322749398 539.1358940742916 2
574.3378320704622 605.7127554640015 0
121.38988904980117 479.1714073311424 2
826.0111828192627 966.0459818732347 0
99.11912569291783 503.05731421235123 2
507.44290385238145 645.37238042081 0
155.09440188319687 -5.819699238508214 1
396.4511051791866 513.309376960261 2
161.34732142790602 903.6644258551629 3
152.25710132964946 849.3515753702278 3
885.2658808080434 908.0554887942387 0
40.57685551108102 34.663744553173245 1
494.1840982924193 375.79518977272494 4
999.7895488703174 877.4590224221564 0
882.7213779655161 141.89688987583264 4
111.81375046640845 494.08272034024174 2
777.9697841903552 759.5965429606624 0
416.69693349906146 226.6855251768389 4
193.1388817734434 800.3910279673988 3
122.606330516398 503.07657357659497 2
765.1935606109114 959.2190795979221 0
544.210341762774 435.4255939752614 4
413.32374251258796 123.50306451676528 1
836.4794854900714 723.8735036084917 0
299.201463696575 168.35033085026419 1
402.49208754262185 179.0431365233322 1
987.964497283178 929.4527826702054 0
398.7352211890022 573.6773948822508 2
588.9245971609608 394.5597669091722 4
694.1394504267776 824.9367294988807 0
389.51093966305916 608.7410335153029 2
1010.8543162081518 882.9848359974355 0
-38.37333931286727 -10.898224975991852 1
156.94494935009982 491.1856798434078 2
103.53008724885358 254.22488778163452 1
469.81365148116953 238.46841221272638 4
747.2913029233107 782.3887875443154 0
521.7172112320309 707.4204342161671 0
177.02087044242504 598.9941680873171 2
156.51450284883094 774.5975387092693 3
45.590871095175416 37.36268226076113 1
57.62942555882909 500.33492171491304 2
834.6668201187246 182.57668568787363 4
698.1042590434815 826.4085217722835 0
57.96680923510429 478.9934447580472 2
133.32205160975465 558.0002232985123 2
430.88332815251727 159.75593738298255 1
72.63125842155087 809.0364542305149 3
393.2718675795283 149.43425946424068 1
573.7111731339372 628.3363717203758 0
117.60533617971491 270.7640729781176 1
136.4563529972744 8.248764946200097 1
788.8029128253778 944.7320006935528 0
364.2451346302723 95.87243807033926 1
109.75089883822172 581.0564213380715 2
516.7015412891417 269.94680703373297 4
284.2368039591357 711.6342942854334 3
649.284677130565 528.6465122860831 4
102.74466987033605 -104.3404741600522 1
124.63397409666288 34.203978340631494 1
67.81240940901064 14.618808939182394 1
717.8530220319401 953.3444059891826 0
372.03418828454295 178.60252888726365 1
568.2694140708097 386.22500378505384 4
551.2192077686694 630.6383150112101 0
377.049970954418 494.1044316918659 2
825.3098976237503 928.1728176262259 0
41.52272556846445 598.2513790342041 2
557.951428848092 5.276469977245188 4
727.2099752779052 833.0178056529579 0
762.2938602619168 830.5842771066748 0
103.57832949361861 862.0623726003413 3
572.6949327294723 763.2008320793744 0
158.31922051181886 774.3005477778254 3
129.76847565403315 239.52886925953482 1
721.9441410692513 741.1046021417528 0
89.69144216530253 663.9478424009762 3
471.9016623015044 18.676690218585918 1
132.17952018185267 15.021779480126703 1
320.2224408738004 123.91107990704421 1
554.7255226592569 617.0944726539593 0
129.82895122718992 246.25927045240152 1
224.7609710805726 877.6025182961179 3
114.19248448330116 896.5894823135104 3
283.8579360289695 151.81262693686557 1
990.4518431185026 722.1119920352452 0
416.20918066296093 650.1427837631144 2
752.7748366960712 753.8001685615384 0
120.98992580104553 -37.73200380322588 1
354.9967249193296 828.3225815750081 3
515.6757881872471 358.8496057538628 4
753.9063965534378 777.7793957235784 0
199.33195986411664 764.3410628519594 3
560.9873611204256 424.32261382810196 4
901.7412555678591 185.6848020160702 4
754.51364347025 737.2965403709932 0
559.1167482577297 15.532719700810274 4
559.2672143781004 683.3395767146802 0
224.88549435800758 845.5187250716584 3
952.0623206512379 204.79883386965574 4
126.46520367176213 -38.50580695183456 1
524.2018633505246 679.250194764991 0
998.4064269042148 889.0986658639022 0
366.14262235562035 851.2891227340491 3
546.7701817769997 684.7167373092758 0
513.9447458870422 715.5748882182589 0
761.4351341775609 936.521453073326 0
590.0547368468522 438.8831083277175 4
515.5684574373938 594.7742487455546 0
455.0359050914715 137.50874572482624 4
478.0527583128905 709.6217339258992 0
170.92900834373663 727.3288032484937 3
351.5577203860275 -0.5007486577917462 1
101.07611350749772 36.40286539034577 1
320.7079921898036 812.0897572089252 3
96.95123387341056 856.3173053423636 3
317.66378762897426 87.46156182546014 1
745.8414032811352 786.7032872776524 0
266.5386933690472 893.3589719529317 3
12.403471922473031 599.6025465814774 2
211.52969122850956 785.1975234681707 3
317.2167911811477 608.3694586258234 2
350.28111198360915 116.04503854660064 1
791.8834442836838 903.7354296934116 0
1008.3337450364572 923.787783387124 0
484.6235073700574 318.31273111553304 4
599.0487456604407 993.1188131702738 0
756.3577534445562 857.3184426594031 0
827.3789556422084 228.26021972733477 4
611.8226805672256 507.7683128083949 4
383.44484717947125 43.034013140569144 1
368.53455311851997 526.1400966002394 2
135.67112184029037 852.5194594402953 3
512.5063449319565 650.4825788885523 0
802.5431993199059 770.8082752841394 0
116.03618450827356 55.18628793554558 1
277.39557016861113 800.4095744609403 3
785.9110384854387 677.9369365741285 0
1049.1030359028955 891.744290386329 0
411.4268225351285 134.95542581227502 1
157.08319443687435 521.2486935503422 2
74.72813630937011 417.1608123311632 2
284.61341889518854 703.2908236415195 3
312.15262265963725 46.40713717264376 1
202.84007093361222 781.9178224463055 3
391.89194653861415 152.27593415883362 1
127.43388271820699 -67.99896090152018 1
559.055440778706 675.1768489446318 0
469.1857159970178 717.8168778619939 0
34.95851295250825 783.6103281876677 3
216.46032641859875 598.1472799333421 2
743.0685401266879 777.2161125953558 0
62.55138125827253 464.0253186022319 2
992.9253834239533 823.3947527608274 0
986.0958524759683 211.2385380405257 4
197.24376881159816 904.7318386053295 3
347.60506460986437 49.65046504854291 1
659.7128675459961 753.5067524898951 0
180.75567477918935 39.103411802741235 1
106.71525583580913 67.9238872970208 1
412.6567471025386 -2.968180849383657 1
134.87404377088606 758.9593984518363 3
310.00668815697827 637.4244678798251 2
810.1025695491329 675.8215249237771 0
800.6060064228642 908.0743530544834 0
497.718107036426 939.7027708178804 0
261.68544661299075 540.9208695616109 2
38.835572326351986 -82.94098295959553 1
132.8794679008124 247.1699676750703 1
502.1234615064348 959.7067437561277 0
557.1104646024135 494.0303557693297 4
205.62262831483298 789.2652813402203 3
414.74902195390234 83.66366979957391 1
179.84737274332278 606.4607585771461 2
257.5948087635792 608.5052606608019 2
191.662283255111 800.0832627961456 3
471.403092153663 749.2169334182396 0
101.35533412084541 931.5091661548734 3
174.33058235617568 745.1737520599169 3
103.96010630207971 11.071234254605002 1
42.5640017778388 624.1301962566553 2
129.4161526780673 625.1424145790455 2
802.2858723588168 114.16399538248045 4
339.37443819897055 122.57499121965307 1
1023.0417136236383 939.1035781703165 0
196.1299816001803 759.397708818304 3
871.4326748528764 948.9457105924403 0
537.5318196267418 -15.309477160127251 4
533.6006188043041 385.00464717905635 4
802.0627783785307 799.538905743286 0
194.82993419276164 630.834166494677 2
38.77332562184348 73.47720505196122 1
516.2763567832822 995.8051653667711 0
298.3212075139215 114.00339177938733 1
94.69422158987271 -18.40646870360624 1
973.5835324857851 870.3085502594046 0
746.2709557773927 842.9480597747286 0
312.7582762093332 115.22699428577911 1
527.0178524401188 722.8319141891097 0
602.9100005744716 960.7045282685393 0
628.094650397529 450.56027775617434 4
332.30723047297806 135.96429290292372 1
765.9234520953829 836.7974390981316 0
544.0279018015176 750.5865936114349 0
227.21898659195574 560.5681228802125 2
135.36981730166013 765.7392252106749 3
924.8714440613574 938.8498095357197 0
752.4962094963322 829.5273077270448 0
985.7219455004717 714.2461261355573 0
555.2020179524178 619.6238140373999 0
757.9334503001571 812.8494492909647 0
51.44096775487514 461.30845631030945 2
821.3454976197867 191.12526866950657 4
462.0690594276399 195.51266846375694 4
812.4316399994175 907.0384014097084 0
801.4779816438271 784.7245654189725 0
813.5898444607476 997.9908958932824 0
783.8230960467574 777.6547800883475 0
107.60533015277099 903.750806037911 3
148.3951945092872 61.94503440163366 1
305.27899554879554 157.627932617936 1
90.87502703450663 44.17538656657956 1
574.4680036921345 975.1428219023434 0
341.6174071401238 593.9298224296489 2
658.0539706925056 744.5045597667672 0
362.24361381891873 121.52391616685631 1
501.1260061725873 425.81563685284596 4
341.9173323112419 149.41540274324882 1
294.2681889616168 739.7635714919262 3
116.76963810159657 635.1913235451647 2
771.8074884627637 819.6904364753874 0
109.44526659414102 542.0974277323087 2
99.97604016368645 467.0307488781427 2
311.1433377033074 132.50053782111954 1
209.68266686674494 830.8254754568543 3
157.74444675921418 734.5675676179601 3
1005.6613253893785 896.3456136260612 0
508.4856625522459 664.4231164634341 0
214.36933194935727 816.9223854662399 3
196.35696364999558 829.1034191587303 3
131.17178949947802 472.283148803314 2
870.7296271056753 121.79508980625229 4
847.399699430208 172.3952445980222 4
999.0671443458807 221.42520741469784 4
340.07302549052736 121.60029281035116 1
63.64707444997248 -25.84617926465202 1
377.8419753832585 173.03334290675383 1
545.0372170150492 665.646306268189 0
135.517013862459 770.2904113407968 3
221.3093779949645 530.3182150676612 2
526.116253595635 622.5829857304062 0
122.28420016604093 -101.81775619220545 1
86.80786056196898 785.3923028548803 3
23.493729221804415 -20.967125237492287 1
778.4109137859622 877.620643174043 0
100.12751288108895 500.28753325063104 2
643.5139089479237 319.3869808633367 4
73.68909764971971 444.7700465278363 2
148.60760072553677 776.5959491539693 3
414.19569723049693 530.7029491408827 2
136.33092498381916 635.5071686859686 2
981.9430318087967 887.2890045148444 0
370.0461422601016 612.8155126655892 2
775.5499222740029 234.97997946830438 4
91.46555576817711 4.859158173226822 1
332.18162318724836 596.7924252078233 2
209.85778462726677 888.7633100326676 3
412.0479081297923 117.01379193385571 1
212.39004135642082 904.9342439750268 3
193.4092904022325 836.3896152897843 3
182.9495912115321 777.8847017800425 3
122.45284226783073 765.9259391304137 3
69.20639927024516 1.5112977931011393 1
377.1868947475625 117.05925229574703 1
564.8629181791617 654.5100483009775 0
534.2859114519614 767.1754585597594 0
491.6478847712044 261.00523479147006 4
516.2195763268733 463.7733333073644 4
38.639893537698406 464.1140356149947 2
831.6909293143245 891.6107122355683 0
760.7993078354501 878.2621964416468 0
830.841133268495 182.27340045876167 4
99.03911773991561 75.42660924177336 1
745.4659935617402 746.2610376041406 0
996.0693466160161 889.2234964238462 0
348.80476376087984 851.690763842803 3
516.798507976128 241.2584815309746 4
759.4008524028877 210.06293103255186 4
116.04412164825631 0.443698539027058 1
741.2065620434274 742.2236002717821 0
222.36388466236986 614.4897497632088 2
976.119148551622 712.3336039187096 0
105.2265622902013 548.1957256045621 2
592.6412525050722 657.0322581537148 0
115.86051563485044 46.765367825122915 1
363.25389967330636 416.2397423780877 2
888.0441984380415 151.6868381596903 4
476.188292195761 694.3248209106519 0
477.5217630443299 846.2716163366948 0
186.9449903451841 894.4278169667352 3
126.11201507147595 473.8202230330958 2
413.31434116234345 189.8894820712793 1
338.0671371607666 129.51064012268168 1
697.1084360313338 701.4429987382837 0
129.26218051632483 904.9135112184163 3
307.82724560722227 557.757494149833 2
132.61837583888834 538.6514844617861 2
670.9675154984902 795.4929829021103 0
160.8507663208422 834.1866333074547 3
751.6001320307653 735.239579926271 0
303.59264267931087 722.0087336033683 3
209.0118138203318 820.0205040569273 3
379.4959061653659 861.59253553535 3
134.1630918609005 80.8006883012803 1
523.0881518627278 624.3468443533802 0
96.46921261978902 489.52052579267394 2
406.0166924686415 628.0115691470057 2
943.732136679874 888.952818502726 0
544.2738111661557 437.92345494648606 4
465.48698091133315 184.029516222779 4
122.03567765623204 893.0047626417174 3
709.5315792152868 717.0862916601507 0
51.67679172445776 529.566263539311 2
250.5511986261488 723.6855587046886 3
487.95552013521853 127.74232213290419 4
114.86102494815476 65.12638574939413 1
364.18098858190046 181.46783387314025 1
485.94816985343385 673.5459462329119 0
104.00882846054742 493.12521709406656 2
798.0229781254332 881.9939730863616 0
506.4544826483167 696.1658884285698 0
729.6250234215 959.7708529009742 0
345.33303799049935 155.01174533611447 1
428.03529076988616 99.51066365351772 1
823.9949556432988 176.79448570000375 4
757.2435374653511 733.1924247443637 0
558.6242939510365 18.040516516898705 4
925.0949330700056 937.6256040146475 0
491.51470800449596 597.7201345445694 2
209.7477830748078 926.0260957938657 3
545.5422303865474 419.96226946999184 4
390.7523348784954 67.5056969704305 1
652.3661217688522 761.0308746356922 0
107.81706485372473 247.9696349299802 1
132.44055353274751 541.3935432076994 2
793.1574731591292 980.0518865152777 0
116.66944151490695 605.1983458902283 2
229.49874865826573 158.2560068933099 1
114.62632430547129 417.31583635763354 2
116.12559679205144 73.75344176265355 1
794.8068037710256 908.2721664120301 0
156.5439397425855 748.3030045211879 3
192.0466722241364 798.752272620278 3
505.093413896439 742.0308918019409 0
514.185208233007 450.80939823948205 4
188.4209302362623 797.4892557284478 3
232.8944720758396 759.0152736465768 3
506.5271713571791 310.5410477685648 4
765.3341375793384 763.8932417168357 0
245.3850580789637 755.0440712932623 3
93.05736177005525 672.1466460298559 3
78.81118087618609 803.0375458318206 3
353.46909819644907 168.11458582930914 1
771.8566174300125 758.0048849891263 0
1004.8326816693207 700.285046759359 0
732.3020667438689 736.6101319714188 0
199.3317633327499 781.8233779646404 3
879.0796947815978 201.35703052150205 4
689.5614801138253 725.5303485035657 0
365.026406492493 815.2118595296316 3
973.09680206559 905.8191630498276 0
755.2097858983523 729.3766252952261 0
210.4308786338579 775.3592354582648 3
127.13795178667482 57.94756921488377 1
493.3229317514802 612.4268901351334 2
505.6677583390179 712.8365633575172 0
152.85822935039528 623.7989967305695 2
843.665179040382 195.24691687391143 4
517.962309821448 912.7392350073579 0
737.8392153475464 731.6261240869561 0
811.0670198361048 203.26611175353324 4
764.250670456933 748.8183989756942 0
326.1080929477007 511.7909269060169 2
359.6652781822655 613.5129561900936 2
293.07395258426106 140.94741533490475 1
514.6656217352778 999.136259082235 0
306.14188346208664 152.76154574488945 1
769.2443041366919 822.4004852324581 0
205.30690750713575 493.8325529002551 2
375.98093849451556 576.2580624836239 2
866.3706446879834 243.18575039957318 4
638.6992248900117 435.41254516139986 4
773.1411537227771 220.4506226804096 4
92.70351815922103 498.72934604385523 2
128.3587015581135 733.5294435483926 3
987.3402526720482 909.3589334495607 0
793.1793415016394 916.66328497606 0
118.22743165508618 806.0064073432682 3
575.7136206887398 -0.23548725428192085 4
809.7713945357386 957.4549266390092 0
475.60487053137376 391.0673199909505 4
977.711922948402 707.841253004206 0
565.3085303949987 268.61914435502933 4
93.86476663009523 -7.627221883789096 1
163.49032334720874 828.6031189871477 3
348.19231388875295 828.4536765402715 3
202.40933569274847 897.7045240571266 3
368.85358875601 209.06503083049896 1
458.9280265199181 9.70449542311556 1
136.80552237370895 534.1052329145383 2
146.293506233866 823.9158404899997 3
457.69603563259534 221.09395426148706 4
534.9000575551883 428.2470837384375 4
497.5031662110211 675.4838260723444 0
24.971033778381283 772.5657514092244 3
113.0615856635834 540.5683340846408 2
194.01063193446512 887.8802960571599 3
92.76641801877557 -2.598049149720536 1
750.6267423129015 699.264163239346 0
317.4940136142753 512.0953491033556 2
979.1569420790631 915.4819513486783 0
365.0444042421793 818.9876670248531 3
103.7721066040292 111.21947801835304 1
220.42081221408355 547.4385155275628 2
522.8107396683014 705.4417013884819 0
732.2683250535592 740.0287733985708 0
729.2811278643624 737.4566763960352 0
57.756723483331704 525.6400719591309 2
105.41050240357771 694.5636208840058 3
754.9327985022896 790.3968831920004 0
274.71146628361504 836.3222993751885 3
840.1755606906065 990.7778104822563 0
758.5833703263842 825.2111658301947 0
175.8094736781744 -14.847504370041573 1
464.52788628487315 449.71414715079493 4
143.98045323778678 725.40760211327 3
118.13691561440882 61.083844142921194 1
153.5211440506049 541.2105407231628 2
113.72490197146789 494.75128818933314 2
115.65614420573812 260.71282718393365 1
980.5714118919545 940.2681843905456 0
114.64488909986922 908.1684163001534 3
165.86994664689385 811.1651234419277 3
725.0904599388099 836.2344654642102 0
73.2087759810965 484.49838266661527 2
189.9853848290122 757.6057739929198 3
504.66687796863204 922.9857725716284 0
284.0002240445468 704.8157527972893 3
968.6004797038644 868.2505736103539 0
98.08270725153493 101.1659709291608 1
514.6456314360538 983.3381193641175 0
409.82741606214756 86.85413441968718 1
809.9615902247523 780.3860799177345 0
128.52032313966058 766.8700901738949 3
982.076840493937 712.3545688349183 0
648.7711575369128 730.9410238051834 0
381.39119850960645 287.4361598057933 1
153.61027352814156 844.8244704115682 3
760.3898955549195 990.8078032909881 0
337.5230868812971 95.17359328521167 1
97.97565095702561 801.2937951477511 3
191.26264306702024 802.5857652862591 3
90.36594665450585 3.5897664134694214 1
104.37007878240959 46.54548135114321 1
545.3298709763573 417.9338610328394 4
140.2630351164512 775.3247079455418 3
853.194916201952 205.7627897361916 4
801.4986932866618 215.4938256291149 4
206.3729918520604 792.9464263947058 3
516.1556039249969 48.10752111877018 4
320.70969139158564 140.50498015769938 1
118.50105815305024 743.9515696700854 3
63.8135274872195 473.7701013149658 2
538.3057133746006 704.7068083147349 0
370.9854375075963 574.5395908461397 2
100.7358413515324 490.82644507540886 2
823.1735078222788 165.7570416096213 4
344.4023652769361 863.1802141432408 3
9.015436911618394 -16.21663767854254 1
191.95979251666304 799.049809117353 3
185.51182191692047 666.1774516589289 2
283.30529269589437 711.973635978071 3
545.5414810218011 473.33861332982264 4
971.7859333034413 888.2590439876432 0
268.7639572500958 549.4963374588647 2
190.16590327117055 749.912655703782 3
280.69568081114 890.2749070347737 3
103.59237660401567 819.6501928341722 3
523.1859286286573 692.5366147534119 0
40.4572587026838 22.06187690022905 1
626.2513531127379 467.7773568404113 4
1007.4030425172514 208.14143437343557 4
575.5275322072825 451.8750054516093 4
109.691865774622 767.5072354777229 3
95.3057367233228 -109.18113221601418 1
752.1841404826463 783.4482801412822 0
814.8834075481485 191.7549059784875 4
961.1914661701685 189.07434072720375 4
257.65630197360065 890.528655300792 3
835.7828197237681 970.7270904400651 0
82.90674831595177 482.77126685886196 2
317.5281966850215 587.7194913146526 2
175.27446937009069 541.0687954852414 2
272.29650805676476 852.1179375265111 3
403.79052162462074 390.96564724109504 2
993.6677234556208 895.3587162697194 0
317.34814657333317 138.1203965336156 1
133.8013817127296 607.8280612890683 2
756.5646955697473 867.75456998307 0
750.8019459605206 985.4980904637054 0
401.01299386221496 143.8792221434209 1
762.6357670818388 908.9124890114666 0
487.7833324563553 843.8135631170547 0
992.0037403749376 893.5076816475123 0
545.7060802192707 639.323743234208 0
636.5796231528817 380.7855369474395 4
677.4904746767246 654.979406305501 0
212.40853383487428 913.8895867961892 3
362.32595502317565 400.8063461402848 2
475.64287380083505 835.34798387259 0
780.1011142525576 873.7230188831118 0
471.5467465478511 418.24010784608134 4
59.293153330961644 486.26550864105707 2
178.38780488666526 30.23041618912858 1
197.35141114511674 782.1270452173108 3
592.3767134719034 290.2384788139699 4
406.28588900560146 122.98319563209219 1
750.1429385955544 747.7718608103054 0
457.35331629351793 235.93688639402558 4
679.5254393343107 401.3071993122712 4
148.9815576284302 752.2125691810322 3
145.04521012356838 836.389037241949 3
118.51628969103837 542.1477509681454 2
552.6959278431112 609.7055164431456 0
215.23841555940675 806.6203968890401 3
988.1439286795204 195.87527828354987 4
181.7316304884238 867.8809177502167 3
498.0405549946464 940.4469605440606 0
694.4204238543691 338.87331639117957 4
118.51945799442292 29.98824944951418 1
257.6408078535245 855.5138440640399 3
64.00200038943822 7.890648075371715 1
137.83862367643434 500.34835858463407 2
802.5383712861776 239.3313517005147 4
361.40675312996495 125.13826609592672 1
31.844362121059604 764.304578127216 3
190.35744835253598 807.7993219415741 3
957.7347252276604 860.1901000158539 0
434.0666244533666 660.2209017233242 2
655.504917150104 468.0170905122016 4
91.07992636951772 26.788340250391435 1
341.20373684329587 590.9670602271345 2
818.6482377389503 178.77996464399538 4
129.3023041819017 892.9236025784045 3
487.89896487282647 695.9145224640562 0
251.2424516830157 652.6466999596935 2
189.49246190937276 909.6593525843574 3
754.9292150745979 794.2688213059508 0
699.6040045917063 728.7530252087337 0
793.7178919360089 908.767871895309 0
905.9653399996074 185.19949770257435 4
118.71805990687203 260.9303009811001 1
718.2843940216844 750.425985500213 0
681.0273829547165 697.209559754582 0
459.11148321248953 294.4987612302292 4
515.4775958516014 972.0798854850561 0
569.3217646153184 719.3527863484413 0
758.6527498170243 744.7332717723397 0
653.5210881907135 703.6071551552193 0
639.3144653392712 752.5435320083327 0
602.2425185906653 320.4587800307696 4
335.80421087567333 136.65462543407847 1
130.18435942697732 551.3366015962375 2
958.9753374318144 708.3436156168297 0
77.87720577604921 685.8328081612144 3
102.80793329722721 -7.909813188667224 1
111.03993107451815 119.7029517923985 1
531.0023706046721 379.203654689486 4
221.9005451654851 904.472090226024 3
145.82964934712396 -94.66699500302687 1
609.1260183580106 981.632209401181 0
783.918998554235 986.7936557060209 0
979.3574673879622 724.7530899266354 0
523.8131363310233 653.7409139011272 0
79.52054550540673 583.997774163842 2
9.949976516559644 -32.80625221036995 1
489.68376536503064 402.0148938688259 4
212.06328537411835 902.2789365439858 3
745.0941037789416 778.9562397989331 0
112.83309249030044 512.5648641213768 2
786.3389561451595 769.7920723602963 0
541.0884466860894 457.2902417038238 4
203.35119495942254 821.4996910324087 3
158.2328095151745 94.78904495002911 1
555.0938477351111 652.2762394625807 0
837.6658416480125 180.15674185324886 4
489.6325028349175 449.6115359326324 4
95.03301598436553 241.27508213572486 1
816.6164205110542 754.2968757325575 0
759.0799218572323 742.0902119648202 0
187.33941134394644 760.136280794994 3
472.63480986877414 748.1497866944428 0
187.40938335375833 816.9282336744342 3
499.69323667049485 973.0882860757988 0
146.7832745146037 562.5295282936489 2
68.15482935289509 49.979455212980625 1
242.8258139718538 739.2975316705349 3
187.74342817490566 1003.5413783711464 3
563.933226831317 622.4281505233112 0
505.7554334160287 166.44635569626473 4
59.97987116347058 527.8621858019792 2
495.8428176110925 937.0362927930586 0
774.4772980648398 919.1076116441016 0
114.40931965193978 40.438177232526776 1
174.62182209754673 624.2771990965605 2
130.18683854150854 638.424681172658 2
755.538289041594 761.8942092641278 0
159.37216744037593 998.4233789142385 3
510.81657206754954 356.9514699707644 4
94.18331039217607 6.955106446333082 1
825.6954134995187 792.0554549042214 0
647.5994000578374 267.0301107292129 4
820.3520217940986 804.8122503727789 0
471.0770215914122 183.33279558769308 4
133.19864980247306 606.6248363388396 2
164.36366018513397 905.4716039498422 3
321.93098759197557 142.067220745227 1
95.4602354012656 929.822039189549 3
748.4079832065283 762.3684024886428 0
426.403943607238 375.99833232120477 4
905.4946159024297 185.63592077911662 4
653.5675019486227 775.4168109629954 0
697.811389934375 786.7679877522813 0
150.52649243025348 610.2391142066398 2
189.79086186066147 715.4002867155992 3
397.51182779633217 146.39911425430788 1
76.23581710078216 721.8416334369881 3
682.5433789680276 825.2124826819102 0
350.3769363723786 592.8287521847342 2
522.8483654184082 975.9429673947661 0
332.0873583356735 130.8700743195235 1
767.0753117727207 695.7293287003373 0
138.59599594095295 531.6166672865488 2
963.7554650858993 889.1456885475874 0
704.9897457290399 700.8240852401615 0
23.48029780212165 773.752340240059 3
17.055149904724303 787.5653893842826 3
573.1092459449269 640.01253919191 0
167.42016056323902 770.1611162522604 3
327.072158551314 94.61215227355447 1
135.53088373680006 526.0471348849189 2
86.06059183461467 834.5507990100965 3
866.1908300594689 903.9890923138558 0
19.921297529969575 792.2304553947522 3
337.0588304397423 511.75416912120306 2
131.4725102535959 495.75555390577614 2
597.2045230697761 966.8858547458905 0
578.9663557316052 456.53620547705935 4
826.6655803128989 244.3057820778908 4
1049.4771000194678 916.2097625881565 0
494.3686185845546 202.08645330602272 4
572.0434980926581 293.70645202864864 4
200.2175086489358 523.1445417054393 2
1022.4912393890336 853.9083325751091 0
609.6581768814688 968.9493817899084 0
501.99496326224505 722.6175938221226 0
127.92838294677168 -22.475070716585655 1
189.8692944474189 799.2012292587519 3
98.4793341141815 282.7116850318838 1
364.6090522945669 299.27736217236287 1
778.9641156520215 674.575752566785 0
45.68449722840226 4.20043102312877 1
122.48815122446142 748.8428314941597 3
486.5174635484503 845.460776744071 0
171.68909638931638 468.7786798166429 2
27.614916166508074 760.8050906618231 3
41.75641057188635 -87.92563032989068 1
31.879521557641354 48.90619734296844 1
597.1274594014577 968.0605979867629 0
232.41059953019257 790.5574190069958 3
845.6340109800897 182.1981545379596 4
510.98325312272976 633.6506114262104 0
141.67044445744395 513.6160660776499 2
566.0587751771901 371.0029717364913 4
1008.8959178442815 211.97487233419417 4
530.4386783958129 628.6544330879626 0
209.7851759684882 896.5599669568985 3
380.0933661688472 691.0683501939044 2
473.61678631674187 855.1524545419868 0
133.14538256795313 265.4261716749992 1
479.6117459410473 849.7010219535641 0
155.84970870432355 789.1397009449764 3
30.26751265817381 776.169030750314 3
287.95985242164477 150.87289117958161 1
302.1703540447583 169.71181136680065 1
79.23703670398064 768.7711326197814 3
183.86262079639602 993.2349546345785 3
344.34117395070376 588.6955403428268 2
394.75856437451347 225.97732771964976 1
162.08298587340872 516.5274245046863 2
108.68851702277016 922.3845576246994 3
142.0801654199389 494.056142188376 2
724.1796842495747 776.0592199828561 0
150.5577602794836 807.5721224462734 3
115.58322069310115 532.6804366752938 2
434.4521021197844 528.9620301045287 2
189.00384891158524 797.3633938974183 3
175.31031010062998 547.4292261563614 2
194.01157272889637 837.7788267784093 3
88.08331437248343 8.853483272737002 1
349.43001710347573 547.3727499164264 2
787.666584056089 739.212517492132 0
603.3646879534455 431.48081444795133 4
164.93012546359415 51.79809235913436 1
458.7052299454574 645.6086769435921 2
130.22321882098674 541.5988602987958 2
328.43850100144095 577.5297885382389 2
550.2556369721154 -15.664819831055901 4
356.10595211758334 845.5855932160156 3
103.33758753663597 814.3629443014299 3
319.1433345308137 608.3247719523121 2
528.9773016421175 708.4766475799055 0
168.9181017254998 724.6487230288521 3
812.1834236596656 181.20054174424916 4
511.94932139553447 588.047239193447 0
108.92333357997865 517.6834444986216 2
961.7784272542353 714.3621160265715 0
45.140465413563376 -103.21515332537965 1
652.7976569128637 754.1972723268035 0
840.7569673648336 959.47515717994 0
606.1856802694563 967.7875169752887 0
467.5577622642876 638.364884308783 2
123.24985565199188 706.4317048848279 3
491.54768794880454 90.47611806160224 4
397.56680166579577 107.56301261547318 1
139.6338514332378 -66.24189551761319 1
827.0119756345505 185.86062323605375 4
99.704995439252 554.9324410847989 2
1026.4454109576232 865.0374360904533 0
853.5974184470609 924.3563024911674 0
399.6112572818024 139.16784277285262 1
793.766050597882 726.3829367226399 0
-0.6138227924068786 64.94858333014491 1
18.676546146843364 470.760189160378 2
211.79331955155448 782.2164488583942 3
411.8542490624508 100.17797389057742 1
749.8320411807604 738.5982711364811 0
189.33815861221416 537.3449798904966 2
369.1004903154926 564.7995643040954 2
775.8612623535952 173.32199169113915 4
159.27712647851936 516.0282756154328 2
579.3862939599708 501.3291267933537 4
96.29174252524423 899.8614371705627 3
482.26137254491925 444.43165932308665 4
135.21107689378985 920.1494581146852 3
490.5896565151258 418.0220912969644 4
467.1450497259663 637.7422697371061 2
332.63575137832413 118.71569520473058 1
336.3385697717687 290.4808642201251 1
858.4900414265062 121.20211663741443 4
315.41474229988376 91.9232309085146 1
985.4318170916988 210.01453011645623 4
475.88408954737537 339.0502269634574 4
346.9263054600066 580.64834787504 2
381.48955007222156 858.0691264112099 3
538.0192306114675 415.0077731521413 4
404.07286297199505 581.2449809744766 2
596.0077320313263 957.2660792757216 0
351.97209881430496 823.3996481565764 3
83.37537926684789 40.171988848499836 1
347.5812172957443 187.63279585319054 1
1004.1017150645356 887.1694672237943 0
700.55712426755 681.0111708739926 0
370.294427460408 312.6319995450775 1
669.8151709384397 796.0922206643679 0
612.7068940376832 392.66349251581835 4
684.4560937970514 783.9845191123742 0
1000.3345850493621 867.0329106212852 0
71.05575579607644 693.424738694628 3
194.68333444850538 771.2072909459815 3
755.6433080289935 732.6932441577529 0
-30.528426004769088 34.9015370394885 1
103.87096095941949 496.45052298143327 2
442.83758490616316 616.3107685421187 2
747.00095220701 734.5296699726271 0
853.7147530320678 165.9363457574888 4
92.94740875386294 15.846883633275565 1
755.0235608406699 155.71960222511274 4
199.64448570430892 483.79816329940945 2
639.4254103990295 328.08433722131673 4
142.097228861927 538.0818137747717 2
672.6684312175244 739.012438678049 0
768.0105484789615 132.86323126646852 4
801.9552104178682 924.5550369496499 0
744.7266704963338 701.4379246295539 0
964.136877064126 850.2170774934008 0
363.24264109908063 524.7873370116229 2
137.2234825885948 256.114873324096 1
668.5158789665439 760.5085551693396 0
799.1759687613355 906.923622590412 0
545.9005640244651 79.71271380815404 4
590.1244961056548 460.623158244697 4
483.27685657353527 427.82702540177115 4
304.7138413957981 173.21267773718267 1
116.60984001645836 36.823350736231404 1
578.0750050233717 420.6373468490194 4
180.42119882248934 549.4945603617384 2
28.116970300384686 120.3015211183816 1
162.73154279695208 -13.889166472130547 1
150.06092113929336 796.7244762097113 3
134.88172122927088 897.5026427475942 3
487.61047782225165 144.95251523998394 4
478.22808760283687 347.5818942337262 4
334.92675381714577 135.43233126766307 1
751.5395645905704 748.0646529616815 0
154.61906400160404 25.72458548760105 1
303.0478429270095 598.5097605658167 2
549.1664403436826 682.2796445593234 0
817.0357561543631 148.34680473458448 4
93.037342964327 12.322610398207793 1
819.2915723018837 158.4071436738093 4
328.7097775035728 596.086374304616 2
519.8176953850627 920.1220735240464 0
640.8602628610375 727.3711190480601 0
484.0193619051025 858.2309414153839 0
140.91746153632596 86.22361892239387 1
392.4410568849976 147.27580118908986 1
989.7120143068767 206.85027842113914 4
502.98796115536123 500.6609318558299 4
215.55515190519475 896.8433048214988 3
290.58456456503876 131.85837658433087 1
97.2323070003046 488.16079893717244 2
391.16316888737555 549.550525553308 2
134.49399294351502 754.751088939634 3
429.03265665047337 82.45127328340317 1
49.21317483639099 518.5014651684606 2
472.4356406198211 289.2761182300871 4
476.9805449269759 237.23098015910978 4
648.4023444265534 775.8526994594735 0
984.2917453515417 209.9725237368677 4
744.3395384509303 750.3661952411285 0
92.00842391227516 68.02228720995575 1
825.066391689974 229.92916780488673 4
353.0742366671618 151.05590290729708 1
333.6178539160485 142.4453205709799 1
299.9776425488592 628.1567479795323 2
549.6615583318516 578.2309416837292 0
831.0594876642058 189.32715933589938 4
202.23926728511952 883.4774753153047 3
986.2217185750382 704.0191118175223 0
344.20449927811796 95.25203705505858 1
570.3314188414319 671.4303467591573 0
528.9062968131861 975.1162589839954 0
562.8132500182885 -11.538738307592016 4
732.6537601118705 731.8603971450694 0
154.37969435829208 96.35006976310146 1
72.8255400553795 -71.89591539426783 1
567.4654081271432 315.7164883935932 4
974.6848673003196 877.6671126795875 0
84.84598550086484 467.97237987905066 2
88.52440881325958 471.8992999355272 2
110.78641896816146 555.0924359975961 2
85.49717640839123 -33.252273675073425 1
58.0694914530594 72.41438144501055 1
195.92342337325366 832.5795646208435 3
68.92632028844668 43.484379960365075 1
558.9670143894431 340.1339091035192 4
156.64264528871672 687.0238506146424 3
112.88231898437316 464.24721987094523 2
128.0326246635127 772.6113040976929 3
343.27351205514685 593.7764577747243 2
526.6000921126521 729.216050741434 0
556.0905672613565 404.0088418385969 4
552.0651677569643 722.6386469531737 0
405.6135510092316 388.5836149323194 2
486.45173134943155 846.743582779825 0
311.14425855271236 156.4361646297904 1
105.31883062227416 532.4196548077942 2
91.65017776503217 40.31450889719062 1
353.65993165823596 102.40702093055162 1
103.49360345377714 19.54335746614337 1
197.28921417933043 -24.678294856161486 1
75.66473459968614 772.3915721661391 3
363.3268820018933 844.6547190810996 3
110.85337007926262 888.1812743423552 3
316.3046134791107 568.8291571352403 2
120.29018783658486 265.33947889907313 1
92.07321270211236 775.6503139728205 3
96.97642818252494 920.6924278280553 3
551.9484576123052 17.98941357790631 4
485.904043587657 490.86893435847423 4
32.72369068944435 774.3192285444574 3
148.91458900394312 768.4020372115036 3
-21.396664406494068 67.01385849182341 1
25.041770721246305 781.8036905133181 3
520.1390033217903 694.8510664599906 0
164.3998658102223 482.0662269856639 2
212.42353982450857 851.6023604892614 3
511.6228710180412 594.8217599596911 0
579.3134852154676 368.77423020990193 4
51.40658309675267 -39.15968965810512 1
143.3493743722531 24.503679627564914 1
206.69461977619483 781.8524937946547 3
361.98586039375346 611.9993660917969 2
421.6836814485002 482.58410122594944 2
601.6094172773394 702.5039621331331 0
477.579164009741 24.80207356387588 1
210.70148144205382 885.8059595090438 3
393.0162308467497 548.8524075412518 2
533.8167077488131 963.5491443308377 0
997.22367997637 869.9704337227771 0
284.9725218066883 513.3785320000159 2
95.82856418350465 549.1059623437245 2
729.1624179749771 736.6816821201631 0
520.8643866893082 448.338555167093 4
41.86872015074009 11.852193527099715 1
558.2117513132674 18.65244164997258 4
431.8173472124682 91.75248687699026 1
854.4535024631964 204.09803393201267 4
794.3718793048683 806.6353333346382 0
344.18005541720606 583.4234810535858 2
92.36560742079784 794.4189996357395 3
782.9526687191951 919.1608201707811 0
140.24111119489106 4.465277553732521 1
755.5819055935154 737.555111340331 0
604.7736041966897 674.4705012932529 0
448.6074255008307 82.68612933302123 1
743.9621836973099 729.7159011827162 0
91.66849535413387 21.75091586148461 1
997.8232052244305 822.920254460075 0
498.9919316371295 198.2673689874814 4
79.34484802026904 81.98272191890541 1
758.1744700645877 756.2597618456269 0
476.70249215190745 177.37474342632663 4
126.94813306638018 480.7466705931955 2
333.4890104770626 475.5916759128387 2
698.5359057164419 704.6677569977666 0
997.8326580163522 865.9170681370917 0
150.14376689439615 40.35624084301592 1
328.721796462117 107.7756394124873 1
132.01780076485457 32.71309992355656 1
157.35333078382877 836.2213040426432 3
165.06211537524598 791.9202887186939 3
121.4317289991467 112.94587208488534 1
166.7773693634075 581.1885472665696 2
1014.4858487134204 201.06517710299977 4
70.26150390519302 813.7106199720918 3
292.1183087034424 738.285272715126 3
566.7726872333333 308.65825600793045 4
145.13955525238754 908.9812769158732 3
717.1856890474476 749.6539807689218 0
765.2671344272352 932.0009564398728 0
125.55267694050549 534.1708504909681 2
76.4376793799391 495.5647467076471 2
313.1179512350614 598.8153789916788 2
232.1164999127227 527.3388763894244 2
836.7569534385151 120.2443336413088 4
325.33062222541366 591.2925329829342 2
439.542518420389 87.06217048496586 1
687.6429704127947 820.8650782441294 0
851.7839698833163 121.00215126755597 4
508.4897145077491 939.536651663209 0
116.95666753883624 49.18686280654973 1
649.3112249327987 768.5984114123631 0
322.36811801319436 798.0735716048096 3
534.9279567891965 658.6951440239268 0
337.91819538811825 821.4287022281453 3
166.1195367445787 751.230604874742 3
329.9858401920236 596.4594168405083 2
981.696667588317 940.4401621400914 0
317.5222629349315 200.84333831645003 1
191.4663000518144 785.4193347992358 3
371.1128581830229 -2.508676868567676 1
186.3146118598545 772.2725951655062 3
572.1165549331688 426.53249389582385 4
311.28004098953005 181.5408774579837 1
516.2866214048379 632.4947853600792 0
547.2276301987553 681.8872413207455 0
103.3705555103073 30.410285918225817 1
160.2008366044362 40.08457603142362 1
172.743015817184 777.3350994896007 3
850.7056292266336 912.7441791239331 0
536.1785672029805 936.2587101206545 0
736.269987277783 789.7146907306279 0
181.14555502398193 1003.7027412550391 3
489.81613995433105 33.43031115827992 1
166.9122295225431 714.365357177223 3
753.2046686517291 758.1300432576417 0
743.6190710340503 623.8834077789436 0
738.9715047264493 906.5151256917976 0
164.3325992120739 1006.8305261340388 3
75.091415924942 -10.082637722397397 1
1041.24753281921 839.4939183236975 0
96.9817379610365 517.0910102758942 2
377.98807531165926 152.15982003752097 1
816.4040272619649 779.922733693789 0
751.6355948801894 813.5331797875021 0
25.401879151895486 72.8054787012781 1
170.66862266465697 465.3582406374718 2
120.81488925897855 544.5843693376914 2
151.28267536038845 443.71279790292715 2
141.89849481865247 773.7583704067589 3
235.1718798923224 757.235289399881 3
63.94846219082954 479.302992294525 2
556.2438270833304 28.13453686185428 4
75.02361896813957 784.0763913114076 3
497.6236604962823 536.5844274056774 2
133.20223427068836 773.5305881600891 3
484.4952296029225 922.663389664779 0
117.89388443139377 638.8972321422509 2
94.79826075566051 1.8988103087820267 1
603.251894616764 293.71954215775827 4
480.55766303105923 143.21025417872434 4
497.14736465447385 863.7783633548952 0
785.058348076593 920.3716452940702 0
115.85687428717276 102.1414861205016 1
400.1080231970487 87.58876732317916 1
124.15633811325775 631.8294195734638 2
112.80204039231954 47.937348199274915 1
332.73007898425965 206.64121278950157 1
209.17281513982726 772.1019293983525 3
126.37111375865601 880.1909079586915 3
151.70953282637737 805.1888671213571 3
456.68679787953295 721.6952309213902 0
36.979270334168376 772.7041770494186 3
317.1199324535704 35.547083965350524 1
290.76867252027193 836.5775847453383 3
92.49314606767925 -35.295098988205325 1
552.9603306880365 36.03155903783396 4
934.353159716874 866.5174330726902 0
391.95114216422905 136.03604500650968 1
736.4564291469617 822.5750593974046 0
86.61896410595853 -92.87162953030378 1
51.1453155441001 7.9594808595206645 1
90.9122746156616 3.631475948031458 1
119.99674708785975 556.1978906173445 2
164.4367367604305 829.6801944541859 3
427.42047801444244 335.257678739742 4
477.54329783405433 848.1429927663321 0
708.6210940331943 657.7732468999412 0
820.8338593719368 171.17828622481204 4
557.1043280394601 179.76578540750896 4
491.6029948581193 840.8860554773128 0
354.5645122347896 116.55390702194238 1
678.553934392123 476.88207161397264 4
832.375392054827 189.8990284311214 4
128.41055377159577 533.9013753414815 2
643.2589382001316 773.4399186563875 0
114.7679972230326 88.98147044960632 1
316.71104440470083 95.22290122067082 1
513.824689657064 666.8745992883627 0
1024.5810054977164 903.3946454360729 0
145.35670402274891 540.4039161361052 2
120.33076928375037 903.0614936950396 3
683.2157631375945 691.9782600513645 0
74.18271538806817 11.576152570612503 1
197.75009831314665 809.325227726929 3
313.92974675677027 28.05938778864015 1
308.4357234268228 579.5597779709391 2
898.0050141305096 190.81694516042802 4
87.52789144242018 -25.80750499848407 1
729.170688378674 786.6656984490656 0
983.950107995178 242.58235562375188 4
224.76429187021174 918.6466178056751 3
794.478528321462 882.5895405413695 0
107.52767984345414 743.2288675759684 3
620.3744090358957 480.38567244139597 4
450.11500338273436 200.25706809862174 4
715.3121256689514 739.9454390395931 0
438.11039923329764 153.856201973096 1
567.5009774234057 24.632107821459115 4
833.0985680957546 256.24779701748434 4
106.70165300611075 491.22408470381333 2
122.92832756987691 287.44554456790206 1
181.20732718050698 793.7731064424617 3
995.7113267462756 928.2585238361996 0
550.6511131334458 629.9298086757414 0
766.839855351137 683.4761298018433 0
331.6501255990256 603.590100549357 2
19.013782783168082 71.3791942191594 1
773.5338449723611 840.1851543002805 0
313.1578863641266 599.0675277430664 2
197.9668156980314 908.1537078271908 3
520.789892559574 678.1666759391342 0
137.84294835052464 534.5401609150333 2
177.65970776715324 984.1889399168371 3
106.67173641826683 934.0388149052726 3
330.723383911298 598.4438857270416 2
795.5252954885832 899.4926930112405 0
386.6392796015942 -5.088521011902145 1
156.32057698734707 752.6434594723571 3
50.66739422190336 462.4397129583608 2
82.71860736573812 10.49057194795298 1
161.38344775959243 764.6723562140613 3
761.3272811635135 849.2833423333993 0
811.3350372246275 957.5459034671692 0
650.62303986516 694.0959825543159 0
797.1656904469085 719.1001777249967 0
125.42630498815491 532.7312084709347 2
167.947923679313 1006.9953770011514 3
83.40353536386675 815.3876837336894 3
293.33232886378596 707.1469444612425 3
512.8270163590032 929.6099455198341 0
975.3693638241951 717.1627345280298 0
472.02730368157324 404.27736599394103 4
547.0312143895575 308.05622182765467 4
313.4313634117909 263.89192262842226 1
336.2892108587338 58.89192202256291 1
535.575827244265 24.238908694230606 4
336.94060420418333 45.98239703082514 1
577.8207642722546 32.84274909740557 4
204.73253351017223 912.0395381548933 3
505.7150773306517 935.2601036764395 0
156.2187880339669 466.19128531768524 2
766.1752290265318 890.36738629651 0
346.99544634405527 591.4295464002358 2
781.660660017391 771.0175391031664 0
179.5564888964888 796.0057561425807 3
102.00121851311735 802.008234468471 3
121.0934014691245 -13.749998110021387 1
178.68776476743778 89.0306864377613 1
511.77049854476326 942.2670492563602 0
338.49670970966764 643.2097338202412 2
370.82497248060776 825.9987064439971 3
308.0072076226399 616.1497829990986 2
134.39139017517448 557.7029570481016 2
333.95960664830744 152.86406515203964 1
210.72199595415836 902.2203605657884 3
387.26966106811994 539.5273716449907 2
986.8375395921154 224.05169513968238 4
345.2840345263549 242.5704966361289 1
123.11305201823875 -19.708460078302334 1
331.52772701170886 151.35922648674676 1
843.8562889233543 147.23100485198722 4
60.46873893444167 7.708199245678815 1
307.70555038430194 496.11123096207916 2
209.37518414027616 857.9488898234902 3
130.01921996141624 23.449668663253032 1
60.341166295344934 -64.74541965973327 1
137.37010244997833 580.4620007395662 2
828.384366782401 174.90634581844654 4
308.79858583513857 607.4253545635058 2
102.6116507989596 -74.78879484597569 1
585.3224469313119 311.2003534940062 4
544.3472022309568 292.40048369523663 4
603.2615140976645 542.1627194597997 4
873.7668597038805 859.2315394936394 0
161.79441599583106 745.2821037024704 3
297.57479121350815 218.55089744482842 1
212.2761173716733 563.6383839033158 2
385.6316340070112 592.9325953568188 2
235.9652758473679 749.7262323606014 3
89.61854529549585 0.9410018752688032 1
470.679301334881 330.700574953943 4
569.8654969496026 444.9833049299513 4
274.1349340345093 675.7350958481114 2
553.723314920683 421.0178000666621 4
244.26627924212653 545.7026501560453 2
70.87895554305751 89.87134754798886 1
162.9294107000187 842.0423376585934 3
376.798959854356 587.6441309494315 2
717.5491215601983 463.24584664834646 4
19.517063610462795 775.4084642430545 3
138.86588162159563 25.076125267415378 1
549.6524674071825 90.61378818889982 4
357.6400768290096 833.2187870166065 3
506.98160829238867 567.6814521960773 2
91.10317156309499 -75.97761724259031 1
203.45715685424938 785.7437516657272 3
148.58478604994795 498.09268996521337 2
152.67258968124546 648.1202047760473 2
192.22546370297988 850.8385639412356 3
58.03609551652707 49.638084006943686 1
75.78072985134213 54.24606541097004 1
430.2703879937126 154.40844917029838 1
130.56231670626093 549.8843841658058 2
139.0371277099497 900.9184124000282 3
192.84691031635128 791.4179599553637 3
142.37194124875342 562.7172023478441 2
516.5372027904477 769.3007203707176 0
265.4619442047666 130.6492415470033 1
116.0658877925539 854.9921290102156 3
565.0572325856704 20.08101007168565 4
788.3017104060307 892.9103016106868 0
382.7205441194007 138.56614871917864 1
517.1458728798791 943.2568156114236 0
984.692204175314 209.76658718700423 4
271.75233894566094 718.7715474137397 3
344.0828630469628 850.1020733309292 3
778.8520268103093 850.8979144881245 0
459.5083995896183 364.55239287125005 4
890.462373083609 910.3032076034383 0
813.7906676182909 204.43216967103868 4
747.7078127257762 739.6705604046895 0
271.7914975966811 586.0436980583851 2
630.9562906698493 551.0520263738531 0
642.2152103594083 340.2609512136996 4
416.96550534248456 44.8662169203955 1
109.26524916646467 614.5227858835913 2
477.29005952644326 283.6469368008003 4
72.06666666070196 847.0569110717322 3
113.96663239788846 605.8385627498958 2
752.6951597627174 740.3144134957793 0
563.2251713580157 593.5422107282129 0
504.3624086361038 917.8884387285557 0
143.56941256620917 553.7883089988335 2
791.6812486306703 906.9055448905945 0
513.6034539325335 423.54507414227766 4
409.7101885572563 136.90983533193338 1
1002.4851924386872 905.8887632219738 0
83.4347957668084 641.0875437371856 2
789.4218873198512 918.5185044972652 0
101.12216926647264 563.6721157405866 2
123.00833223117947 782.1361518353932 3
387.27502645533036 438.6133888093382 2
298.7434688135114 698.338278715792 3
959.9508943139892 708.8900686481068 0
66.5851776695549 114.26740900782895 1
130.75026231600367 96.39706473247821 1
181.77644934298024 826.7570103901348 3
176.61597531136255 733.4342818632769 3
774.3843642142523 717.4251363697965 0
639.6925117756995 549.2299133919059 0
998.4007266264571 216.56425558935734 4
446.017774260507 224.979115562215 4
204.60664308919215 591.5185511356017 2
199.956690379659 783.6989114079422 3
328.7472549334337 176.30115665677351 1
205.5004144949973 552.7738344911951 2
132.29029027170637 771.6520617980173 3
189.73142524415465 641.1830972462736 2
556.1002672744593 424.2935950718934 4
138.79059209631185 692.3270606839501 3
538.1893970829597 37.12218055765959 4
427.9419839304961 330.40554167931754 4
489.6307652262637 468.13965077243046 4
568.4587986749212 234.27361512708927 4
188.64055766718917 797.2120340189354 3
985.5946355553997 210.02993408795527 4
994.952886810847 732.2653613741171 0
797.9800119131627 902.5380366584694 0
118.04624004753222 900.4047046586843 3
118.47151797646717 755.9623739615091 3
312.99222331342804 577.926466942319 2
575.3123484544819 240.22447269128097 4
508.2561010896499 41.629765709332204 4
272.98631071360944 730.8137963816706 3
298.12626427882645 701.1078257202648 3
501.2265592358666 649.7921406042846 0
352.2076583608115 153.4832386469292 1
513.1130339797614 640.2981289764433 0
549.4284232943015 417.3836419554003 4
70.9059241052502 45.75391752082861 1
234.59879021140657 817.5189803026763 3
290.8425924439171 225.52951861109088 1
437.6774008922211 632.0635452820957 2
838.2148817860232 944.6256877112513 0
595.4980399133448 666.6806134081367 0
133.0255870595538 772.0536027301104 3
206.43713994211987 820.9306966716987 3
975.1639131963598 874.4757020195399 0
259.8277123209449 808.9979171859633 3
336.8603281558603 116.6011763660554 1
369.5716112314828 169.30692442141745 1
468.91795028780484 358.19576794094644 4
392.96937945624313 544.5058245585645 2
729.1211403393161 849.352698571716 0
482.7939039578506 743.6685215378344 0
214.93999366032904 896.2943565728797 3
431.9270670810984 429.7319863434782 2
412.14941823650315 576.6694781177006 2
297.69932818707707 626.4333131706414 2
118.91934042753194 62.19516400846738 1
69.38020609216375 735.7947769716754 3
185.6117631598112 833.7596564649448 3
552.3527969239567 610.6868907841279 0
151.4236557912055 643.3190269496461 2
129.60452935887943 53.999717302545626 1
723.7306286920485 457.9582899522196 4
359.7725885779874 867.3680800504845 3
445.90299816515443 663.7162918360535 2
134.3060067049056 581.1018196842043 2
354.9252343995791 854.1266448533748 3
214.48709019951707 719.5514814528075 3
63.2861202742944 72.61631473535111 1
776.1060228134334 933.2365677324893 0
543.7571369332702 693.8184482915727 0
136.0430366802788 -29.446872925298177 1
443.48087606931307 268.31760007309146 4
169.58146846508714 827.6012705664007 3
250.72015979960617 802.0763824307506 3
143.76931356289938 596.5785715467673 2
517.050457721992 406.26147564999746 4
529.4324963705176 699.2770111176 0
425.2050634650379 570.4339773300609 2
627.9577214590054 349.1973260240711 4
800.4365185037952 924.2382474528112 0
1005.0958739046042 943.6242645141804 0
769.3317171181261 949.8448749164932 0
744.0843742188474 630.8552462537903 0
175.47819084971738 800.7097959899094 3
232.95095335147033 798.584150468488 3
793.1642759049032 148.3839162087686 4
103.82545073192979 276.0865005126122 1
152.99657077578777 843.083571582907 3
546.359181831817 620.3194633359842 0
109.62609132746623 718.3988505391621 3
759.9272185729975 781.3937995642485 0
602.4648698833203 723.1556627937205 0
578.8088893806689 385.0923953278834 4
144.59061572013456 -21.887148915564197 1
814.5441339239617 225.37176878701825 4
796.5983488060037 897.5286892136859 0
560.6678992930634 414.7871888792506 4
178.15479017095188 722.6897496096122 3
81.54869662348179 907.6134578275374 3
796.2998363177577 212.6393339374803 4
576.8793039710927 21.556911718745596 4
47.25298416453905 503.06271641605684 2
324.85514350785195 586.8871557203881 2
759.5404811248985 827.1578765486594 0
457.17583418670495 93.68568300925973 1
123.60156113266358 502.93122143766345 2
227.04892489318212 534.933146907936 2
153.7212726844293 775.114581857285 3
815.631003074786 957.5712293771396 0
23.729060686611547 490.9282304649262 2
737.3826665794757 803.1368841709907 0
565.6317250477712 258.86482889992186 4
541.6440816000083 77.24051779617038 4
291.3634561874768 597.5597459291769 2
128.45507534232416 827.0986367052274 3
1043.1411532944126 928.7263054314689 0
824.3741042029785 167.09242070096798 4
941.1220942665859 890.1346422659734 0
540.5048774049968 34.61878363475698 4
556.1212878156662 772.5044479305237 0
847.5893351919314 240.49272759840275 4
102.1585948557291 568.0919055924348 2
649.8943875696236 441.2072551853197 4
308.49241463983094 829.1385866330487 3
147.10880945851002 854.663783162648 3
787.3255079035456 803.5634192190157 0
307.42646663464114 616.4774298031472 2
136.87470740878064 786.2255208295239 3
360.106003386272 829.5084524779294 3
299.09332292857295 510.5516847527041 2
52.797879011399985 495.91247637687894 2
126.35879413968055 268.17340759330426 1
427.4053860438609 9.565686500861716 1
795.3070397348966 898.9818224636554 0
520.4969599711785 436.7655594308626 4
970.436569450886 914.4760497700827 0
157.10707245292502 803.0027143623516 3
762.2067876323731 743.9012976810055 0
361.4047955763804 304.7246693137881 1
563.0310715580988 -22.265140205724926 4
574.9725389683706 624.0122123982413 0
170.4068532489083 726.7717964065043 3
84.52021084661916 771.7047317156573 3
3.0863465043448315 99.23413380974063 1
800.0648031719885 868.1851196483743 0
123.0963929201136 520.1999244204188 2
547.0010955049037 619.4336408767746 0
681.2597368756499 429.0880771432759 4
93.95937177578345 1.3248407169032772 1
216.35517923635848 810.6279822052386 3
513.8356808548155 672.0021614190248 0
100.95272631932282 430.3818766141621 2
654.8869627001451 764.4278367119597 0
836.2625714776519 967.0413711712987 0
121.72624337944019 238.67283220486402 1
505.4180693047474 282.652715107392 4
479.26657121027563 649.0717322659426 0
996.8638316093438 715.3291408154626 0
1000.3963275495385 877.9831991569024 0
449.06495140435504 614.8114771656304 2
112.87913074832883 -20.236847500763176 1
618.1763160063533 481.4010579871308 4
99.79201442507261 502.25250913625683 2
184.0652179744918 802.9182607215041 3
435.73779829176823 100.19975243482008 1
239.94167429762877 803.9737272861677 3
869.1306582025682 968.3487030566495 0
130.6589148950879 857.2712635358712 3
85.66538882901762 49.24481321900654 1
498.92947105247697 634.0038847129686 0
797.0624869683838 941.0358560889568 0
387.7707297944149 829.4965855976133 3
270.8530617820598 714.5383906176006 3
919.5241356559753 190.13757884501146 4
486.38508315257303 864.8494071382269 0
1002.9284187764194 713.929965383445 0
190.38443915035572 777.2626743919268 3
765.4613357746691 767.8912739913058 0
755.0507661520983 927.183053885795 0
221.4739971328637 575.2913685842752 2
196.73992097656662 810.5653028855362 3
762.7181839724885 748.6653367798062 0
1036.1417030474433 910.4516456315154 0
425.5092052690573 378.73651919355007 4
292.7036547260831 642.6595579655844 2
764.1052338278664 936.3295349045768 0
961.9426797460953 939.1000013338465 0
93.8654090915121 -29.904170760639108 1
68.1907656938444 689.2727592396735 3
824.455063548459 175.9578469821807 4
165.8237528692061 721.6709800018969 3
557.4087182097106 446.7357283465339 4
976.464892209848 205.49566667028955 4
771.61548872592 932.6230418372204 0
765.3977248022832 672.3818393686797 0
897.4919875412758 176.7761053631903 4
541.4566221190753 703.6029364334252 0
183.23135565582123 770.7965977065321 3
124.42876273607857 437.05586707139577 2
115.66219520868607 553.915890579801 2
396.70382799403495 146.62593499697329 1
394.0748118154531 145.21466604709752 1
364.51961919014525 545.0236731027079 2
217.9013293499889 702.2248366468534 3
773.9512234311769 951.6834012542108 0
361.898747549962 191.01696427847202 1
132.48041257909344 772.698254083217 3
556.6846223749843 432.07561523242276 4
679.446682009019 740.4730128071931 0
199.01029520210375 814.3923883217999 3
803.8860540172349 945.125319026447 0
687.2734766912886 820.1143219373663 0
757.0878306322066 720.2752981129507 0
82.9303440693273 509.5349234133661 2
792.9366327642701 640.2055905840871 0
262.917057377842 709.9764646783883 3
128.07088469656844 475.51352493734987 2
678.0452802755306 423.37273245682 4
46.90558493485145 742.1258742212489 3
71.19761689771639 593.2650253992209 2
494.1057875497281 946.1711987141886 0
474.88998032332006 703.1564613382575 0
491.68194411535114 913.7738848531495 0
516.5988818814217 669.6222775105655 0
434.59068061258506 89.72841945095549 1
970.6964382091268 227.70280008318372 4
736.4222507097372 742.0283591173458 0
979.0483351835453 704.5007892586983 0
52.977866159743286 -25.159346832115407 1
329.00319698443786 134.56184899883021 1
1.4033420677199615 496.4214831294658 2
66.98146880321286 -101.64838484074515 1
455.3861154331001 293.30049117754163 4
674.3054861256587 767.4173309231207 0
351.4591262376766 162.80034453149685 1
100.3143919510214 498.44454575034143 2
995.803767534669 871.997509350348 0
405.59506370287056 76.17417995615646 1
90.63587870635874 876.4102362671365 3
63.01244634106814 451.0202152860745 2
43.91621713217264 7.77523184838231 1
313.6802237235426 841.8834068523003 3
86.55541893336996 87.31850017216158 1
818.6428579095524 227.19087105157385 4
88.52204530237285 -55.1807442991942 1
508.24506183214595 350.7968767967478 4
558.0369377794688 417.32823593783763 4
76.41672659930715 32.41672455583439 1
454.79948141849843 49.48442779096078 1
977.3143818303812 711.4389635709182 0
900.973375296757 182.35384891493493 4
394.56703240918944 148.391370997157 1
498.46226103329417 932.0214065660848 0
284.786343931018 249.15090013153105 1
185.75907891811937 784.0625127318782 3
836.3485776753121 179.16179845728297 4
16.97089355966653 768.123530362464 3
969.3643989845406 205.12384777814657 4
758.0381350714077 755.1128918283481 0
92.15552311976407 684.6017287243732 3
203.79063812484458 880.0910720700374 3
520.291082670149 690.3378693950976 0
459.8344660764121 451.3936410915254 4
706.4239986002741 473.15189457100263 4
213.69442808224431 788.9355764433703 3
34.60516420115566 788.1213378357105 3
156.38432030644466 36.65393858722719 1
400.0308098746449 147.23311073164865 1
751.5403867169003 758.6178022096848 0
1010.2233930822814 884.0001080132301 0
182.69558195248436 799.7422220874128 3
70.4085092175119 514.5743695573093 2
805.1829093623796 860.0780949626732 0
177.98271044109467 89.39841267709573 1
145.28769117366298 770.9666834800304 3
544.994889964295 605.0229437888456 0
123.36070169915492 625.8425238733751 2
537.3724707145568 6.416736999737632 4
89.90832604053601 7.0474113614895435 1
398.25657399238463 149.01444071174257 1
43.261290871948205 94.18558155236381 1
1008.1151609244387 880.0968230652629 0
541.183382109307 448.2579480698148 4
126.32840488260256 762.1552469331272 3
780.5600778774466 645.1477505587507 0
991.8258826729559 188.73956664280192 4
184.8239612737894 825.4625973039372 3
844.0356464500035 256.18136943144196 4
775.9725682953525 922.1814871244358 0
323.42694305327115 594.8495878720662 2
781.2855172399055 192.47933495333652 4
1012.9112263724508 896.1977947904472 0
398.5518446851737 429.5095982106541 2
774.1007277270247 197.67167536207162 4
831.1056687394773 182.68173521481245 4
93.28013791420516 38.00843324792385 1
225.05961671871495 809.830260292512 3
181.00195770906555 815.3318318092221 3
134.2355693781281 535.538849143209 2
131.03901372026644 732.4978107141557 3
109.59116168418261 -56.74531248200525 1
475.03774276917113 834.451097351963 0
113.19275959982967 880.5858764788733 3
573.7976366657151 954.430279453818 0
190.0035780666203 798.7452352005522 3
592.3484938353116 955.9227604303201 0
820.3735834482537 170.82372278258242 4
447.42157526700004 87.62721915579166 1
210.4498447022493 780.2498104279522 3
449.7063353437215 109.15580891927462 1
257.53252703509617 627.3127735490016 2
720.6025503987354 668.4364095138336 0
694.9577040891992 735.6137133742714 0
206.23259591916076 38.14628156845572 1
65.81609018796422 620.5731751776885 2
129.91635171635383 493.04093369115606 2
708.2223882833783 824.8357237126922 0
1018.2373019521668 902.2729333660391 0
688.6767323719612 822.0053084417448 0
596.7251124123175 967.6965599472821 0
398.01554672120767 143.18693152727596 1
168.15504769507817 774.2218652221109 3
841.9991321049442 168.31201222893316 4
85.59279494744924 895.7254167587519 3
524.5408349670371 462.58731860498244 4
164.62710336971853 59.12706515000127 1
1003.1533330554331 897.8448921058301 0
696.9624113489566 783.0497246254001 0
570.3974044843388 625.9136315534396 0
91.9640384636048 471.8111434009546 2
97.01151731995466 496.0319908201834 2
98.83342715071242 450.78670425633544 2
339.52187137833647 271.1711153236239 1
969.930154142856 841.4323870866623 0
855.6520060328173 885.8337863037539 0
511.49790615592343 960.1014904578984 0
135.82574087250225 899.8839096593417 3
544.622023769039 615.7978900906118 0
607.4252682510688 315.40307286923166 4
105.36020623410207 543.0747203715248 2
572.5865678691881 338.49120713504465 4
837.0177633584996 213.77039077377165 4
238.46247523511386 768.518636938473 3
574.6732277964503 661.2185302882717 0
208.7318660433221 590.5180660357616 2
577.7756469302738 13.220339202444414 4
999.7110838529461 841.9409467903669 0
553.7823995703657 776.2468070869172 0
83.75409566650256 8.072902368858582 1
706.0751743302901 437.95266885906193 4
867.8039436338819 892.3370186530757 0
193.6561435870728 694.1428844492718 3
932.3317042931756 900.7676490073296 0
82.99579398816165 10.395622138427653 1
127.28970931315564 767.9834352011572 3
872.8371600611632 185.90144698364904 4
922.181736132767 933.3870832317845 0
142.27520132183318 76.12623983897339 1
522.3695112170644 645.4495621729204 0
440.47002595063566 305.10191057214183 4
693.6273060049249 724.3272300269252 0
561.1429441365423 443.88071885385375 4
102.17657196988522 277.56411776107103 1
115.62035386171101 804.1914836758508 3
126.80335732220811 21.302751752142637 1
118.25836559016682 548.2839935134198 2
783.6960858896838 696.6694780410452 0
121.58523191347805 478.5993660004127 2
143.64548642113158 438.4011073745169 2
428.713856875435 226.72946053022673 4
319.84958110763216 140.02158785904876 1
516.0460285351154 511.5096343163917 4
142.78770490230815 253.96895674060949 1
370.2672905359679 850.9935435204438 3
843.264409636532 204.76690957054254 4
905.6080535651969 183.19307651433417 4
265.9927901322138 553.5859739439666 2
487.2620887980671 463.3881347403542 4
51.04269699554431 3.7682023560159106 1
990.1011739616981 890.6938455165715 0
229.93072650358272 896.2850715566151 3
166.8534651526875 825.3015016282623 3
81.39218863545187 726.1711702049474 3
793.1669191193492 797.3098235165393 0
341.66670548392204 246.14641477515295 1
370.56294159001123 573.0012271352633 2
533.4072906428756 566.5725524823692 0
718.2981787281391 365.2263803468056 4
829.2498132272668 866.2359172927931 0
137.0282562377602 9.882733589245042 1
980.9733881988487 875.9964045839961 0
109.33093289856512 815.6546649580134 3
444.4753067742079 78.54359010470493 1
800.3485607667697 934.2574786737034 0
26.872007986139295 787.3531849048737 3
725.325101519703 900.3806236123329 0
800.995572547466 830.3254647150017 0
578.2625374006325 642.3283328927 0
100.91985226087387 282.31847579135456 1
-37.08168778876998 -11.95494649215291 1
300.3605083079075 213.08822677237407 1
533.8813651461653 415.13481061562317 4
875.1725234524725 240.34820058143197 4
78.45502749190027 418.2021110471989 2
577.5027392485996 638.7296586373317 0
589.2363229797804 362.7113693051303 4
821.6884071425908 179.87926418061366 4
536.6958258356319 680.5875780664087 0
100.15179121181569 753.7777174142324 3
175.0548628642492 663.3292883362627 2
567.9168901760199 416.48984920046786 4
583.2245158829202 -3.701834827383351 4
539.3077682802037 -6.8585363240012285 4
400.5336734091269 -12.920301969138421 1
174.0753166049532 804.1210482008788 3
55.03857035450548 782.9607627819718 3
562.289946923551 401.82755238110053 4
1003.8181123377904 209.022067516292 4
199.7745592778868 772.613414634846 3
450.3490731376509 89.08154935383486 1
247.00398119613362 506.5700920012153 2
105.28638075022607 577.5830600753576 2
506.96988892379443 604.7990863147238 0
225.54412457097067 796.6612356997503 3
649.6689870101707 393.3347290397773 4
643.5620516732041 727.9016902064956 0
334.17843275984853 594.9325475603054 2
532.6727483917797 589.9639041882157 0
556.8050268458016 28.059219561516635 4
596.068622428522 968.1102986549245 0
307.4827068067401 569.5828431378003 2
828.6721527874047 183.8519366038989 4
564.9340512334289 640.0407054087101 0
110.9091035535506 692.8451180691461 3
127.61409733175732 78.35943266546951 1
516.6798861692446 918.5949919376765 0
363.27293377808763 197.8570421912696 1
143.10988690474247 54.581319027428485 1
436.9076053770042 251.88575921177969 4
318.0353204393083 676.0845146853379 2
550.656388377984 619.019800263387 0
339.34454882231563 844.8153860273126 3
548.5820807840468 422.37592271811593 4
370.55306316383724 868.112948636089 3
117.89689560618666 -75.12568268137244 1
818.9365577249264 144.6670443782786 4
471.0499394744249 222.30069478451674 4
749.7423191551323 737.6309958849536 0
212.79430004100055 811.3387277612915 3
820.6675766691512 862.7609500678818 0
89.94911403111897 445.5711083180199 2
538.6499823040044 771.4327496725452 0
759.0078142140557 765.1241619740703 0
422.8207552550216 95.80561002444125 1
388.3477309272778 422.9563643981605 2
929.0900568636783 946.4636574161027 0
409.0582843884349 144.17220296994515 1
167.51115257160205 740.0999449730737 3
555.2959782274768 651.4076729046784 0
981.3819799200934 720.1072245466905 0
-11.140381541494591 30.775948643844586 1
64.73159187876932 56.43049002199875 1
996.6570186460126 897.6889608505394 0
755.4520385850991 736.0725035463454 0
491.4383996132832 294.2855365730453 4
630.4941085753314 280.2982061399288 4
203.25481492812978 858.5000167598746 3
713.9815644718711 802.4481708378278 0
441.6347765288775 36.484133093653696 1
1008.651497030829 880.2895820024439 0
186.3821944314989 796.3128672191737 3
581.8324315064684 490.49971959214764 4
548.4955380078711 659.8692421369836 0
120.0354751043898 254.09952003528483 1
984.9466309976119 212.30541130208834 4
185.49484354771232 36.482296503572705 1
90.13791887380219 611.2566148142647 2
819.7716266654892 178.82049349763878 4
802.4402209310612 634.1714213539452 0
548.4272507956399 78.60717476590415 4
758.9839631974194 866.1873633807319 0
765.2114146826024 779.617542934599 0
82.1935757014482 560.3717250716234 2
462.6891358970971 536.7656467412237 2
335.4174674291537 131.69314974184715 1
53.425868595780116 513.0071830308503 2
303.1208903364425 676.2044718718671 2
194.0733230403404 988.641587636603 3
33.424135918082165 771.6449124851672 3
568.2233878567436 647.5398133609413 0
220.22730880719524 618.722963135352 2
90.87663232681301 697.1541460015029 3
770.6758747691159 733.1957721094602 0
310.1066223322901 612.7622678050489 2
34.84389155711817 774.7764629606435 3
195.9114499680472 716.27281537099 3
117.92643059612993 752.0718696848808 3
70.4964676007185 847.6972331019176 3
400.5651710143132 143.41270362407766 1
286.9852036412252 697.9075785831697 3
311.74588225114064 229.48225219779246 1
735.2221219413714 796.8629918737222 0
850.3620706584742 249.98804590558225 4
361.0367058313 836.809519976403 3
160.87671400439334 525.0262606031258 2
706.4538520381357 754.0673499643165 0
670.1731499627595 537.2757224407825 4
868.6594025525278 927.9755977358013 0
653.2716976649707 761.6995087597066 0
564.2820561841569 708.381570172376 0
777.607400549979 762.6866417088249 0
587.284745633975 706.2806597984828 0
111.08242136206309 7.2550437576226265 1
193.02934716272333 785.8993018048699 3
211.18046649249317 805.6896178366627 3
602.9472704358097 951.4277576687876 0
872.6700709913796 872.7686432622043 0
342.4701381159856 111.36407277056003 1
83.60376875148313 808.7639169825677 3
803.5808078036218 199.3965357029196 4
169.29107687163588 553.2500793938254 2
363.19302198353967 439.3772242708333 2
756.0283968745549 952.7708550030011 0
811.085661248468 886.6404244938914 0
866.7062541309808 954.66303418835 0
478.0268687787384 196.16684126875936 4
174.05465941049235 564.921873293915 2
292.7909325834069 713.9969948859103 3
661.9812141748054 316.0080424888948 4
128.16964230210547 546.1031204852811 2
535.9525107521837 454.66601647956594 4
129.5717404771754 584.0006982430597 2
526.2423567592487 978.1253052938472 0
786.5733947935863 914.0180669530092 0
90.59368272796218 19.10590205021666 1
162.92943627990635 988.2158227522837 3
550.426917833801 601.5604868964148 0
621.5590035647064 446.29996622179794 4
366.864314541618 856.7029984484852 3
154.54472187780897 798.8280701839034 3
759.6504697078852 932.060983009431 0
553.3348476209367 425.98284874251055 4
79.07790739791065 468.844204258955 2
321.8587679653749 606.0049177303125 2
795.689084000358 947.652351391848 0
297.4175951612617 722.4949671446525 3
149.75952072285412 896.2289956157716 3
170.5181548177526 756.3242515685043 3
367.14028845188244 485.2671040300447 2
566.3891421889836 6.974481526795282 4
181.1636612003667 31.115868647231878 1
133.08907715258908 772.4573891308502 3
518.3819829610227 705.6226202686336 0
520.9168522145441 702.0504115625575 0
904.9034091101175 180.79257833911112 4
621.68932804119 958.8121752243594 0
754.5633267690367 871.7523970752014 0
167.24642907930848 778.7964851857421 3
620.4800553822314 413.94769070778455 4
539.2696194750987 423.98590044312266 4
310.6236420132628 123.73201758976536 1
311.47590567007705 540.0779359124653 2
567.9728305434792 4.713518930509922 4
247.66443445197558 548.7787847977963 2
220.6698633581159 808.8439494773637 3
192.03607035293138 789.8877407606718 3
643.9217773415879 749.8393914226065 0
1001.5823836647372 191.29675007460182 4
97.29071565709977 3.974464453803001 1
462.62693567605277 396.68369901469896 4
109.81617131804107 84.14096504009967 1
103.81826744267755 280.4254903170218 1
471.34335705644384 861.1519100851141 0
108.9913484825977 466.2119938380581 2
92.10362226093929 887.9210777526905 3
72.48170954720092 793.1883927072214 3
901.1686508708366 193.603280042677 4
832.6640109183691 872.0166337296894 0
16.852476538169086 -7.906562667006234 1
978.4919123711709 863.2135515353912 0
131.0807055429119 33.816314138844994 1
421.62013897984707 491.6424337057083 2
109.3052910528177 -3.7797695756108176 1
760.46047498576 820.8587096162255 0
187.0446615339301 843.9466786647304 3
495.1797893755671 835.2077211721826 0
524.6435708224524 952.3491826666888 0
315.7438753353048 244.72416731752983 1
103.49238343360952 560.9229635794162 2
393.33578400851997 141.6893798131094 1
152.37153938929094 87.77694864271027 1
386.7481461264792 688.8739098533106 2
434.5315696234964 385.68494885690086 4
260.9010017091551 835.0597879277441 3
423.9748834912791 118.34666545589008 1
660.6817705170276 739.7478147652869 0
81.15066134969743 42.37285388223526 1
813.7927972426853 897.8852592458549 0
81.78657192363326 78.13195409069134 1
787.7252595797771 962.192497285753 0
236.81164890691824 757.2304149667495 3
721.4407861003493 811.2679863306279 0
661.8336177735231 766.6670102625793 0
141.91219247258903 -18.689385023794067 1
518.4519424378277 29.837996028848814 4
297.67916966399014 749.5004882192909 3
136.8222983656491 516.3349720428555 2
131.52148947146264 57.64265165801249 1
781.5343736243581 764.9994216180594 0
682.019036184269 672.2930220915966 0
234.1291643437223 588.8639818176712 2
646.0584867775189 777.1098936895633 0
741.8166067792595 780.895478842576 0
980.8028175327363 702.6637151356359 0
396.3349063036079 146.85357413524852 1
150.17458767877616 57.91788365269218 1
106.12412490454821 822.2621854879989 3
-19.133981606112926 47.72908512370388 1
410.61508292162773 402.5711694753928 2
9.332778615992893 -48.02581664186465 1
553.6994321860788 381.784462874964 4
135.5375944121746 529.2159841632167 2
142.310527169093 85.61146054462623 1
153.58964524231618 788.3681503638404 3
989.38600984259 951.1987397581644 0
117.94316635747712 895.0536817055248 3
99.74950316719705 32.74843339563164 1
799.575705124782 167.38663376512957 4
182.78977435448712 800.675299910226 3
439.893782776869 711.618827409506 2
347.37654536783 98.30292908252184 1
809.4756023535525 186.16107686773896 4
655.5081753803388 435.290146054524 4
793.7990103270889 750.7173532606486 0
543.9053008990335 988.9188495316139 0
133.19221341420212 591.0888271033085 2
755.9477645814336 175.84228840756452 4
543.9843849584362 639.5752199884448 0
154.23275310990286 93.16667054382833 1
364.66325314035595 694.6855996683176 2
206.9738446781688 -42.49431245877528 1
117.60067145396216 794.3655521099964 3
370.01567003993426 180.47107337691165 1
429.5607569393223 121.49117795263747 1
255.95276179591622 793.1149059455649 3
160.88773921231396 801.5846120071575 3
306.5458409041796 757.7618294117525 3
131.73878572824262 494.25842245320734 2
133.68392276400297 72.65673029456562 1
881.1991785010927 932.5473268238815 0
471.4425495682068 738.1634245019557 0
1021.6215932547674 885.1788478717552 0
350.67538778946704 136.94043635071114 1
111.51937917203689 257.71182334105123 1
143.49808012240942 914.3484104731094 3
482.1968373688732 953.3916633206863 0
112.3749426602305 495.98622066113745 2
412.78595341832556 86.73756519111922 1
780.0478330582844 926.1529999576663 0
112.217691019101 497.9213551189408 2
451.19383840110856 103.52248295742186 1
996.2337107181255 720.9926501156168 0
933.0774773823449 932.4028850437438 0
559.6724881672341 187.1853144700142 4
737.6333826570432 801.3725399595339 0
190.39220191479626 797.9633299909331 3
441.1923513502611 712.5762215282706 2
315.76688159221635 91.69294656226262 1
314.02084860601724 569.2416396281656 2
129.12867284796917 769.2022608578092 3
262.63973347089654 879.1107204355342 3
98.91779138138183 527.1897161248673 2
140.57595554924004 780.5509674822798 3
123.95626856224064 491.5673425193796 2
74.71976697823901 462.01763196066156 2
218.801284986358 912.4152462819211 3
514.7981025557888 532.3469748531811 4
498.26819103118294 491.1063953179424 4
540.3043371399843 629.2600652051447 0
112.3748162066717 12.851634713545964 1
440.9076869269856 471.9271563340038 2
391.8825825621826 543.1026943194767 2
270.0637861372506 674.2536515441714 2
184.36856689926103 775.5725157040872 3
63.876520075190264 499.9078545698832 2
90.90481093408901 789.2016188879439 3
57.05457223610583 89.51514851857253 1
817.7392104068019 954.4432143661365 0
285.57315361559233 733.311154394289 3
414.62933158856345 622.3062237224741 2
973.0652695231098 702.0637726497439 0
203.4905301659071 827.1184262453551 3
129.95077320920154 626.8185789633791 2
216.87902310509187 566.8030608530768 2
90.2959960213397 109.93287409947716 1
832.834905060972 957.862192624328 0
428.6541035526544 81.40305015177003 1
173.79171955827331 870.2673541292393 3
110.97652805863301 51.32639870539986 1
111.91618294289451 15.624363757299816 1
536.7237202948621 440.37693835203544 4
402.33203682884067 180.2358145658979 1
739.3406087118127 782.7450461767107 0
513.5133351372525 971.9912269840861 0
785.779322154422 777.7326797920088 0
533.3336924500378 748.233174782555 0
94.00766699266981 52.274159474829005 1
106.59975399279892 460.79842922252556 2
147.13365303440554 468.32372640398575 2
113.4382731238303 830.7970896947196 3
394.26026771848024 349.0922213656792 4
598.3859618662824 968.7732539089709 0
595.769768925972 502.8766334501762 4
213.32824589594193 619.6327973136878 2
295.5920018304409 567.7987954203869 2
208.41154638290462 16.455963002439773 1
539.3583118897442 412.8575012635008 4
778.6393924162977 772.9902226516258 0
372.6258339024634 824.8385338538004 3
329.2835935497342 142.57361049205505 1
535.7667672650629 401.24672975169085 4
325.27913100197424 586.3286584917909 2
785.0850645719 789.5476282667205 0
488.72338055432556 164.2385905931373 4
480.55550910984806 247.97035175719628 4
535.8949622216315 421.7061583093614 4
232.82764841325042 907.4312851568108 3
312.57251577611925 589.5507889608577 2
533.9008826117287 164.4923463282049 4
460.84823289462037 131.0294752009898 4
996.7275625600279 895.8366069050817 0
595.563040115285 373.871917346667 4
683.201290077236 659.9524085389555 0
822.7681820284721 971.1186589465736 0
764.2310256918369 941.1934344749072 0
410.7890406476268 157.57173367107865 1
344.2584942298937 526.2651657512639 2
129.00835303386668 777.4579936729734 3
292.3175776485492 136.99152208807607 1
202.5381575395014 501.6288354895395 2
355.15244339972753 304.30824420344567 1
798.9819863930402 960.6348971385211 0
357.8539020294866 598.1100591539189 2
520.751574749848 141.12197803866312 4
397.94113323935045 249.17473567270844 1
573.6558060437513 489.86648191206166 4
523.9255393421306 433.1249683499275 4
181.90307507162646 997.0095738487718 3
379.276908373609 354.1194734257724 2
762.1753386183146 717.025045688338 0
517.0250215199737 941.2104230631218 0
515.3059770758438 922.0893396505573 0
87.06255770227595 541.6996341637033 2
105.79565096196427 -26.37564406010016 1
816.303729671994 970.8965304778438 0
152.07779934688207 699.9886026433196 3
567.8651447038951 433.98956491251676 4
551.1316900250696 649.5045230243824 0
138.67339518722855 491.07604733399126 2
149.22698074434973 723.1546546222629 3
122.14437806008009 -30.176812279612754 1
593.6988744069762 22.645175143266087 4
575.6990725760061 406.3777608264886 4
-20.159008106101297 -8.459745863748347 1
801.6435024908 909.6649572716947 0
1005.3399479751149 945.8454412400235 0
189.9444127414759 753.3107837205179 3
835.0321952940874 982.042337984214 0
756.3531602625046 837.2083447625357 0
101.82555474300712 572.2901791059107 2
171.40927479156642 827.0580010042654 3
728.325053043973 811.2933267036236 0
120.19798569212539 450.7650791032853 2
87.57489530662195 705.9724650282403 3
481.87832478526997 220.75560507502075 4
560.3804497715593 10.480102597189724 4
569.6457858478014 399.57025527190274 4
425.7994693985323 78.09663846489629 1
157.19868241379595 770.3113967546503 3
242.51015804754923 764.5988332780589 3
540.8047992428623 357.79668831931167 4
94.47309767884069 -5.519534805600168 1
139.82491004149423 797.0315488409816 3
63.804550459505414 496.8186680508572 2
327.68457980753647 586.0516532362209 2
301.7181784164192 544.8886818374176 2
310.7520254075157 94.55345371347502 1
61.745668145642526 45.90517439159301 1
124.2487517494784 269.93486413009606 1
678.4441033269668 788.5708086871257 0
140.33841643350567 526.1550398940034 2
794.9105810345125 726.8355152084469 0
722.5632844045048 694.9113996218597 0
152.30728705396274 551.9330659903653 2
983.3419286937938 211.65650367233096 4
60.82856409444982 -32.91300592315609 1
330.3383211707101 -5.556134179083074 1
793.1907645706169 911.0631889019498 0
129.55441187699185 927.14904151237 3
530.6656083886976 980.7341325451981 0
979.7466825629014 875.3624822107688 0
72.17080690130268 102.72600748129827 1
993.0407217701323 903.2896123174147 0
1.7224477087439993 1.128105743279903 1
159.1297806938645 777.7632317699544 3
516.3005580500758 267.37229785014597 4
99.17357017037607 4.074481368433968 1
188.18794909049987 996.9658259177716 3
662.0950016318777 341.6730277682167 4
132.38164113973758 773.1097608386477 3
802.6357059423938 928.0025678668476 0
741.8759409411965 798.5962721273646 0
280.94976310738423 138.39622834084727 1
177.43246275567628 795.152606844044 3
198.19257418570405 803.1609465524027 3
875.7894112227054 125.88002026443982 4
532.8792478961952 707.3032374928198 0
726.052577669681 877.3434409200983 0
776.5160653089638 656.3688947648702 0
964.7992060859941 859.1263751604247 0
475.27733990376936 263.81886135682424 4
491.9442653006087 411.49037496562073 4
734.0750676850175 806.1852147358208 0
86.98866954740029 26.409413462369635 1
785.8631816146524 738.9246387167407 0
835.8232574997999 960.4436919740841 0
353.6162847983569 145.53995847048276 1
767.4495113336335 947.2443539781519 0
842.2481599039235 201.50088357892488 4
71.38106311230237 41.11089532055839 1
107.88663396593218 34.74667286198004 1
416.0924976437816 168.4502448913216 1
588.0463099094245 699.6136651693563 0
97.82795885225487 12.251856382407269 1
996.1371995273039 888.1516222570452 0
280.38808377921157 146.80595797184725 1
225.00427057179104 539.6231145488495 2
526.9184066428271 429.0690305929042 4
436.07853958084496 76.52878384003132 1
497.0471716352446 435.29184332580286 4
253.6151612084383 686.7367794168781 2
202.48219659770052 803.7660724321811 3
547.0343177960141 420.4904253783829 4
795.4688358336823 784.9185821417555 0
784.8466952008831 749.2425868182979 0
87.07665561919792 507.67423451339704 2
133.7440179201883 273.8591414767144 1
763.087877825599 953.4831545159059 0
113.17583876666298 724.3817413549547 3
961.0229430488067 832.1138809408662 0
76.83541643176346 13.05960594811306 1
109.03419030445636 232.75723046459947 1
200.4931567723733 819.4203415975122 3
-6.9535931253567185 -28.59554838541555 1
145.01445091315315 808.5987090698156 3
763.0039752918173 954.3827318294407 0
35.21899952281847 -17.167464994066382 1
336.21256569681134 604.5656895228826 2
74.59782208417073 564.2192814298554 2
354.15497707510514 275.1096257740069 1
463.1061788162671 703.0753107683021 0
325.83428185372316 181.04919373273935 1
543.3016622628338 152.2356686803162 4
833.1131080835967 787.1504765007637 0
86.3766485758761 4.341776534194484 1
192.56734142269053 819.0568879666713 3
543.2912902535693 428.73788955008723 4
598.1607683190875 982.7254800283456 0
849.4681837423827 181.9128256913799 4
123.27240224176553 274.89366839162057 1
715.6294115371352 732.3933730032905 0
40.8221998459217 721.0490556753666 3
38.32241408115961 724.3245062268626 3
820.812668547683 190.97337294582888 4
323.8115265882862 63.85057707186405 1
436.9932723305758 276.4649032416197 4
342.2541373545971 142.36131586206554 1
602.6435686151528 356.6701460973957 4
146.98716987378103 808.4950377500486 3
496.42481176423763 113.54204635042021 4
164.99670172607728 12.32803611989246 1
248.8551808700093 892.7132109925136 3
788.0038380731115 725.0735122345021 0
162.1874024627957 787.1605951215712 3
510.45910159440734 61.34501318707713 4
57.14216625169633 -60.29676942287375 1
775.6318555080386 211.4949503008536 4
750.6575665162187 679.2988259305947 0
803.3138964594375 167.60771233440522 4
467.7814971456585 447.0430668213345 4
110.39653154349304 452.89315636473566 2
846.4976655608847 134.05120402771067 4
854.3801851255515 964.1250088344915 0
838.1109799190453 959.91812639803 0
595.5338905116485 25.360699631152993 4
173.60412429549132 991.4849223798664 3
513.1539988831377 453.7502225301108 4
756.292969091197 714.1588256297705 0
330.20157467631276 115.4029047086494 1
124.72231625557944 56.06343047282567 1
46.63252181083094 92.54224345574875 1
131.98242149711535 712.3980168485007 3
183.7617361733653 779.638137036427 3
514.3043577359274 911.5885140677618 0
529.7158976078589 619.599766637677 0
517.423377129165 718.9347281049304 0
317.95249311794123 125.2912558852183 1
151.25516826088617 740.1105082958802 3
836.940600016421 198.40819028357498 4
728.5365421093722 905.0672481819051 0
384.9906051473006 409.04304824785993 2
329.51279371665225 132.47012388107905 1
783.0899657842431 970.0416137258082 0
747.6697373477788 749.6332391541647 0
91.42996306216332 878.8314845622684 3
363.12775440452117 831.7867973875599 3
264.01932585646125 607.5195561535585 2
130.00765375402852 777.3982560451225 3
197.7293675922423 813.8281141425591 3
294.2219181890594 155.666609845189 1
348.84206431530635 575.2009605713844 2
-8.224857879572468 3.020600068232126 1
519.4863167416322 969.194972257449 0
321.1485232183596 593.9992090887499 2
610.0113741516308 964.2939519869166 0
28.279579011542396 615.7350581790805 2
733.4415943665045 810.8701335775112 0
6.093301599622276 760.6733560660283 3
201.38855404020177 732.6531749723347 3
98.54629417619283 -2.396205028076242 1
979.6361574922261 935.1083884731079 0
33.605129151560085 87.04067389233622 1
704.5646723278599 933.9947986544059 0
535.7135806992866 638.6003617034512 0
148.2575627717186 -15.805773498904038 1
318.7650143400182 580.3260803722875 2
528.9193973901924 466.7923838577045 4
184.81668676165685 796.7030914659506 3
726.2635652970641 680.5350609668774 0
394.92113258884564 104.44290333848019 1
562.4354628769504 1.1276921768404122 4
845.0626219257742 960.7664251055282 0
200.18990151139434 -48.05806521331512 1
288.66145395770553 712.9050519232075 3
714.4599092537532 760.0195712890294 0
742.1923472994554 743.1773293402497 0
674.4252611329438 367.2080508879501 4
-20.79392924555748 36.62918135366036 1
311.0663385689233 174.39778196630633 1
123.12642958604826 892.9799949996639 3
570.9736501406779 41.903161743541744 4
720.0584040801356 927.8164512448561 0
156.53006704883845 716.1597433031171 3
182.89817577936256 1000.7348101078289 3
690.4398193130467 425.6923932616544 4
733.1021029039919 723.6403874593085 0
133.25844452530123 512.2492117026881 2
238.66245035914406 806.0139819136298 3
507.20429866733576 388.124877851125 4
100.61709597409096 495.76510065320986 2
531.842293907871 693.1174128064775 0
810.0004954573283 786.2523901693423 0
280.48570881060647 152.96304708848595 1
993.3702095477047 186.75930204118723 4
597.4151069879176 359.5422955537115 4
608.1796908404015 944.3685303042729 0
198.01344706564674 22.210024589468233 1
101.33253888036687 727.4746196287797 3
558.3364485444641 18.070863735642114 4
202.73216987844674 756.2584204408074 3
137.6292902573587 551.4353999805892 2
132.2463805185989 618.6346511360252 2
507.4093258500604 949.9117595488873 0
992.9670390127144 204.6027196774075 4
190.5092806583987 698.6532128528977 3
737.7730435491287 732.1625802168061 0
427.21684951001464 90.27669630879636 1
839.6783883207936 235.34967446323952 4
25.255130166294563 776.1552546724681 3
548.1767133427259 412.33517819650183 4
841.4026707500168 911.5182896128567 0
487.5893142146225 251.52135712172688 4
642.7879013873691 749.8138992210634 0
217.29383284370385 -7.446480742731541 1
999.9244705454571 724.1322025861788 0
146.6838841595627 -34.40847793929345 1
595.9195067894775 964.7459183977894 0
82.05440091939718 45.55831709528047 1
95.00112101488125 68.89357959095553 1
107.12110575957126 494.4479243350821 2
1.4566809572521144 773.3325140954527 3
312.90098472134804 827.6289631058294 3
181.25533728578804 1004.0873549477624 3
143.58645022632447 563.4073673366266 2
489.53341682004213 313.06092293754375 4
184.84537854626961 702.8228205735871 3
673.5407036821462 809.8226512316201 0
859.7854274245732 898.3973783083869 0
170.65859939095802 530.6977579945958 2
211.89933139776412 812.1211795529879 3
227.853818337568 618.7178806353074 2
-31.24000772502653 -35.66203487124554 1
291.7110508723896 118.48659880742848 1
153.40309218661181 809.6448789205273 3
794.649574303793 908.7189697077692 0
202.95439150503188 491.70042834856946 2
111.52842218633035 16.09185182583847 1
80.34242443056158 459.92338789089223 2
174.72900596527518 822.3022646953929 3
252.894032081525 672.6407674404176 2
889.5168003075958 190.8482863535854 4
766.2979557085707 192.22527074722527 4
159.1545951716222 533.4499683190528 2
291.70297777019584 148.0404510189107 1
819.709920074484 826.5861387445941 0
736.1162850552623 782.1837785516476 0
191.25736896617218 832.5663432905711 3
477.13885991278903 858.7235912994012 0
369.1273658876672 552.4883523168561 2
856.1639320412282 876.018968971542 0
1014.7467428972237 916.2124917331851 0
78.91729832470794 21.92434963749906 1
667.3929344669749 775.0760169299485 0
349.60611768010705 97.19787085128505 1
1026.9438805645932 883.6039678250671 0
103.10503413858315 60.00517406551422 1
119.06762020145692 595.803098582972 2
545.3414358571102 16.044326159883887 4
826.5812443097014 181.65520741116924 4
762.419346128818 738.6121523505947 0
989.6971625278322 953.105432485854 0
88.29911289740244 550.7338193187171 2
870.8536154970026 217.06057408898522 4
184.26694349015185 57.61791181696521 1
106.85313753212503 747.0568544996945 3
250.39311061558922 159.6463188417324 1
791.7435962246351 907.8426705039119 0
371.2992417738336 817.5734806655087 3
1023.4943545529733 845.5506982135662 0
100.85294469653557 129.6157871347745 1
414.365901528132 378.4813926283457 4
263.73988439750633 637.6411544993819 2
766.9748021327033 948.981687017866 0
127.33537973303228 541.5869652657759 2
512.7755319987161 636.6495977445194 0
739.8952527911747 847.7662455896021 0
221.78066124663195 491.1415524444801 2
136.85069974518638 785.3093079367783 3
1003.7753816852272 194.99245512722493 4
291.16205242788925 540.6264069684692 2
438.7971562963887 91.39230052039689 1
839.8207449802435 954.4930354185752 0
100.78094993974184 744.2606840729715 3
534.6015073186512 419.15391542460753 4
390.6671035471657 198.54344067168591 1
790.4514238197229 245.68166695375098 4
283.77333221920003 664.6303753517286 2
330.6208791328728 99.8394480259325 1
531.2020784664709 643.0567739935266 0
744.8806742861528 744.5042126544762 0
185.54210438443118 997.6972080188905 3
191.00487950396075 55.98704417708623 1
334.42568022933347 593.6330514288371 2
836.6056362084041 979.490549286789 0
853.3296514337471 699.563258056352 0
541.9442527151779 630.4825682593699 0
160.347599947313 780.6130644529205 3
841.9911996832038 992.8710229022231 0
841.9543865537789 191.64327179062437 4
289.36981882731726 748.3590314005456 3
729.1303618134885 786.4764130365513 0
503.9150300490854 333.15378301049714 4
778.3791640949921 626.0426864701919 0
428.48861112045586 212.47726595602077 4
153.07577489429386 78.58400109979888 1
793.4945239661691 910.3968282398213 0
40.07234892506689 28.88491909645248 1
215.2725493402967 720.5810630673376 3
764.0678458368808 949.0944487713679 0
428.05903357963643 127.10996041564435 1
356.93057401126384 660.464216842551 2
957.426884516096 835.0086070203789 0
49.81216085865826 547.9907374727231 2
818.6955861698871 228.31970921228026 4
357.88628912659453 149.45235486515452 1
89.30195827991952 825.4367524201004 3
83.28494319898023 700.2696837041036 3
396.45843148972386 154.5220906281706 1
783.82472601293 840.1262621190317 0
178.43339439526224 872.4111567726336 3
175.2388472944669 765.45512594562 3
782.9498895135721 754.0504657455961 0
282.1595445950564 158.8134619769095 1
88.51275505810773 4.048647391517581 1
798.7854194727944 915.0837387315503 0
449.54565107002514 131.70030569408402 1
836.1245740267276 219.36000122185465 4
499.96687835899434 959.1625198304489 0
625.211781739089 465.1013423655547 4
839.5414673838957 947.8224207019693 0
837.4750703347901 972.8253864541578 0
138.73903925664268 775.5679866407844 3
784.2490382714583 825.5010377258566 0
266.64321979110275 781.9585151682502 3
348.67319656766716 480.81761355600827 2
700.6600021017807 665.3977672405401 0
197.98614772964496 798.1860576204998 3
118.09255180596172 778.2667190266322 3
787.0475199526362 881.088899023912 0
125.22837261749076 780.7663568258298 3
828.1653154624275 957.5691165342171 0
771.0453899998316 832.7774275142742 0
91.90880742730296 468.0503463114188 2
184.40575162093614 896.4748350004655 3
368.66533318731 474.7773597003744 2
130.23159849474035 861.1310635775473 3
558.0007985839626 58.941891919123165 4
464.27514209787535 181.79978193842442 4
824.4082283292062 258.87382654656346 4
138.3956688939537 -3.478926676596492 1
259.00884243850163 553.6273161233371 2
407.2576343588602 562.4663979375905 2
371.1541783412385 681.8845578147385 2
609.6701448262506 705.2094330885936 0
603.6731672050503 370.1415210877443 4
1000.3800646155589 896.1514690769534 0
102.40160347228242 -95.46315219073726 1
221.14750030214975 802.2228836919558 3
261.49602086804435 633.4328380245859 2
546.5650547519033 434.6725784582239 4
713.5145317395067 921.7694746286363 0
88.6130302255604 576.9770561338398 2
85.88702324997041 -4.323049313391532 1
447.4257584348395 149.7864267175119 1
475.3619908440562 850.9081250604028 0
272.6940565315755 610.6441240588788 2
493.55949059505315 677.4940300443177 0
404.5456629506018 40.114015238302144 1
963.8415306248081 894.499518875988 0
723.9025373963609 629.3613102224599 0
526.1539723968831 112.11934303561351 4
151.73680885534696 0.6564421416729758 1
8.532491546111586 7.7073415625796615 1
461.5752001618657 375.13311074655337 4
124.44346143147412 18.830425750906333 1
516.6748423518698 389.26881910564305 4
208.13804079185388 894.9324449561882 3
105.73699995485039 914.9040685493596 3
90.63411587287887 6.482917150656946 1
530.578566810308 781.3478268782027 0
97.93602270661556 30.625761456034983 1
49.97140373502859 34.436960725299244 1
306.8043573372941 634.5326351123753 2
1010.1651751239011 898.7277423514971 0
359.6697925489422 509.02002506777956 2
336.84338621143206 99.45309147822115 1
79.15537340546726 502.4723582438319 2
513.0792674805018 947.6483725753216 0
93.06160413113807 79.1430995564396 1
695.8055921098597 754.3125584932247 0
708.2735306999834 512.6238921962954 4
348.8318348817028 137.0714489625741 1
262.0394387507836 549.1850838930624 2
38.25755790797477 767.4726477022921 3
200.36113718279552 817.3477558188614 3
49.658922626761694 822.2198718834363 3
190.25091120309224 798.9985197925704 3
577.4262647644046 601.6551505002275 0
783.1133971872086 734.1313967010526 0
540.146128362726 145.48093920495873 4
529.2878191203495 455.0418447545537 4
110.06316262871482 48.674749379964176 1
-6.399483342536925 28.229636137793797 1
758.5386959791795 842.3966580015863 0
343.1741447539433 525.3820217817586 2
958.2241881564047 704.2796706860199 0
99.44115902806838 36.22105964581863 1
360.31617483311163 530.4890092862483 2
807.0481427927562 860.4385546127883 0
47.20287657514936 494.9250954568356 2
122.26861284622677 731.0376309888875 3
579.4015083322303 441.10768040753754 4
32.085599674447884 766.9300583461877 3
571.9825094293003 -4.645541922011599 4
797.318002432763 740.9791434071813 0
125.21962742473949 541.6094266108644 2
174.29196782693387 616.9673656959059 2
531.1489260774226 965.7737736846096 0
1044.731119041147 935.1806911415654 0
464.87868898006644 457.88924067053864 4
919.0809171766117 927.4737106436942 0
179.93289487093475 786.2167386493536 3
511.2764923111167 941.6583005680686 0
129.21850047328337 432.4872031492504 2
970.9954549004558 850.5941355333366 0
385.7444545326261 170.2428154293268 1
909.2099983777814 189.42533383369337 4
313.87631918453894 559.1029222659348 2
670.9200238846202 812.3908691728401 0
427.0927823767256 367.7062049083512 4
319.7658442880973 562.7553873766904 2
548.7898224075534 623.5636653253626 0
505.0900880986556 948.7047239076305 0
299.0798167849851 130.98031640991977 1
134.1317335344299 624.194379748064 2
553.0502696129417 167.41483557067124 4
726.4033281033998 666.0116013923455 0
91.51231673317079 869.102228215368 3
789.6538920064746 922.7883717633963 0
128.93467841206316 479.61882601054197 2
720.1151367804681 455.3217050549071 4
539.0357973151214 425.81587991071456 4
1004.2361676991975 195.91812991531293 4
553.4882905266423 637.2653051064801 0
329.80116788287995 588.0111778173499 2
766.6867433440499 716.7856309083888 0
506.6103741414744 942.7392301024337 0
994.4391377628658 877.0528284390728 0
176.78192275298636 95.04550455358277 1
318.91940916440853 108.48520625897078 1
680.6834910650908 776.1617873870333 0
940.8026967076594 884.197493644084 0
66.48010248439856 51.47580624649653 1
319.62853771462886 110.35122635972296 1
353.87127451027277 232.68722355457265 1
804.85816399861 754.3591252705141 0
373.4165767239982 117.81544120625858 1
754.2250346598479 758.6076033829949 0
165.51394678240743 667.2393455977037 2
988.988574082445 709.0131427541288 0
183.0627174322404 750.6179679543608 3
132.9250582692193 29.901490840476146 1
172.9785563794909 997.414191751226 3
92.80406049373978 748.7900522691862 3
358.79958687886347 861.3552781015927 3
139.9967531380315 432.7113094148054 2
790.4380019583227 787.3037207115294 0
357.2453190292151 148.62429553987565 1
60.73291932409135 -33.187986679825784 1
35.548209529603305 -56.80483207381434 1
106.76206543252994 916.3333697215108 3
135.26239279874065 709.4510654165375 3
97.51825211542848 509.1517427576854 2
373.0883704189929 111.27311585182682 1
545.9582265995991 312.34536296224735 4
282.2131246439644 675.5126677371554 2
550.4821871506225 387.1745703944135 4
986.4242043790631 208.6831913015065 4
806.7848241253992 977.5850323591529 0
172.64294157441134 555.4517868842424 2
396.66751300402757 8.898754247617546 1
548.7133855350444 56.58478984295506 4
332.13782227376345 602.991962687608 2
183.77585217869856 798.9993584048244 3
815.5013717135538 201.76311293931215 4
476.16129884181163 61.17212714738473 1
807.1436551647353 191.58798012597242 4
359.41314545292363 867.5586275375357 3
161.18098653610983 89.7540711915187 1
736.6799546729842 785.4297144310244 0
139.10377013228378 913.9584127364631 3
489.74040698822574 484.30633405047496 4
585.5336833489954 580.0093781485574 0
418.26518560468674 392.19361679708464 4
802.2215124416596 922.3966316928864 0
512.483953950276 925.2226116267523 0
792.2795670630213 903.7189690440445 0
192.3734596912366 799.451289487118 3
193.37001950775624 589.6818563401067 2
132.93697549200493 542.9810834484597 2
139.98049053105336 812.2811108307687 3
131.31832444568167 545.9045502642117 2
184.96661918127393 813.823336295107 3
427.12098588533496 78.8349823007503 1
127.4377390517489 541.0723474499862 2
790.5531588067716 824.6114937273304 0
6.274609206673674 25.39519117877652 1
288.722762323423 631.426956494683 2
788.842639613317 185.27262571867155 4
320.60183255058655 633.9491325843699 2
296.22524260678927 479.9894949348308 2
29.586093209369196 491.7112821837099 2
428.3788239011602 79.50865778341357 1
96.24168769813033 484.20752545829424 2
477.88966744414756 727.2972080337307 0
758.9301250754227 733.2816366685331 0
543.0658171182632 574.6037209570578 0
424.8534207728641 160.22396818053528 1
423.2758082197341 400.92589768064653 4
817.1881085357252 732.1259263843192 0
824.9406149308605 911.1694541707924 0
190.51026531176424 717.8195585229192 3
546.8543651951353 -9.069309099424427 4
784.1942819509075 723.473983744493 0
700.5150549333167 821.5225341682097 0
593.6534414561064 708.6837527840138 0
279.4693646184052 147.49664660282465 1
1001.9118588975925 199.20483321010542 4
299.38474538693436 101.55333072625157 1
397.61422780093125 440.96953848582234 2
597.4662469606108 962.788522288454 0
203.10314821690392 525.0431206530952 2
815.9778974685349 896.8975964147993 0
981.417137956865 877.524709143004 0
140.1379807166477 75.03609034083567 1
217.38321200671703 571.5185726395155 2
554.9320764031747 416.58509222435003 4
152.12093137618555 833.3809987627651 3
126.17608295401708 705.8476931397608 3
125.79383472426092 623.8906985125046 2
252.8889523859013 618.8998386140922 2
135.2576381781353 773.8238240779946 3
249.77294154986083 588.089514852387 2
863.4947317639987 887.4059519440722 0
1015.7524929995718 876.928471425099 0
235.17540973413017 488.40749048672217 2
101.48177341436691 553.193824757024 2
577.440381761935 643.611460826417 0
775.0684404573327 723.0501017158333 0
562.41688307582 447.2132144555237 4
198.55098562609282 551.4498457765035 2
437.5210455122829 113.86573712615099 1
12.064159392105836 -57.04916748903749 1
520.1301635369391 25.651603461800768 4
106.6505852539376 453.6500526283925 2
520.3743502665662 970.8287749016031 0
493.4235117919536 939.8792749549071 0
339.6645531904502 695.5788339005776 2
562.3117118822146 662.1416329530445 0
187.21598920615386 793.6912253095543 3
60.07652902502045 5.288501225481379 1
741.1040888277795 916.2330891864984 0
367.7917181810898 827.6090975266994 3
421.3948134296732 421.51353900706545 2
1030.498951896731 833.9601797906928 0
587.9781166673699 459.96012347329963 4
731.1225070225652 731.8416854767952 0
510.24861999842886 621.7180926770304 0
506.5730589270405 342.9872967750455 4
540.7484085312998 375.57586451715486 4
776.3458757649397 729.3368440511487 0
507.09850630803504 941.6368136785977 0
165.49611775359966 1010.0846747037217 3
106.77863350865155 528.8110207284489 2
101.53546342745105 486.830675515442 2
146.09074292152172 263.34587475218643 1
763.4799379744088 806.212795522568 0
188.76157706080159 790.6942603804729 3
567.0334238042784 322.5771168359347 4
203.17967215961642 906.6266981708327 3
341.3084446383905 589.3012312125458 2
579.8790566207381 423.9856309155224 4
33.553586134718245 495.71595693266096 2
188.27984936456625 809.5369263452703 3
130.61017976835848 27.602946490520434 1
571.9414227922256 584.6997158692368 0
238.99113015749685 899.3332607608598 3
766.4551487188085 757.0929361218422 0
842.0712997653204 968.6636861165197 0
498.94251355607855 707.3102972183835 0
760.5785468189134 732.1382058535087 0
747.2968627022697 955.0680363418196 0
967.2027277245519 222.64605997763573 4
19.341544148097967 27.00511698166768 1
207.1552118287905 907.2602293603595 3
337.6867610372169 135.60617178765906 1
375.67716978731727 854.6547172846902 3
823.8677723879938 980.8345712213102 0
560.8075306078003 31.145009987849132 4
755.4926322036381 792.164342757508 0
537.3327058161975 667.4157891604643 0
434.91789823947494 90.1847935756506 1
483.2731445359527 57.568764732368166 1
537.5474550392436 471.17890176462913 4
847.3167286536595 957.8314429085416 0
79.0938441924711 529.7501378054812 2
237.67620349491128 920.3970688575081 3
155.18536453360053 743.6655587496734 3
578.502837057782 656.5517148050345 0
514.4456806169925 914.8192730363406 0
1018.3482963248667 892.2198975826651 0
817.1775562017058 162.7793012358689 4
20.440935715054678 41.31278593013975 1
85.11663863490935 50.75600857796309 1
171.72454297301942 768.6586044229954 3
147.38974052842903 448.99325616134024 2
223.6980127036199 772.9432980372982 3
595.190062485732 609.4234432028044 0
488.5483240519355 410.1862153416647 4
734.2351399258816 769.0629459942381 0
521.4823048455689 666.9346839839769 0
739.7722363046202 768.7251103446089 0
104.07041545392107 572.8036420134878 2
491.03198981172966 618.211644160115 2
791.6423484322905 852.8972282069128 0
150.42916901443664 457.33534598769063 2
228.63384193115712 777.863098720636 3
649.0277446803387 407.88989145002915 4
90.38651877281079 498.7046005172843 2
199.2977243688375 786.7886307794812 3
313.8457720822364 32.482094370111966 1
48.04961444464226 764.6733785048377 3
760.6195157687237 746.965344256014 0
732.7012645399327 821.619735760476 0
571.4552633635094 262.3223897227256 4
202.09582683638502 813.9103769191363 3
171.56574322438243 881.1159170593231 3
487.88119124460235 668.0798924155254 0
113.21615072794498 260.44921029365315 1
505.44518785284754 453.2403342988419 4
139.3823029896848 760.8123150594097 3
950.1861674194176 872.559420075367 0
723.0056422787113 662.0446865056516 0
75.10135344179719 31.015241281390335 1
828.8479487402209 158.75685620582777 4
111.79733907660233 -7.422086619051747 1
766.3079643176447 142.05168645769422 4
262.36431707602765 155.20111115498185 1
509.56155888697816 695.1092225625436 0
790.7910748396469 225.45298567671517 4
972.247947196982 725.0092878994408 0
535.3890230294261 604.6629853724199 0
177.67436019234555 444.8259069512421 2
615.5021425379849 501.5059396092529 4
806.5427715454537 177.75377815449173 4
149.70559385479245 795.4157112442372 3
211.8721220250114 897.3654249001537 3
259.54889781186773 131.3011749967853 1
323.90374461352746 86.31141032683843 1
575.1596801260487 9.53286143883692 4
78.47588273404904 872.6591109772495 3
190.39468063311202 800.2202049472484 3
155.02651297335044 496.26870120552655 2
118.13087842566097 61.75296207256571 1
201.98362306856166 8.574164874210995 1
443.41358672721475 51.04008201234613 1
1040.4016721461137 866.9951618134668 0
252.85879109414412 650.0511764182086 2
238.40974069140586 902.9283680704957 3
137.7124802845514 -16.432693497621564 1
308.24068183362357 181.10451567908962 1
255.17332525909904 623.839950692363 2
767.9126563954864 915.7957357994336 0
874.321631313138 168.0618190017518 4
558.4599333593583 21.61703412740518 4
46.50897693360326 30.513338466838793 1
349.240921722654 176.00909908295097 1
173.12911512922975 -34.969760361895865 1
393.1462432807773 41.26664947409887 1
855.6094011486285 161.74045732104202 4
427.8565209643523 115.77910796074869 1
807.2705025343938 970.4513512377157 0
58.11187536172792 493.81109165236217 2
539.9187462939836 283.9871273848041 4
171.9728140017043 832.5250503199736 3
139.98482287313234 587.6101509949515 2
540.2777312755063 670.2673354282351 0
50.92740474016374 44.112227860160715 1
160.32722947717946 39.664361904395946 1
301.6226261842494 712.574417370526 3
521.9601077680765 651.158581210416 0
37.77686289927725 641.2078884827185 2
861.4011288827528 977.4790851186095 0
845.2392224105237 225.18924810414052 4
700.4345339779171 722.7183123633725 0
851.1424764229544 234.68393545064993 4
428.3098507697197 149.0988853898221 1
536.9417607786833 452.1944803808944 4
223.36501651368565 798.5827114783174 3
640.9102268031033 426.7147436621077 4
-3.419306914811827 558.9740371614081 2
512.443760559951 675.3167060069693 0
321.35071227518984 590.5800300291118 2
158.36852075040528 810.2405026620107 3
812.1544797621823 914.2562236586351 0
735.4151574085562 773.2520850409534 0
363.0418159094383 637.2526611334554 2
40.37038326915173 -19.889435936335822 1
469.9099857359707 420.97653319776305 4
123.79799894925434 873.6145739085609 3
421.57076006552273 115.71362814159275 1
479.7003560957628 963.2675753383883 0
280.4267378360087 636.8610578454601 2
141.1966355592305 -46.51482280625231 1
1049.1910358484165 923.1757525426569 0
203.8365206550981 797.3274590670368 3
397.7457577345442 260.2384709520041 4
87.03968480189859 3.9122019948585205 1
659.3406220153911 366.7683239577886 4
177.29817230289356 809.3559192368815 3
452.70910913259706 578.5675068295099 2
432.7376266888441 275.5723114557119 4
497.31528704068336 113.17494915912147 4
492.8571158388896 398.47494307360074 4
324.48471671480274 595.5449038031454 2
849.7627509267955 961.8037687213301 0
135.51788990052128 552.8944752174663 2
358.12581772879435 509.10127491243804 2
102.92483230400428 500.34517608488477 2
818.5892640594421 183.5173406012546 4
813.1529576261185 727.2515465826967 0
316.97864292165906 561.4030679259758 2
465.02332313295284 414.62769783148525 4
512.1737806720085 413.99455591828564 4
794.1739452194025 747.747272205495 0
836.3216701809288 958.8702681599958 0
145.9055274343405 535.5707908823747 2
732.2834425016172 878.5110448771868 0
308.67731132139136 750.7124034953489 3
347.52809428478713 823.1110952663279 3
165.5334924328676 775.2995597544508 3
757.26460866191 733.6846537840078 0
589.4498517558554 -2.2456204008454215 4
148.35391981927611 500.9991998331466 2
538.3581208589222 406.36713286736455 4
485.37577197826096 840.512068482237 0
721.1161464686304 754.6983628378338 0
520.5748534723366 972.3393139096771 0
776.4978193510746 757.8027739813363 0
792.7722259142209 908.1973483555333 0
374.9991031648975 646.5277639020138 2
529.0429439542982 701.234579224709 0
497.0785473387272 679.4597376296505 0
118.98473144649799 35.20667896743075 1
840.0155265807442 972.8852163329383 0
137.6594359213483 768.1206447288992 3
810.0033564351548 856.3307587037006 0
147.54642140048747 535.6772398529719 2
1055.782486458762 893.2303892277733 0
660.2028926941477 464.3144258893504 4
281.86205813122643 615.6964362192837 2
235.1697713513908 547.6437070320898 2
875.3298106433984 122.37577928177998 4
399.8702275353108 165.19191686765785 1
761.3123809023689 778.4979812950173 0
924.7696917255867 936.4572000222753 0
167.89106691656622 786.5260359534071 3
291.655586903491 250.08219022018594 1
112.70051022887894 521.7772136975707 2
184.87019077287562 815.8504463970817 3
119.91118013821796 781.0225744306917 3
138.40114064375723 548.1135033085286 2
603.3558676722315 970.9434344020259 0
564.7432430773162 383.43709091571486 4
292.87023132249055 592.907648767027 2
314.3195583902276 284.15016207969313 1
502.94271237269385 662.7489854282001 0
745.6336892383929 826.2482718235718 0
554.7580543694859 8.879638245163033 4
744.0152875148403 793.7906430088661 0
573.6077336088462 325.25650750752845 4
370.723435724441 849.721022543409 3
584.270991376194 15.968133577182275 4
804.4185211176639 146.00901327495563 4
414.6327369129961 127.94546638795167 1
166.0374174038934 788.7523290628897 3
567.2169262487765 407.1655977787515 4
242.46872203704896 492.86050885045927 2
454.68638674697127 447.8051969865768 4
573.3460472504465 239.98103492687952 4
261.7865629865331 581.7134011498191 2
39.999060814561446 14.618565740180586 1
782.8222941986528 829.4895679105214 0
533.3848851073082 310.9187901048444 4
125.59080162404213 871.6960446833573 3
741.9158918620755 666.9027805747666 0
87.07716250158911 44.18347790339031 1
539.7256906815724 616.4079740680819 0
303.61739324822986 573.6781013208644 2
84.41043023572846 60.65883463843328 1
666.9648349201628 811.4647328545541 0
153.6302716474026 512.7160536101507 2
61.918378351235205 -56.197449240081454 1
544.0111516853077 703.9985407953952 0
140.13408260416787 632.9317026223256 2
131.95754870916983 10.813071398014632 1
261.8789958048093 615.3285692244519 2
748.7204420156422 784.2953682457829 0
151.06017607915973 534.3252127800714 2
181.211786898813 -19.94820850255277 1
365.2937589487508 138.81474707700932 1
144.29550850126887 833.0461784553961 3
465.5755318846297 843.774064593124 0
185.95709103046792 543.714226704275 2
114.81547544512752 50.843136710831224 1
114.29788140739882 555.1569015961473 2
119.81193604896359 515.9574650578422 2
100.57374205956647 493.03055433953193 2
964.5765495179973 693.3937599723881 0
85.85858122916835 31.188180363991314 1
476.7581371012412 742.8174604997477 0
395.76838373225814 148.60430021344575 1
708.2987163335293 662.7831820718307 0
299.3240236504953 105.45093346306055 1
359.09493618770955 845.0454781098748 3
192.33865190017193 553.2725338714777 2
514.8735044054516 981.2946556034659 0
121.65147345639937 554.8418877172664 2
529.9411760764235 42.50359774961615 4
483.235006093667 861.09058531858 0
595.4352371211828 983.123954387364 0
320.0977757095401 292.44217165651736 1
549.4010665343257 621.6574033968704 0
103.0402794789444 867.171430485808 3
524.02506648405 698.2274202833945 0
541.1201134437896 380.96666136034844 4
85.18078298765384 744.2149569097612 3
88.87701991713425 117.15924660426658 1
482.64855640878966 245.35034480480516 4
489.98545447729873 843.8584611677455 0
120.13602667078212 254.36056893718754 1
755.659690243361 795.4504948224995 0
118.59289797350331 -18.980229811474754 1
334.76872672106884 849.3865418309963 3
87.96301746849468 875.9164706414671 3
518.2866164363495 644.2344657900344 0
742.0411564234406 733.1023297425841 0
781.7325327418886 732.7871969217183 0
54.608963566924764 117.41384715400564 1
824.1694436781457 813.1204249958719 0
177.98242451536407 64.89012286095091 1
831.887602556274 983.1955112877305 0
125.904426130124 253.28912275591364 1
537.1228036032146 675.4600469137316 0
106.00110874720035 904.6183924500253 3
928.6267816347869 942.4985857558888 0
322.0020900607021 708.4332310717328 3
526.6401552670284 411.38104328993256 4
493.55276602065743 167.10521727121397 4
741.9343556036816 781.9124741868981 0
833.232191626015 764.1582370676674 0
510.4368027651581 945.8940907806896 0
135.65339485356205 617.3977834923254 2
48.44604071653454 788.003920365597 3
170.61283938146417 724.5113857772751 3
844.5491745266796 704.0103433484385 0
490.5742682630355 123.62448113711245 4
447.83436682654207 28.9285421473694 1
524.9146380303441 696.7113104799977 0
749.286258188085 977.2677819085851 0
112.76718512216104 879.9176472789007 3
125.96108224664927 542.6422939294393 2
317.37771420713614 133.2449608584495 1
531.8260731584406 648.02952398985 0
109.74977323569706 884.2906155590402 3
337.34486905934045 208.65394915356723 1
145.29202018524506 -75.7933376510081 1
988.1927078519786 203.6122087016842 4
130.00991923615297 898.6987675467328 3
452.46813850037586 700.8420616196041 2
1002.1594924650719 227.87459558952628 4
201.9271070693778 858.3088830924021 3
312.6019288926722 592.1677454948327 2
470.0158199239142 440.7878378091881 4
105.99582609473225 509.4720240682095 2
123.08723972705245 621.6030863438207 2
120.27436645865869 482.21959024420994 2
260.0101957539724 786.3037571100116 3
115.056074806154 930.9932433547191 3
210.74165119572618 900.6248989633723 3
122.21682466278976 261.33921732455923 1
195.53133995620297 805.3174767153371 3
496.8020638603093 927.4352960534226 0
208.45907464289445 529.5340587360329 2
824.7089078745139 920.5782782417219 0
425.47590265599274 621.4591060274965 2
338.6316116775089 572.1050098198413 2
461.4722573965234 117.94354812179934 1
326.5236407435764 139.56607820257827 1
731.3789951376979 844.7601111742898 0
538.0474525839444 4.930317372624732 4
74.73229174914952 502.6921551212346 2
393.63409713724616 144.60944684980018 1
230.31329427069267 904.9855502697219 3
337.46577686271536 697.6863518017071 2
538.0549933486114 293.9772417534724 4
419.84137995496707 204.96164137491152 1
461.98955304659796 728.9477078701082 0
982.3573343105426 714.6006183466714 0
558.0952053884005 426.78925814747254 4
535.8737406336649 932.8339866339344 0
130.4618208907954 594.5777346189636 2
836.025321621604 965.3127579033761 0
486.22795936227305 961.2512767604309 0
785.195592073912 727.6065405086661 0
648.6169192714713 755.2685737399381 0
807.1745407622417 175.285451636256 4
183.24460480941838 805.8967001349928 3
843.3378208928989 138.3120076131546 4
529.0861090507531 600.4680429724652 0
762.7833751168317 931.2214951234538 0
961.5472602921288 212.97773068382892 4
437.76344886549305 208.9082465566266 4
539.1970015752054 405.60132956666155 4
335.9736266152065 86.48788284047237 1
447.1252991964883 593.1569075484839 2
1037.9917131440172 882.0919933923352 0
486.1860104004863 962.5371913880302 0
214.5669788791738 824.538947317345 3
76.93613158668492 54.89909568412867 1
1002.6244024150703 228.47492184904385 4
799.7499852142028 174.1428760970192 4
93.73889895016838 275.1812804545461 1
112.46802361118971 865.463421432549 3
76.18851468639399 611.6603320595673 2
339.7064186879349 641.121536367821 2
524.8572203869297 705.0234319938489 0
520.8076654738651 258.26368011908255 4
261.28741250240546 192.01165082756515 1
610.9681465944802 359.3136636016185 4
585.3152308439772 254.2540097637985 4
829.9122607145052 877.7973236828424 0
457.40949990961604 120.37825280259452 1
523.7430614867322 396.09333221022155 4
293.61825753546543 138.26736353365894 1
364.26988356454603 176.41458851681827 1
595.6611699852683 357.59807471989217 4
562.4626791159367 715.7473239776252 0
111.12963695201007 825.3131427841486 3
718.8299811484047 778.0816226634491 0
117.8748825959605 260.36631678476294 1
650.7940445952642 782.8338901838034 0
61.16841845011658 3.001353552831062 1
351.9081410077858 127.61924681259053 1
425.1069847042937 337.6561804890001 4
509.6484162553429 418.16805442872857 4
769.3074755184489 931.1897855158463 0
805.1904770807106 954.8832665630111 0
153.9219864077053 42.13276852499896 1
348.8243364133628 125.40892744248119 1
520.8525149718773 691.678134125267 0
52.64321389861317 -109.60939603058625 1
330.6368143242641 132.42634772585478 1
458.40823786978046 100.90243137011711 1
394.6066443876547 276.06294506950707 4
976.0330602615419 884.3474395831563 0
642.4677994898849 471.52271768173375 4
94.01102298821799 475.7999593526731 2
987.4184531370965 704.1434746484813 0
256.3093023604272 739.9438314483642 3
118.12280709115426 899.9559784934548 3
79.02469469534867 556.233488021202 2
288.8124145522239 740.1958258446871 3
704.3067551825427 735.4920668015843 0
321.6362215230786 498.52002575815277 2
84.39232096859317 721.688391772772 3
-14.106530066037465 6.393692261855064 1
703.2508393641074 731.7244098424968 0
555.577298099126 406.06503227435496 4
511.6411223302541 686.4749176103994 0
808.3432035933134 767.4005632351685 0
332.35709047187015 581.3144126903492 2
177.62978473164856 805.9534811119545 3
352.99339266138037 292.9651190831575 1
471.11074572051456 453.70608534782446 4
525.6182619723837 690.0790409242444 0
363.75847704120525 674.4017434136604 2
469.7602742831409 183.62106680146474 4
137.46466188367182 775.6366524370812 3
332.9152865845037 136.0224332013657 1
391.0647518742621 575.287645187819 2
420.0889354562705 74.52817247257147 1
554.4817551358449 473.26321649811155 4
358.60175534694184 812.7272541719507 3
694.4659409874407 761.2768878542282 0
272.6488504910806 81.82295175889298 1
335.84194891124 127.41245849192525 1
237.67791127324276 618.1675061164103 2
575.3578064402482 -3.113707240617437 4
185.0191707778223 796.6424511639034 3
126.56716297434916 769.4321852224372 3
367.34751087158986 107.44322894662716 1
69.78348339278475 25.108196811590812 1
1035.3253284954906 920.782723289159 0
103.84606772523243 429.67545029894137 2
134.53293567199316 252.2611476350022 1
198.36294327789204 787.4754968305292 3
111.60838752661358 857.9320067124595 3
552.7751849886387 695.894307864326 0
559.0561627965128 413.56961447724694 4
532.5061191429254 699.6295139364878 0
523.952587576392 468.30336388343926 4
369.65455982586366 277.70771609859844 1
538.507208729184 413.94389623320984 4
125.13820782355643 71.77686706468857 1
753.8501760514478 736.8765684707491 0
983.9813835166974 864.9720567911168 0
815.5612229144353 825.4825154844252 0
94.46807406313327 -48.4271229777991 1
706.5960168120545 751.6759641909317 0
995.8955897485187 889.1132411960172 0
353.41635202086667 200.94526680912108 1
525.0663101503097 595.3152356336614 0
490.8227736048565 847.885785049564 0
787.8048155303663 908.2358535316176 0
361.5271433259772 844.6612069304748 3
712.1331365056678 878.6871342173182 0
430.435856071506 288.183258060953 4
418.01890708462474 549.1179823458032 2
973.3197618107192 908.8134880431431 0
130.5460164521066 626.7637846890364 2
590.1659389083476 424.01305304025766 4
653.7478167111909 346.03242761305006 4
430.53409504566673 86.0775705190429 1
398.6697769877201 145.67699229029935 1
361.493784987441 56.034376394167566 1
133.9916748705751 625.8405065550821 2
741.7253777037035 782.4298008196164 0
821.5534857643695 840.523419892645 0
339.1052423416644 848.6161955203814 3
16.14268607043512 -18.57332094595745 1
549.6691197753046 7.2649102866724355 4
162.6223330547537 478.8567790022232 2
460.2638549085436 175.05174445666202 4
202.22386751456412 823.9540465477774 3
140.1502783936852 744.8690485391999 3
462.4216703594752 429.81618433510124 4
175.56347455191516 35.26604301327404 1
453.7802762354902 463.0910771179504 2
70.88545667446071 569.003471450775 2
807.4249829224674 157.14915668220857 4
332.38602059917844 511.3278444183252 2
481.2184113965177 634.1175029812933 2
117.53724780180305 -5.939614098132743 1
981.29401825929 695.2741530298722 0
839.4791051756353 963.5458156156122 0
430.0529074762064 395.8230303522028 4
38.231260806486645 774.7577566265109 3
176.8893445285349 997.9279065093756 3
558.6815229905574 606.7373551110479 0
817.0540888870382 923.338228286662 0
979.9961268532409 215.44413049496646 4
338.5407761667025 547.9807301368799 2
490.32344428394987 100.26765945644004 4
59.79118028386476 572.5283466254799 2
130.35640614883044 467.4666520209118 2
150.17161393804574 563.9388776090931 2
138.4587330834425 636.026985925954 2
335.189891216955 844.496045430665 3
80.95104809881612 -99.5550911351774 1
111.99115314937998 44.49301635431499 1
338.7213199932621 606.297415107351 2
259.5378055185722 64.43210476156843 1
171.75359625787866 799.4667411131251 3
1008.975062038586 865.3240025228079 0
73.18143148409555 66.77816408377987 1
510.70697513124077 688.5680299854125 0
112.82377451077308 540.9282077081659 2
221.13067074172722 487.6157744643938 2
772.2215120728049 789.446592556898 0
809.1394100948778 242.49487394994395 4
845.2504151579421 894.5535906435857 0
171.982605921693 512.224186031997 2
419.5828359333815 121.92534293913063 1
692.0601212727547 780.6279340362256 0
392.77321698152014 76.76288133455839 1
569.587414880112 406.0497041155533 4
392.5834207742455 695.5363913125717 2
118.86124606497525 625.3775890704626 2
601.7587605406864 965.0272600610188 0
304.2796643300783 833.6338063478793 3
120.96866397488408 -81.04450714356021 1
809.4270804513809 881.8889305354609 0
741.9547155597497 780.6135557127337 0
1013.4232022090223 205.97013866567073 4
426.03491686495636 457.16600149339746 2
545.4097090775957 624.7161884598878 0
321.2391014188795 605.5590366518919 2
64.69100862869405 544.7765593320041 2
710.7868259719262 943.4191562868766 0
93.66008442136508 451.92753218162903 2
105.28438211394317 576.9829326186008 2
354.3414585326855 858.4696156592311 3
179.18235437277474 59.23983872850373 1
549.9512389658529 608.1252407173271 0
23.461899533915016 -96.60802177627289 1
546.8019898796407 760.9093051040202 0
640.2152839485198 731.0569563939501 0
564.6552062594079 43.250898970238495 4
116.25494728423364 260.07542684059024 1
537.5955203163575 632.8891565793923 0
105.56073217835916 491.6448640575855 2
96.95271949492387 828.2070743670159 3
506.82676627526945 663.2660733885907 0
770.1592446233624 166.74209213399166 4
163.22714387160465 793.0568634553656 3
462.48974759556154 463.61206364076463 4
144.58904880733542 779.350376466671 3
454.2222851715682 416.6017333176062 4
424.73559219465125 527.0727781975456 2
337.1998788842232 137.9509366892126 1
19.241606519089004 -68.60550070583635 1
365.75942702414704 155.38291614604964 1
127.39199780051138 762.949275548659 3
523.7179041303274 977.9151355355422 0
125.46780777866789 904.7547652924438 3
113.71467305802167 65.6330816050381 1
36.41757347430258 757.5013427848324 3
325.4043610776572 108.57802855679329 1
136.18565565868525 603.0688246519576 2
60.13660151654469 757.549164651782 3
192.33138718520627 802.2007733882459 3
790.0349082091939 205.8344620590617 4
957.9097149808234 200.42627483222427 4
623.9393297549395 530.8567179676942 4
513.3377346970578 495.6778893050344 4
196.5567185347406 562.2845854779524 2
756.9784022396582 707.7892802040127 0
728.3912751875617 768.080664785901 0
508.9295699907903 715.4061582627869 0
509.9170557693503 440.948627455109 4
692.11242450029 493.7357443711526 4
196.36831119960874 520.2800349190964 2
64.57127572371637 795.4561834636535 3
74.05398282357868 452.7212475416383 2
349.55217490442504 547.8437880643183 2
1021.2225843183345 899.6505541846117 0
843.3731463674541 160.5864599394593 4
427.3080222194958 351.77897736659094 4
156.9309930682509 40.321604699576 1
596.7629036523193 723.1087537288656 0
907.5319475182749 180.071680595095 4
330.23101649796195 592.2491191902541 2
370.52930222510975 169.91919456659488 1
288.7261470738064 699.7450215316579 3
351.8996201572613 163.1793159810662 1
514.3066673627271 170.97455580461684 4
545.3748092623836 593.5690127628505 0
428.01571954683345 102.81743632381475 1
119.8379062882068 466.7964736032613 2
314.78149112871705 247.01068100639395 1
150.91748872077736 751.9389347344958 3
355.55357249176376 684.8384260518782 2
20.181062150021532 764.2745196369951 3
182.6366405079169 741.1747942745184 3
428.11325054737176 224.08518109216612 4
835.3807404968841 977.3330629668156 0
423.5409855461115 228.03506277610552 4
50.232765837534075 628.3922334265944 2
569.5907752367071 28.44127834085453 4
349.1623214386379 629.4685933088819 2
184.61283204331917 773.0339456967095 3
125.29494327172227 536.6089809558064 2
197.90182106632534 765.8329035264471 3
228.9939472121349 717.6436473217566 3
88.12922159725237 454.6912823302386 2
102.6353000550614 610.4078379612841 2
394.7534071020115 160.6476859208156 1
160.558783476227 802.7022191255982 3
568.1381994366482 37.86872514021271 4
107.19996816961444 713.6304717014413 3
72.87902279722515 469.0287007051074 2
427.99217282017736 77.51144906062584 1
345.111423596068 125.02584714110176 1
982.4564795766062 241.93781062339121 4
223.46198581391502 624.5242160944467 2
110.0738639918273 889.8961337179335 3
183.77472081545895 999.2769714553531 3
383.0708962636494 160.37693577087313 1
124.21254696202955 236.2450416588676 1
769.8850021889817 760.0243595735809 0
550.3840362695888 581.2127452131353 0
320.9214961969233 568.3789691946256 2
445.55549272702655 181.54051669396569 4
835.015545763607 790.089927663234 0
524.6962872392731 993.602499643645 0
82.345497552923 33.31424095017555 1
98.74036804481587 925.2338916561425 3
211.06735161161578 732.8116383896735 3
343.39156597859284 199.57617653197468 1
948.6646232284855 858.3043815675953 0
108.37510760650663 21.10588807863433 1
840.7964731971352 777.2374514719337 0
615.3443291167877 972.6769314619927 0
492.4724631102972 645.9911918210726 0
63.54651972652072 493.0245770154353 2
58.973224727169736 594.2083696118624 2
743.4746332245792 787.5825380761795 0
5.032054835304862 580.9087246784183 2
485.26924706287747 508.31423599301104 2
535.6943364609346 9.71212239379372 4
339.7009015691062 187.9558919075654 1
119.00840178668872 466.8135929696151 2
128.0395370635431 256.0416029851295 1
120.4281766625358 901.7843574873358 3
611.2514799057495 447.24484173109084 4
797.9629197044047 178.11471934693557 4
37.28295587992618 586.3214323266484 2
325.64473492888635 658.373161157483 2
847.8563341544843 882.4293234348263 0
941.6701809607524 908.7666907321462 0
822.6922114802604 680.1448193819602 0
42.87112920160513 799.3430743930938 3
576.3793863154834 637.4732666640377 0
69.90517750147991 24.606219546226157 1
322.41066200521584 36.79841810819494 1
95.72143560854428 616.040065732131 2
622.689488777572 492.0337489400972 4
882.9243489702632 223.209134227905 4
322.05717296970033 585.2971893148441 2
778.6460216637864 757.2207268528749 0
128.52377415813785 776.9102230674232 3
164.479991460018 761.2142725511735 3
622.2250867010023 487.9277946639784 4
163.55284355530483 783.6760033778107 3
522.7170806026668 393.6377452580758 4
586.2677237890308 982.5447803739677 0
201.61883004368093 693.9550984507787 3
424.7059418111968 155.84210731026133 1
182.14678892364586 799.6619923628998 3
536.9728648256648 213.2710029854315 4
145.88557485964319 -15.000448378075681 1
203.5293384929066 758.0436645454088 3
463.8613654133519 455.7843078982452 4
712.5839126131307 365.42630989306105 4
133.2802705497364 500.22131444805666 2
134.98814051657615 482.21121344046617 2
1021.0638188606731 915.5381736506832 0
128.138973482436 248.30564968019414 1
853.5113541778229 765.9802746314407 0
94.08871407224731 573.2069864027542 2
381.27848205502966 296.75359963522266 4
766.5046350328867 785.2294398306572 0
143.03279599323167 879.5562273968288 3
437.23733801962715 94.42717702965679 1
155.09474548158877 492.1845777405561 2
219.36332187672735 795.3846789332878 3
95.84747085491504 886.4464115404601 3
528.7558742450504 11.655438730469875 4
720.6986954918807 751.60191624881 0
60.87253503281278 532.6864996883216 2
993.2535757927925 835.1829356100387 0
128.13917507858886 627.3862635415041 2
359.0110540212568 832.7047882164946 3
56.966086631393054 460.40451511803906 2
273.32046003750384 716.1405040069542 3
574.9195910640865 269.71234813119554 4
327.5607561356087 223.38861483997275 1
223.07286035656912 919.5739399489063 3
539.241633148087 629.7467401524456 0
365.1144670181783 246.89764729866755 1
26.370778759397705 777.4319095737781 3
22.499783986158214 778.9751901227318 3
116.29945748036685 257.9496282499565 1
277.41131927548093 624.2818098065793 2
210.19747760523785 901.0402041584297 3
90.9505176745932 22.274764737740902 1
392.25463183903213 68.4133666736856 1
542.2031872636896 9.435117709485414 4
574.4174373638424 954.7994658909145 0
525.1163237214478 680.9065155449581 0
116.6377772650134 3.838259984148444 1
161.99746788644677 772.0461333000527 3
104.52955435369316 732.5661003721128 3
583.9331425467859 426.8238109105297 4
590.4813186682852 624.4234847648181 0
218.52768733502657 908.2919521346 3
101.27246068445812 491.1534448897943 2
168.0701822790585 673.0982194155812 2
365.9198900520273 115.39920736204422 1
742.2518832546657 758.5619514879165 0
645.0583338990297 753.9871581523772 0
356.636037388073 600.9034619350455 2
352.42122589923673 0.5404665030958711 1
898.5667047313317 180.85665624368255 4
94.08227515515706 11.402392168764386 1
336.7313185911641 650.3170660521735 2
209.24710699054089 444.0506823200472 2
509.2008344749764 775.3097089064058 0
98.32456912596669 33.95779281025244 1
708.0705140075495 735.3211390229076 0
427.4608891312728 82.35927251510654 1
414.5421749834927 157.8290724977681 1
345.1695962032879 635.7179237231551 2
495.15026888186577 425.89094225581624 4
848.9515295221828 197.40247988969884 4
364.25071900535704 132.53633098094758 1
387.5985090930345 164.59465876595874 1
585.1874058164811 406.5193699040686 4
349.415538167503 93.62835948068724 1
28.796511886475102 555.1670566372519 2
144.28447088746765 591.0382962892953 2
388.5401716452021 162.54453077819988 1
728.5714702424873 715.0185513302356 0
306.26738671974124 577.1683730905902 2
188.3749166391999 478.16522683443196 2
352.8642279627896 499.98810533028865 2
176.34375815146802 28.36137760206404 1
500.5261299863118 566.823532096605 2
991.5629980891521 900.4274179287181 0
586.809489636132 962.7323055851348 0
299.0032410053073 94.53591389546375 1
324.7211556712223 605.6827377052645 2
478.2739317865218 854.8154317667119 0
723.4452547011107 909.6346170108301 0
110.63664611128975 478.39344689966634 2
964.894704382576 720.8521321147663 0
101.31564573060457 492.43990828256904 2
247.8216651347337 914.334455106402 3
732.7516420829352 772.5304284461611 0
-19.99340569795288 -37.8401975642618 1
687.7795814609722 816.9382878321742 0
855.1535303887065 185.88089776082592 4
29.953997343989947 86.42561658774362 1
774.0138693037934 688.5015574806491 0
340.1319378206825 145.0291143957197 1
339.48098558909027 273.4260409536173 1
97.59107363643334 886.6988340737734 3
142.35445187263377 25.061405544991402 1
983.0559859687404 951.8459558381203 0
148.84383716793906 -17.729695201888266 1
673.9184600889016 492.1910172686122 4
100.74392475110403 470.00274102304246 2
364.16960672175026 810.4157589188062 3
995.4011616848969 189.03283339125468 4
770.963534083736 795.4472796215449 0
374.1448110381908 695.2779714270345 2
526.4618620919274 689.2378584947052 0
558.0614562918771 612.7500471584 0
122.05028676845282 39.79561004508854 1
546.00483296121 625.3086519382408 0
433.57670915354197 92.3855988746228 1
177.68377334203169 511.46084709361037 2
157.9533067523605 528.3311611799382 2
763.8266462690135 773.4058710189779 0
525.6552677720491 613.8195209318051 0
209.96024575299074 537.7366921140289 2
477.50817389627304 54.36198962263006 1
567.1549840953259 403.04261072037934 4
262.7106512739355 624.7089159071808 2
852.7280819325904 200.72019792237023 4
414.57383914939066 61.4730170086474 1
523.9744973223313 365.6452323538499 4
100.05978522083774 39.36093540774687 1
751.5425197056815 958.6432139276192 0
539.584467953876 720.9311707933305 0
45.15181957545853 -23.921911051846585 1
106.1339555976842 39.001818082549704 1
219.80236713483086 794.5244580558018 3
-26.437670708046994 -44.28615166708745 1
336.0067772442227 475.3645723156155 2
838.0126531792349 806.8978605986862 0
958.7243376331554 705.807595807348 0
128.06485902405143 832.1894489911973 3
189.7991493610626 798.2356281617404 3
166.8399799250156 800.1796510258805 3
383.4047638163276 120.56214004895955 1
295.4809962975018 174.42359380196717 1
1000.6893269389632 693.314901710031 0
536.922913632772 351.4983897035516 4
566.3850243680248 414.1779815652041 4
526.7433836431137 701.7628712076565 0
350.0039889634169 115.92451992665208 1
703.7814633294496 718.5539105106831 0
291.65800435946016 711.4429008504823 3
360.1837978061375 18.51183821768646 1
95.07310062560117 -2.0577732846864123 1
97.15259087368977 508.59622035931824 2
635.1471198333033 453.7973199608085 4
271.8763953655955 852.6811386646854 3
125.23202206592039 114.85569549087603 1
520.2970374270982 989.4620547954545 0
761.434943790743 874.824777121771 0
363.0697353795512 837.4029023534574 3
288.3046536731183 224.46960651959975 1
184.89696184708453 490.6422068854766 2
23.01385757732901 751.6382169369361 3
358.8498237646704 667.6065141975595 2
370.71511855692324 91.19634642794608 1
18.842738975869338 786.1159470982662 3
1044.2409568995938 889.7333386279174 0
165.06587629805392 794.2686386547241 3
222.13537364235046 838.0467595606981 3
933.2660493920379 931.6679611298345 0
193.81411912854236 879.4782706154173 3
324.8992910507655 611.0186488196924 2
190.82028148151093 798.4024153956115 3
224.58695040238533 770.0728325280235 3
742.7139918466249 737.4418801280214 0
482.2256333935686 325.7520851615665 4
493.73100091606887 627.5586458354032 0
761.3382856485292 817.2378615900619 0
44.24506160674423 784.1154133376108 3
732.091529455711 785.8266744996732 0
838.197170658544 173.9579568610306 4
216.63301447851012 798.7853065357648 3
93.37824226799135 -36.104326318454326 1
209.6167860868347 895.0075870015285 3
735.100838310691 876.4420574070188 0
137.34827677442166 772.461547252211 3
135.27557043075828 114.85979910322135 1
731.5216390508964 831.1184769067723 0
525.1931120810559 687.5518026236998 0
309.5764118231637 634.0508812177162 2
630.6602788992227 297.70232737063264 4
520.5355851208498 695.041118678909 0
406.55803394398873 125.18053849961856 1
996.9586015019356 889.2063323621162 0
429.44891427434453 395.82302696804226 4
162.05041042885617 780.5555814727143 3
444.4179329357323 111.20289537814875 1
117.27647343146091 47.274928172036944 1
747.8866831005298 794.1853432398045 0
543.053227269221 -21.225959487063612 4
462.30758877004183 445.79802255792043 4
118.74949461045931 261.7794441174187 1
102.80706539804575 437.77052475906964 2
777.5694700245721 875.8610742085867 0
364.39311800781735 40.16295358528808 1
177.865079532234 77.79877312078398 1
827.9119854676035 141.731200310426 4
160.37331649220548 13.54270881824312 1
168.031083863514 742.0967491099336 3
558.8055020042965 15.786831022686908 4
182.0040789855396 569.8881819030254 2
406.89996564413417 305.197003573776 4
187.63793444840945 783.4316287532328 3
177.3758543987007 780.7237488161834 3
531.9684390531804 400.9147062463526 4
335.8285377818687 604.0662527520864 2
190.54353741677718 800.955515990745 3
721.7910794834685 814.5886786437668 0
107.73725297213608 -30.925067772631596 1
507.1303659888808 710.9119923376733 0
377.54566812457915 152.63063300115525 1
279.9295501028911 711.1430946864473 3
326.38398330812 648.8524299744574 2
677.0749706900273 801.6254168603565 0
478.4523973851869 764.9845202235632 0
208.54235043929722 905.493072687414 3
180.83743548278485 794.2011047911278 3
-8.28728341323523 -59.30626046055413 1
91.0996234934914 822.1822516939791 3
106.48591690011025 753.4451395659561 3
448.13919287536123 466.0045994028085 2
765.1496074660113 770.0079856497125 0
700.8496768716116 717.5271398858571 0
487.7598503154126 851.4369331915642 0
140.94712382938621 21.36654744140647 1
171.6794017771843 624.4580488314245 2
723.3019756800944 780.0968687090382 0
192.07551652488436 792.0936586811124 3
564.2842123902489 -5.520057880042874 4
529.6186162165578 347.7846604505704 4
842.8608663327947 808.314026641137 0
252.26827133398893 591.916225584543 2
831.0715540958231 222.80543903926326 4
156.044991119206 790.3034012600873 3
99.8267083940258 41.68941873512372 1
326.62648212036254 599.4853089874538 2
777.0671855145512 845.5697088021359 0
583.1643584428565 46.663187984845464 4
311.8793287854476 90.28948515530087 1
544.5647510403913 642.6824476357333 0
390.8184482253141 157.91395867965312 1
559.33703947716 633.7559045320306 0
194.75399260565288 821.8644989841623 3
334.3619139665359 820.1518652063552 3
976.7508647609222 702.5201596332664 0
329.36673745595186 129.44412749467656 1
793.6557977394281 907.9493338094446 0
282.17750357019196 712.6043163819207 3
769.9710663765003 909.4291537550245 0
93.43786520053425 257.9658180047992 1
714.7318697733989 724.0269422889309 0
359.60631639343023 172.03960409399582 1
538.9971585254001 421.29020511297483 4
757.3960657579538 803.1885985901511 0
777.7318115519943 769.4146566982032 0
765.1896363958327 726.2344181704773 0
325.1256604731257 581.1847979936008 2
979.3648151467942 907.8025506372508 0
958.1377542038647 918.5664960768047 0
310.8774448325599 186.58489780535933 1
134.76589094377752 116.11994913073774 1
354.07275295781386 596.1857906595033 2
367.63919815953784 551.8072274064474 2
561.0536646040184 11.549464351899413 4
320.1907142496035 207.34737604613187 1
127.98489026615346 799.9398724681108 3
276.7684972746133 194.46003331430651 1
19.96392451383708 772.2616234975294 3
164.08853136090354 555.3384339777014 2
729.3158864200282 849.3119478682318 0
74.19655709812376 97.12963489284584 1
55.37863418018274 434.64180941981067 2
554.95501518405 643.2668001569461 0
578.0124090185117 8.412575971035418 4
323.1488816934909 89.10708383886367 1
12.504692014816655 -56.392358217699226 1
133.54379731109114 818.267421684444 3
99.88281166733577 866.6164391119249 3
470.2450903273673 194.68363088258198 4
542.3790443607406 147.45367492110995 4
335.6146634316923 133.58603282524146 1
339.72210256667825 591.6938056870065 2
753.5396217073584 902.0622283916866 0
91.09035560689739 260.43959431350106 1
744.8390640599123 726.0020504285984 0
833.7610775778102 692.7447425589132 0
111.11440220029021 561.0923961139216 2
327.41540326762254 507.28177751131784 2
165.8607915318155 826.2656744071274 3
994.6645979102474 941.8054607473579 0
272.46164958895076 737.5219138514225 3
399.3980630994323 173.6522692522454 1
112.32451806495939 25.16067484566842 1
637.1761140701738 571.9996426643706 0
189.1859894956144 798.217073525792 3
618.8552108806529 388.55028144938115 4
132.04812285279385 42.71572426012902 1
805.2900272354802 785.2189255797384 0
522.7336417203755 245.08337180724658 4
739.8170767617243 704.4281107885648 0
834.9533746795261 973.0579697755286 0
109.41581658376718 885.5408625452847 3
431.51986051356715 90.95716569425208 1
371.4372268684004 579.8764015307556 2
133.7669509489539 636.678557632182 2
366.0788298972689 825.1933482308734 3
590.8887625209913 509.6835914552083 4
94.36698219965643 83.59036378954607 1
351.32584509177184 131.8459338713577 1
253.1425090971476 146.16063744032303 1
589.8829310265637 630.6975882758298 0
785.0349413401823 956.4922398304423 0
96.38930417798113 22.201564844668702 1
464.700164657202 314.7817421965291 4
694.6137167648943 791.6457205875707 0
126.2249948388542 898.7688153289433 3
606.4519417883073 310.8366605147004 4
232.87093030424575 908.291199119555 3
991.0494016970969 888.2528923841883 0
86.74331882197805 480.75544831788727 2
347.5601058677856 814.4054267570654 3
139.3166908312401 249.31694562246446 1
564.5210861995505 530.761159030316 4
50.1291105549301 515.0192496858841 2
523.4868067069725 28.190760722409404 4
593.0704220940673 973.3308310204642 0
423.3451512556681 481.9245193230612 2
759.4575315788031 950.5522667548983 0
518.318242131241 610.3258794240046 0
139.17945554719103 812.1490612357943 3
201.58418056180952 786.825467827093 3
822.7449148990066 720.375373525952 0
177.91831118311555 714.0417179021819 3
824.6603888280678 905.5315423544595 0
768.0381247807144 945.0014304644785 0
79.64515878918738 725.963337699794 3
154.08107569005713 -29.560078182201043 1
334.5274782377324 128.57348492976104 1
586.9439152284261 954.7197365094794 0
554.5565354956841 423.9200937983674 4
226.3854301540784 471.4245843008729 2
227.67296646589614 918.365300669657 3
144.68124264450614 498.9164125217314 2
647.582748420732 504.30680066903653 4
229.6348763790025 900.8377530995868 3
205.38524169532386 798.2870496792906 3
499.0686132960709 627.6390276451675 0
572.0487652894345 975.320667755567 0
46.86800453375719 75.04368182577093 1
546.0489906748306 39.05954339076885 4
563.0070067784501 621.1543121371757 0
678.5606023468032 692.8760287745004 0
421.2573851231037 98.84165702442543 1
464.8428426537661 449.09265123640813 4
396.74346305421017 569.592949547164 2
365.52972406401204 55.51526719938212 1
305.2945231327949 183.80406191239985 1
136.36403056234968 544.4075494190415 2
29.06282887175341 499.0982251427982 2
3.615004012158451 -59.82779355901339 1
141.53443890303882 753.9398901139288 3
546.6261513063035 424.51240142988013 4
493.2512733898575 670.555474499349 0
82.84039576506186 15.382068133898656 1
128.48764311104668 627.5687937907609 2
471.4154649218291 541.3705661796398 2
221.4068025964658 882.7816854932 3
178.716994277404 812.661627734825 3
981.9175541193246 176.993243429575 4
328.88217222846737 131.18044793123602 1
994.1495503490391 888.3529621283136 0
384.61021780858226 171.68992483425959 1
130.90777030754617 626.2223998949682 2
119.53986680073193 635.2927097357143 2
987.7436838632678 716.6457621939253 0
142.81917341086304 924.9126389610306 3
125.60940131516702 562.5938899383715 2
539.9164139608673 512.948947809555 4
14.201270160692134 767.2359288623459 3
43.17690734537814 62.624388577214646 1
190.9636382863306 797.6701449019869 3
500.95748089552745 702.2200391610841 0
962.19149444612 842.9395624827858 0
71.14130793129408 -37.78214832484896 1
10.420847546643728 -8.221977637007678 1
173.76075130915729 586.3588880114596 2
80.38147061459654 129.75234410717 1
202.69815109343347 895.2169083884444 3
128.44915749491574 771.9894352655356 3
-12.236494221966325 55.368936860274374 1
331.6138866525861 136.5843591763986 1
85.75740644391655 571.2270297132487 2
334.1918519794699 850.3602722701561 3
275.51172955171626 181.75984371196705 1
777.8696293830357 921.1757928158681 0
314.1801102282211 587.0761415602942 2
546.6745739818712 450.98669243619247 4
563.3574336656031 442.41611057967435 4
807.6530184645047 886.7599534394938 0
389.13207128971845 135.25966241141742 1
390.01577304103233 126.56162263641147 1
977.089764462868 709.7186767912356 0
317.66042131375775 87.81220070555153 1
532.5066269665771 653.3703506113573 0
214.99016067377403 775.8875459017517 3
116.20175159321255 733.586075992041 3
773.6251724402878 886.9295392628542 0
568.9000775723481 407.4859742972345 4
569.3877967888506 410.6416166532212 4
287.34276989840714 517.1840817819611 2
86.91533984661572 520.5318453345317 2
559.7178584990497 656.0315228680498 0
331.41379384895816 135.30667038299933 1
752.2887249676245 735.8693577011574 0
213.209477991327 807.5669146578978 3
84.73758713305567 -2.8627301157165572 1
995.5549342291704 888.2353220075016 0
321.7795904897407 177.33335103908567 1
572.041112737996 382.37095137626557 4
518.3073126001112 619.7007448929496 0
916.76426515855 946.120505371634 0
787.9883018867024 740.0557803348888 0
347.6290117848233 813.7702887984052 3
573.2602752854655 962.4758891211503 0
539.1892424974328 425.93668641466763 4
977.2065966639183 724.0402852477127 0
517.561693511988 470.50990451330017 4
764.1393160436843 775.4209070022956 0
736.0274288877764 785.3226595461032 0
553.6196307971064 407.2516227225246 4
371.2346542086984 104.43365086223127 1
775.8686463081472 839.0712163895535 0
492.97315769854225 729.9778610798809 0
178.6850795071902 809.6851808978854 3
119.15602553959937 274.8489189133515 1
642.6326027086209 482.62731522638614 4
41.699426927686744 79.71722486309957 1
829.2000197514324 961.7518070481876 0
307.1283172872434 570.4850454262832 2
128.36032509580022 576.1768738309011 2
592.4273180408254 354.04809042610833 4
281.3193754264948 720.3232572664984 3
814.929218181445 257.2664001123067 4
482.3641438588718 459.15007734391145 4
718.3591484668584 754.123516493123 0
95.73370229960311 -4.830857614092144 1
397.7028568329378 154.3276680452579 1
737.3134441424112 691.688428130615 0
351.71529061863635 840.9241693848794 3
89.5990853541959 833.7333128196641 3
22.566493453558788 785.1175994243544 3
829.6802820839442 188.56054361295298 4
385.7251634138727 555.7823235702338 2
198.8599063373638 555.9612634367622 2
361.92235342664884 836.8677305592498 3
176.08575736251518 827.861796241452 3
278.2829667068405 800.0163865585545 3
585.1404240318901 650.624120029869 0
27.7644189864465 12.698345058417765 1
112.38647357340115 786.3163917394635 3
461.7813619325674 107.4735991398469 1
122.85831817167812 548.5198443040215 2
763.7875900208626 715.1127008294733 0
213.33427522282324 767.1754837267029 3
40.89323744996271 14.653721703165198 1
332.4040409323434 594.2572454117975 2
93.62071139488577 905.387845652723 3
523.285797050045 696.59100253517 0
391.41086231458 119.1133518847458 1
532.1570378774143 729.7384226136652 0
813.3470835098551 951.3319098164488 0
827.350935572853 915.8801883561866 0
240.9992070216367 849.7969955198311 3
764.8756531811994 929.238404529078 0
656.666956204689 514.8236605532935 4
104.05850908660415 51.08496537484368 1
187.54848698631628 -61.618094312083 1
134.66327669034695 247.96806930547535 1
111.82738915444513 42.086818604167064 1
63.690925189643416 95.25803776032492 1
773.855369145313 178.29143940967228 4
835.3806271774291 181.23521911770655 4
332.5195885628571 566.0873083328748 2
519.4124582591447 954.748157654416 0
170.50880987302827 777.1487323496112 3
467.5698515742613 452.4402416518146 4
155.58469462032647 711.1237856213643 3
150.27890704574747 11.509979221596906 1
383.18509803430186 816.1796829216063 3
755.8783525477243 951.4387176195818 0
177.8002505317723 780.9911726239067 3
31.833050322629493 797.2049612381325 3
123.7335402893662 86.0293265692141 1
417.7930291132702 524.0287080188464 2
224.01838997195068 798.5548936367636 3
130.49569542725223 -64.2717610932894 1
822.4164410294867 132.20149597183038 4
395.32996998803696 87.44372649708771 1
711.9225354232051 831.2898927152818 0
101.58951884757704 621.7840501772777 2
500.21720055525174 941.7048156686288 0
667.0634873920579 769.5310458442324 0
387.30770999423817 168.80063878833892 1
90.5424802234631 595.0594074043528 2
130.84701932912714 256.086341649976 1
740.9042311496595 796.3606075927792 0
185.08591837756617 511.2283837122934 2
278.5265396367798 197.32734829955103 1
7.754904337336541 552.3999994662128 2
54.92409129029498 511.35691018028615 2
89.92738822720082 4.427167313381234 1
47.69186696233899 762.5763093612029 3
113.7522861508138 812.0341011890607 3
536.9385460742653 95.31910956373058 4
812.3719565069551 166.16793053779776 4
339.2210852080189 521.3386227246916 2
621.5949034435979 977.4461238082895 0
281.83689420436525 715.0743722150966 3
673.8987997687113 362.75100736872685 4
527.8298589914122 981.3409505901199 0
847.1289176335068 890.776988524472 0
179.42870240667472 851.2225406238915 3
840.2076061842965 955.3500194924176 0
426.36568623500597 125.43584335906388 1
817.7536575035854 169.7832895601441 4
124.39721727882285 540.2262206629936 2
414.16214400837225 288.6507838177135 4
251.10060375360797 88.07057935497085 1
822.8155816415884 183.69303431499168 4
79.1036676801335 498.857834496427 2
851.2188701811534 181.35011481948226 4
977.2690282877641 885.6460764570694 0
89.78000495869475 801.6237766295869 3
128.57961566155126 932.902613845549 3
71.24074594209702 551.4444008108677 2
507.84118245861976 685.9333218973242 0
331.3857880150931 594.0859391790641 2
177.51674852209317 794.9852064217179 3
565.331200739005 676.4747196158972 0
440.83933891389006 476.80461755545684 2
84.95229037121402 33.02258444666346 1
137.67198316158152 483.47251268715934 2
534.6171684488365 592.6799665444466 0
193.09741307810245 794.5305754966862 3
967.7697952093213 862.5824385124644 0
94.2379444660081 500.6637797860287 2
155.61555456579796 716.3092893932485 3
90.35766163447138 781.6711039479486 3
113.80515375376004 -9.574331087858766 1
549.690624588052 624.0642807436577 0
112.97099990778999 49.58027023896553 1
217.09523798189832 891.3491751033076 3
791.5928569068809 691.7876584688263 0
542.3698680542378 761.2248648868826 0
174.6837746289425 609.5657645939101 2
147.25612519494018 811.287752088039 3
85.72316997286505 494.1906922820549 2
469.4909279562552 149.39899738430327 4
818.6970883975569 189.2528711691266 4
584.4416297693098 436.10781709955535 4
991.814253054188 887.975398010438 0
529.264642597874 553.5197103969306 4
231.25687802334966 848.130299886977 3
688.1668967054868 788.6419761687366 0
99.5402979904586 928.3169798457366 3
983.2750413016358 213.5946850155367 4
92.3363832924777 111.83500410180716 1
113.60898688325321 116.43760949844949 1
735.4744526505809 959.2369317327502 0
749.221792592967 759.005134976646 0
114.69769944080008 455.7900239320847 2
119.33289809832824 -50.98316310729166 1
537.4113029415631 627.3048560057471 0
116.33752094537577 -4.910816550128599 1
728.9687068011141 713.8274602396123 0
596.8082477651985 679.972039759695 0
63.585598582615646 451.6177393296557 2
181.97224429274877 79.33774940900074 1
213.05016233512143 765.1332950539229 3
276.6200645507823 110.63154231126961 1
825.952398985496 184.90235814654065 4
356.04761284393226 29.707212063699117 1
723.6140252935705 840.759375502357 0
600.9925046911544 990.733883991561 0
854.5853819770107 944.6981170410177 0
592.5251245002564 955.7591168662215 0
796.8980720211238 925.722679792169 0
395.5393347236781 19.246010927762498 1
580.2942512926202 959.1015603644954 0
233.13296381666055 609.0288331936551 2
558.7305053121157 15.136512887574586 4
310.2360146730742 94.52939732269687 1
722.0386186287091 773.3426465124609 0
346.0315894660046 132.9090096011461 1
489.9161784193685 454.1816759548626 4
131.02928037127185 780.650050233911 3
784.2413821161304 712.6193970136321 0
181.48492101574521 854.2629934869175 3
185.3969454595487 480.06343683708155 2
106.3818352475312 253.7196945883793 1
783.4225512169937 947.259731849577 0
712.9985482735527 811.9558471603505 0
515.0963535775197 242.42334262797078 4
498.0085222422769 673.1041625258133 0
623.6067816554076 454.9853454852633 4
84.72433060522201 24.584985154840744 1
438.2865694158508 70.77400623213347 1
40.26905631224503 0.3642305009688238 1
386.3236701735403 163.68842867160035 1
764.7925563618684 761.1485315282262 0
360.8668472461974 182.66199394094127 1
135.1781369514047 860.2869109673528 3
593.4109584840727 395.12792169373284 4
184.27669980897903 544.8110414826335 2
530.1844733057424 717.2895812793028 0
243.4863447361119 798.1617255479377 3
173.07869357264573 760.3443052556947 3
870.185419785187 737.4646401925592 0
84.80821094541102 53.67039207799951 1
174.16418497089967 35.340108483595785 1
515.0567822616051 433.2898118875533 4
591.9610673373255 305.26164729562277 4
963.6585905189224 871.7656724131128 0
96.79913660440411 10.609216567730474 1
115.29723974943671 897.238888821589 3
92.8053578253999 466.5423618690897 2
385.0257984294134 186.52003023762512 1
22.250723154384886 772.5701719299108 3
116.36263268300772 35.05783211946799 1
480.04097170886246 295.34750948830595 4
399.36876242890196 -19.229126270216426 1
103.69127897410306 755.4908010489289 3
574.3737617568097 -16.99846557569927 4
349.62617272913155 119.79984370385526 1
109.9822986225923 13.436858739110562 1
26.583317772012375 773.3147110792621 3
549.4613934240294 632.7014520431143 0
502.2206077633991 650.1267940228879 0
81.48575827502427 2.861078618785667 1
397.3549938267822 148.63061904465616 1
787.6623613296141 895.9294755806393 0
747.2798333470782 776.4618303468629 0
111.29886196320886 45.21309624183512 1
539.3247319463801 990.1894693878401 0
998.1598481357215 898.0796702873233 0
783.0006211993287 905.1885824159386 0
442.90004058382806 455.65398786030283 2
329.84993098435183 9.750644576209766 1
172.6505834533734 464.16514576536576 2
625.3076176052208 366.586113385894 4
-5.994237208012848 -49.109358381853 1
87.47314358911555 647.963762064427 2
213.4207844284686 876.188739626812 3
113.32906332437943 -35.16225163995156 1
517.4898550341505 979.7103107363366 0
486.10052981861213 848.7507778080039 0
801.4361210303846 630.4983841183009 0
808.0178230102151 638.975644255137 0
180.85721860886503 817.2598032902963 3
226.33928429410167 857.4424321639942 3
73.76645250654875 464.24052511877846 2
767.3124149546107 808.4348270841067 0
113.14671280629501 494.56600442972206 2
537.6131855036709 619.3508024603159 0
759.2895079230315 959.4769323972105 0
141.9922085172429 633.7519659978387 2
421.0371686751563 53.60214302259968 1
281.3426673905245 140.71586013646666 1
1049.8035102648469 916.1249952123776 0
748.7693186784974 753.927678073896 0
28.884951204308564 564.285688180872 2
97.57137078752555 898.095796143474 3
484.4759695729864 416.01737781294463 4
151.82964605148993 800.7176651530473 3
306.6352703013593 554.0722422719491 2
522.2844570053535 647.9503774857419 0
331.0843013817328 593.6350639001707 2
666.1334527433582 759.715716656003 0
126.45380947877011 916.7128462659134 3
486.05101942233875 859.1231145756816 0
340.4429431243373 646.4807339781263 2
222.55757899612098 786.522782166812 3
428.54048202978976 247.6186203658275 4
490.4077117642118 849.4945423780584 0
373.52725853031046 539.4708886070068 2
108.1303408607725 260.08694985648094 1
201.47068117177375 653.2386049201231 2
824.3824329835076 702.9739848800571 0
102.73495887006517 56.7849870273163 1
602.977759653064 582.168585574342 0
571.470179349529 959.5118381892779 0
164.07306518124238 852.2509917734876 3
905.3956475834107 184.81695476972143 4
383.0065506384656 151.04201079800015 1
760.9169820116646 655.0082663909262 0
181.31981116346824 990.5301578811524 3
821.5376109772382 216.21067158563193 4
150.75879554196663 892.3660357207866 3
520.8136280042046 8.339117910966785 4
1001.5361135766566 706.3811801801426 0
750.3978712240563 740.0271814009778 0
484.07576204520933 84.58319432268388 4
794.1015665014095 235.1294792072316 4
792.4804541689141 829.390664791799 0
84.16309671937194 80.5115891921544 1
144.31774738260083 443.32688678012806 2
147.47617430979847 62.883415630321025 1
242.71857144261372 539.7689853925643 2
792.4099484143658 819.1733632196782 0
752.4813362516054 734.5658593113614 0
199.982882470886 809.0632758190374 3
193.80185617056102 798.0425957758271 3
715.7310364772195 737.9293042410098 0
400.6499448557655 406.3771767936909 2
153.35797502176 690.1602751051951 3
100.80152707043648 248.316826509696 1
953.5289581470943 206.1792768816389 4
283.22285326701325 788.1570217497175 3
141.85484166608876 -18.547482497728616 1
498.79937803896513 934.1705100274253 0
170.5134642452444 807.3593278634966 3
365.05421384071076 247.2811025458925 1
209.78886053465516 909.865941522588 3
131.29056023812714 651.5677098108604 2
538.7261604374752 435.7258922306732 4
156.89248721263414 -16.93574382434232 1
688.3397871545573 487.3946899742475 4
570.7494596802687 963.3224918225486 0
764.9603157976985 762.7124491516921 0
5.516369746794851 -36.3983150117662 1
331.6658067901319 141.2927975878837 1
977.8615081137975 193.59268374668258 4
871.1434522662033 164.4010913870265 4
662.7596436338458 531.9779333535331 4
564.930725790474 368.3355381745687 4
284.4499513934082 608.6666644736563 2
768.9135115795119 875.9284526870457 0
205.48148038289065 807.8806358943386 3
551.6514313039225 410.74192349844606 4
161.13710485244562 800.4766288357212 3
468.7468596247209 714.6159193877907 0
490.9754353109623 844.6150523927723 0
303.7259826564077 506.6323591286176 2
650.6630613367796 756.445109538183 0
403.289410471344 32.28980082140487 1
258.46486716274006 537.6614224493608 2
562.5437731009424 44.003169554850885 4
220.7092212138282 914.1419318055905 3
93.69497244083576 514.2165682712822 2
92.99653980476683 520.566455580998 2
102.61562216345354 874.5041101966752 3
802.7176200646662 243.527989381924 4
534.031296417975 781.4776013716438 0
193.4000972092225 734.5924639725488 3
215.41696376443372 674.6269648221066 2
530.4196733092264 623.5372503049731 0
521.4521888977487 719.1180470357339 0
200.0320146906791 884.4012479599243 3
329.25904795022274 536.1625977032318 2
474.7350359180309 857.2716256449387 0
451.8560127557649 288.4464906442721 4
157.6537075418434 725.0351910197923 3
501.38040763095 966.6194081935562 0
131.0506746169083 528.6500975395826 2
191.81015165188532 832.8789016578274 3
332.6368368091592 123.3729548625522 1
732.4084347756622 802.7767875188777 0
194.03659686235844 839.6232515352264 3
231.39096916757563 768.3436376789613 3
735.4588136269913 834.2483684596622 0
399.6877835557955 633.8719077026724 2
1004.9054248361743 900.9252248630685 0
560.638453537532 14.77114729543527 4
550.7489551211685 404.79124758883876 4
660.4043502503888 376.2090856192454 4
330.2467033975182 590.4168593586115 2
104.13602926515838 689.012402002656 3
135.41462183066437 430.0178866010475 2
537.9777751539312 620.540670096057 0
896.3810519493672 175.72281442849413 4
522.4504052822188 714.8797281119979 0
138.38047788589503 239.40777333733172 1
589.2275377410865 696.3054151898224 0
202.12946632704944 861.5927341757568 3
432.83579792094565 237.9752050182569 4
741.6326030447358 750.4178924648554 0
805.944224879445 890.1064327796807 0
112.34461957603551 624.2223644140745 2
338.3887102119524 216.85573493536526 1
385.81504797598575 153.42462188965794 1
193.71225248923855 895.5176227701623 3
794.4891267733573 907.9918538903888 0
732.964275277611 856.6256191072055 0
468.80518935087525 284.7725162729886 4
494.4882464129121 969.7714445658823 0
392.7695044098997 126.89344754294916 1
54.160738499523205 43.15799440342108 1
682.4995970970449 783.2345248221154 0
417.6590009840044 92.66507115522099 1
187.66848332649724 793.2750700121936 3
499.4241284771549 405.2510195773213 4
510.77137651610263 406.06794493148357 4
82.70027593108387 727.3113378103702 3
120.07799236012205 535.1426374328142 2
1008.3845686793999 877.0921045685661 0
745.5882416592975 832.0236861419921 0
96.10234158214797 470.8705629893825 2
835.7198144896956 957.7328123899641 0
91.23006185490814 36.44720787325644 1
394.9214054270192 130.37712952292316 1
134.39149437013467 32.175190223762584 1
145.2793167101817 18.100166042211175 1
344.58485203929786 81.57049068760107 1
61.592512550589916 548.3602726977241 2
535.3721517596281 610.1981593582378 0
98.70572018288021 39.467385057619055 1
173.92793732037785 800.5067316795404 3
200.71754660057363 816.5346827115716 3
120.31718096127113 932.8616198520535 3
979.0661642317295 685.7126144173797 0
615.5778351204916 341.81245381788494 4
989.5188764995672 874.5274189166234 0
400.00288540338806 145.05972390550878 1
138.92633927860038 743.2932203412057 3
231.9600177191389 920.758444023432 3
1035.3980241834363 891.1256486379613 0
-28.229825141922362 -15.124127526050767 1
597.9949260863897 439.3850682472577 4
12.36665094736584 41.892833664349354 1
175.03648656747487 758.6310124806663 3
105.86658510989221 10.343988192460607 1
444.48305883292187 85.81784586775146 1
484.6732343883655 112.25653677668754 4
211.99244926744257 45.29883836692022 1
925.3160353916353 937.4352385690794 0
726.4761099377588 730.945140313582 0
425.2742991981987 51.958883980497404 1
521.3394317459832 370.07339921506576 4
176.7376248697597 762.8067919664609 3
522.3423671508601 50.60319406454282 4
476.11700106556236 420.86996345199304 4
109.13475667818774 482.0028193775678 2
323.36405743643684 108.76536686510136 1
1000.6399599824304 701.7598062778902 0
529.8637564556723 107.86466568975013 4
64.98084723700588 92.86446136481597 1
116.75573644187352 2.3633427320913327 1
762.5469416603897 162.29635550847402 4
981.564509164975 712.5509148595671 0
115.7649791975398 704.1534717106929 3
586.0172022990998 408.7671158161021 4
444.6976137541521 338.0619328237517 4
754.1784538031055 634.0953317257528 0
818.9757578661854 177.84014983312457 4
102.84040963867443 496.48374810769025 2
322.618240885416 132.34254897375413 1
775.2004360203521 791.3256053132185 0
164.29536682740738 658.5435997020612 2
843.4122897815319 852.7798487877351 0
549.7652996722865 471.9510885714088 4
830.3407518204272 890.5469457006865 0
153.13461026418892 546.1272380793803 2
1044.6002094745377 857.9256863824957 0
253.30626582903733 552.6872622073898 2
120.15030067626715 31.670821628253755 1
817.305912997612 217.8852298294438 4
138.2711885529653 537.1016087511356 2
187.63199609739834 764.343603445381 3
325.5530547043634 599.5115464894852 2
462.4333600788019 388.258417099181 4
857.7080809112134 193.6466147354825 4
532.7051012095976 388.25027396837197 4
216.51221984004104 599.9009803999015 2
546.1836873849234 16.03067117754622 4
103.18417449271449 50.36519662545858 1
275.2759912897222 600.5612330738142 2
545.125908829024 623.5150004182157 0
49.72072112541805 25.227394247782232 1
498.8496157240383 921.6133407661132 0
398.6858533395084 144.71336501907473 1
156.0391058825131 777.2167970567933 3
531.6268437515288 393.6768501375002 4
862.9026457656223 177.45851930580085 4
499.69681194788626 521.0528056921215 4
660.9594876297652 760.8277793038211 0
611.9520335430719 294.91697872301165 4
155.0431890652611 716.5878488354466 3
406.85603060667 129.0457450940903 1
736.5317391819924 744.7873785191881 0
712.743442601808 753.3565060359136 0
118.89459641287984 550.9772634988723 2
520.6511619209647 334.18412552800885 4
1000.4363030001363 923.9350422992555 0
749.50087568878 799.8603598543746 0
131.839056829507 548.1462614635194 2
785.3715427424297 931.4645125859097 0
167.4359295643504 530.114761868592 2
458.5566491367208 646.8443932506693 2
449.5131965871613 282.006119272178 4
645.8029612291517 749.1205925918263 0
350.2833554442047 626.3496243748926 2
71.91287216838634 -21.013790712457343 1
230.22967711542913 558.818176086233 2
555.2178534318181 -24.023184782078104 4
331.2596679117305 141.56092525855078 1
273.64356724921714 720.217390732615 3
517.5899631208259 478.4136954347397 4
745.7099667737643 781.8172526519578 0
954.8775284572339 917.181446380783 0
358.0909075759957 570.1214654155078 2
152.6439278252565 764.236211616811 3
770.2146591866849 731.4186618582346 0
302.34285227470457 610.8327286437363 2
776.947653753166 198.31505729653554 4
960.4027469612954 190.4833853126319 4
581.7656361763477 346.5029836612042 4
377.7021302799192 86.6810636284061 1
94.97846085033342 487.8144325595413 2
406.54569822689496 68.729978648074 1
988.9526801876553 712.3937451120997 0
211.07922576758955 770.101359951087 3
117.69172619597433 43.20946605522135 1
546.662593217424 626.3616769303926 0
24.123491050810287 766.1111594881587 3
536.3300764382308 449.4373302744453 4
113.58714950889808 536.1415588811708 2
394.4891532217576 214.78192234186628 1
878.6027826827731 881.0742835323355 0
684.8897141705547 817.7891449683872 0
436.63352478131685 85.01518755479903 1
838.6418845262898 809.0380872843591 0
193.9933267889572 806.039417753297 3
412.4227314165921 184.29415893966666 1
651.1931282459127 762.1720613374478 0
875.3348542534026 876.7160494394839 0
442.8274999468962 244.98629501464728 4
300.11043603063047 579.5852690331137 2
504.63523466945384 928.8233882797675 0
392.12470743432465 526.19947615228 2
978.4936191505004 719.8990167560484 0
499.84941654224866 960.5353761164827 0
121.28616017578486 829.3871944596126 3
95.75491482849063 888.3284792424205 3
206.93306189195957 831.4867640644142 3
132.0844426869405 235.67378124109342 1
124.52378823841838 784.6522478998019 3
178.56596493457812 69.9106436704623 1
634.2195574979772 772.2259290186469 0
180.32548860651556 785.434847381617 3
375.2616282510017 146.93497890635433 1
321.8550327193826 110.78764772710858 1
776.4092569848943 799.8154027207801 0
361.6562813057502 837.1638794603721 3
811.1758442787983 908.2115951783475 0
495.09036961635627 641.7238137434115 0
152.9938541713302 62.677660363119344 1
442.4060500896454 209.44593512299437 4
558.2108593289319 18.00641642999196 4
45.34835965719917 616.3329592467871 2
85.89496926906297 568.3160784934058 2
395.4132396469643 80.29282617442158 1
132.14212171092012 824.3746855181425 3
184.95923261269317 803.0487753765785 3
86.44496556681024 2.146563383019963 1
507.4820636366966 485.72792566781663 4
291.9486988297879 172.67029693323488 1
122.00937172683888 899.1524144699004 3
331.56453262426 163.6929679279685 1
713.4732424326814 779.8958915471019 0
418.815523705019 487.1702346022426 2
765.2721325879438 746.334982067247 0
95.38165692671865 39.78814451509338 1
90.4552776170338 416.4525948937021 2
66.69918817259568 472.1160942991904 2
758.4668452124838 784.778996167399 0
140.61506530248215 52.18703911373781 1
436.9704556798796 131.76286171182753 1
668.2135079357213 790.1603583481239 0
68.34688878445873 474.65014538543915 2
85.98735402872154 551.5767688208342 2
89.6300621266293 811.2703077602963 3
1009.0234136698286 222.36167337750942 4
595.017882217861 441.2171498773208 4
397.8375707787145 126.35147613100618 1
576.5009656212995 599.1519408267555 0
967.3094312491583 213.7229766220587 4
622.7037710032889 391.201336679014 4
578.0439759174067 455.585512171757 4
776.7093393618162 777.8933977835443 0
521.8310776348342 500.1727174509633 4
154.24105888669817 877.274244425374 3
924.940835706107 937.0113202235071 0
557.4255725278535 37.62985827217702 4
157.4992702565216 769.0129465261938 3
216.3530397241827 719.4410184153656 3
182.4314101004503 791.9423563734772 3
121.67011888848153 762.5739792390153 3
81.36550953531462 -57.627134881939924 1
110.1409146068952 630.6405700483356 2
874.3383282503131 948.8381945065692 0
349.8570378142855 163.55574851208755 1
516.7628342652763 763.2276515939686 0
280.89640409897277 714.1987624792617 3
216.1207922043582 627.0713629636616 2
995.8212986315582 888.714117821643 0
702.5710764697957 474.8107062784086 4
500.95138128518755 589.0499597627868 2
566.3185667007087 -22.97857290415739 4
277.07997114036965 715.473381742998 3
407.155112293861 199.88981356235334 1
639.5187772716353 771.8001152238014 0
48.24248974389509 782.5368779077443 3
119.29408373361649 544.895745352515 2
80.55736800465922 529.6920403935209 2
120.70221896021222 472.18189329937286 2
180.3082969426444 775.9695441150637 3
487.8394833359335 73.27445692646562 4
144.66839294700736 840.1421032902912 3
544.5276979247845 623.4347062459766 0
98.13901386591411 931.3339897583548 3
805.1001720325601 151.2055139661429 4
383.8513986626926 47.852508670121864 1
502.3308730410038 708.7440006134037 0
994.4392176564735 865.678469761083 0
830.1582953995778 904.3327697522404 0
270.440293800289 726.2984591679357 3
328.32556177795186 107.8774848903051 1
537.7474905543139 152.43107402735612 4
146.14693107493002 537.0903064702484 2
792.7825817057638 783.4325632676 0
518.3978855238024 972.9614316299852 0
846.4545363430327 726.9024674703446 0
86.19781938277245 908.4636904349173 3
58.97176158223032 43.78394198144041 1
799.084855098381 754.7022089046383 0
654.6112336836799 280.72615000821867 4
136.03252212980703 98.85519417866048 1
543.1152257734868 613.7735913221164 0
123.49048228163807 575.6904753656527 2
198.9144309988178 903.4753897441069 3
333.58135841805586 584.1825594021069 2
667.0778124980174 715.1467545490381 0
721.811253991734 838.9591329691558 0
399.14682898183804 91.87538510584446 1
416.2309578317985 442.78714600030736 2
593.9387606060776 414.3897374215331 4
1029.4735622839617 881.555588537805 0
376.8013497519859 208.2061959440388 1
77.34087213030617 573.1574716916905 2
805.5589607268217 900.6563892937893 0
416.1349683592206 64.34043185917291 1
642.0089142038335 389.1703171619971 4
793.9360426543738 907.8641150279489 0
343.72851748045184 580.8144209826337 2
734.6525171718905 808.1860756550604 0
123.42866735842186 535.5701855500994 2
527.8890758855887 989.1440016604545 0
554.7074805028293 626.5312158343917 0
257.18078125867777 153.06041795086202 1
687.2180863556955 798.9588492945057 0
362.423497278049 516.6707124319917 2
511.8776158781235 103.56503854604065 4
539.6139622776539 765.4481349981585 0
542.9589480132078 625.8182067420619 0
582.4340193119261 21.63156697305141 4
413.0972672870274 215.10548918310104 1
729.2648014649509 808.2725584395764 0
724.9760971466249 762.5720085947979 0
121.1231918557223 897.8926221917254 3
5.116512320921231 -43.49840017701092 1
975.9136798068971 844.3209538132855 0
94.04663069208392 482.38294608868324 2
976.7673308391155 204.1933234081402 4
594.2161651998732 535.0385302235157 4
409.3331485222426 225.15471114323756 1
475.09900971757963 151.43805852860964 4
419.96428717890615 193.29685021447114 1
192.55489158374633 539.1448119852472 2
440.8966458772332 83.22563089461744 1
766.1216493357939 943.7367791717436 0
93.54709273379628 869.3082317214 3
78.66132850668623 -53.69840264967168 1
528.1451019015096 186.6356200643296 4
815.3660927812289 231.4646541435787 4
217.00451131338934 719.0972451467424 3
1062.1423581483116 878.8736694599961 0
138.76534506915755 579.4514151667194 2
537.0885434873078 22.23264156840572 4
743.8883239537447 921.9245775892336 0
477.26812845664307 365.6287160158006 4
649.9146371865377 741.5480262555802 0
97.64613142866219 721.5554092696323 3
122.56849587653262 644.3693333186341 2
118.71445412389745 898.5884736236266 3
335.73174509681303 597.0551093483796 2
573.8261337899572 626.3074910590393 0
455.9880382952152 689.0366048420346 2
223.19648584126912 556.5422720045914 2
719.2671332568393 917.0318111660059 0
143.14484568723796 789.3457263570915 3
265.31707306123866 564.6771266113597 2
756.29123676363 729.3333830411742 0
622.6723113839058 963.7740920110607 0
827.5994837392685 185.57618792397142 4
161.1216064152947 859.4331480432066 3
274.14160086905986 712.8832495513203 3
280.3686330249679 710.7686548595299 3
762.5653321331021 903.0341044094855 0
280.9214300117093 489.86301488381497 2
564.8719868796463 624.804505877299 0
409.14010563267607 501.569697987803 2
873.7086074174609 160.45698789689763 4
240.47094352861714 514.005776208655 2
690.4905412208936 506.72061534115943 4
129.78844187038524 473.36772597142937 2
114.50587990257274 530.009942373629 2
271.9430899670266 783.7617113670724 3
222.72195137755145 815.1990584426887 3
1002.4318890687135 927.8269468501827 0
537.467000119324 599.6662642437602 0
137.37327894302427 863.5327528903291 3
258.9260854599164 501.0241611724116 2
441.54484014704127 94.72303631973578 1
414.44936744948325 85.88915973361456 1
375.0050380181567 478.12665395713407 2
740.6641735644846 741.5303641473266 0
369.08887837110194 179.99304778694864 1
782.6737658565401 900.0224064810633 0
331.62798080155886 594.3624317391957 2
769.506280680042 908.380353560142 0
839.1848951622126 178.80149287795538 4
572.1167190601441 960.1302187614358 0
469.84542601352825 447.42355710029324 4
364.5047021006538 182.37310114918742 1
362.8094149186635 484.347440061095 2
665.8951057940455 753.9069412516889 0
919.3999792498508 180.41611240479097 4
123.42637810247767 40.16494651432401 1
1044.1141335627276 872.1388278450509 0
556.0779975600934 436.2651941094678 4
88.01090420404462 498.13167053027456 2
318.12424937375437 7.782034361919273 1
347.65486957950515 56.445707472122834 1
332.94121647964397 593.504624215071 2
719.2263517640225 866.4334441780089 0
832.7590401766902 685.9264311149218 0
329.2650481235391 476.5521424565022 2
625.0767884722271 519.7792126790981 4
91.56880187807772 41.56775826951497 1
730.3504296794647 690.2245021642286 0
553.1879397454201 609.7131777655977 0
366.2362827533886 290.73304392633503 1
161.08505569817663 777.5571850992527 3
650.9120568362287 755.2751368200594 0
522.5504989129352 14.524015728102059 4
322.17734742603693 152.7884393617744 1
836.1619828743878 946.6256869769071 0
334.70514946360964 162.02256554874418 1
549.9061877909368 630.7965644536057 0
759.1131275879484 738.3184983969581 0
162.91474149665197 513.5530504048646 2
500.99300751693056 652.427407422788 0
531.9116631226158 588.6778413369645 0
784.1954400064926 913.0183150785765 0
795.4783058328936 140.04225802776088 4
150.46957051560213 -5.157555832519428 1
368.5511793323924 126.31835899921231 1
134.19015735235553 657.0240442990049 2
510.77856100845804 738.050402672988 0
828.4073086712879 181.4322943862052 4
769.4497340527081 948.2180377238652 0
376.4592788352139 126.42465281519458 1
94.61696141002759 35.934105623882665 1
128.1440186940855 896.7538605221508 3
887.5885431133969 135.02855774565018 4
293.15770228839824 491.26216279093387 2
843.0399449472338 969.8498437678364 0
583.8629879474728 265.9694725848771 4
334.0297985119343 563.8451180408603 2
467.32407775957427 257.46065268916857 4
871.6168249010302 220.7272284183873 4
375.22611335908255 198.72914160095502 1
553.328432168875 26.393107578963125 4
527.2910665249508 979.3518860620276 0
168.6753453221774 57.84965929205987 1
766.7361589643167 188.12291534362262 4
365.0292947786737 20.21776127769307 1
419.36468337259396 542.3274706741414 2
129.9090689815769 278.40478937155973 1
178.10829586646378 752.6285896998671 3
612.0958295666746 956.639814490141 0
156.9394500141411 825.5437828342558 3
354.81296495427114 118.55830713526132 1
208.56416139184898 928.1311560160817 3
152.8995214895104 86.39307004633977 1
177.30439515545157 796.9224127710796 3
120.11335652672476 804.7569123681889 3
593.3272911205513 675.7792090049157 0
522.5913408513123 983.0301008268923 0
356.9891950101904 543.5653960657991 2
482.4863711939394 950.7375698238889 0
67.97993361859184 491.80483263438884 2
615.9234620957582 513.8768889026582 4
450.3134472151344 256.95100153578375 4
583.1081097116445 391.710606606674 4
528.6440218867074 446.2065678780251 4
381.6613680784052 467.09702012682226 2
739.142554768215 855.7360430567513 0
830.9734194714936 956.3282292205237 0
807.9191381101172 909.3305828151484 0
145.60725850345355 521.0009473360275 2
58.62619397891193 738.1294473469192 3
550.7347849487647 439.33313772433667 4
56.356502349470844 590.9661655272545 2
283.3186710515054 714.0789719089105 3
750.613567788303 780.2737761740387 0
179.40393093372631 839.5295027831835 3
981.867921868005 712.442167766618 0
486.02020468565433 849.6084560647606 0
467.8838250313384 722.4422697948088 0
768.3340393547486 892.1821737198774 0
432.65590821046396 533.2264996201521 2
812.786008421121 905.0213479308605 0
785.7634998943583 222.68903038013204 4
131.15030551172657 554.7847712700908 2
358.9270104690944 251.0643782173986 1
11.642000148792308 762.9611869303953 3
268.0381648252168 713.437544354236 3
114.1905126522508 70.12561868507227 1
615.1565297817233 983.3810359960041 0
309.27542638555093 159.63810526658006 1
436.55990934243164 554.7340467913709 2
179.1983420184526 999.993600980584 3
434.76202047033775 378.25671503970034 4
237.84800688949275 543.9443130829599 2
693.3532370652097 740.1881810116396 0
104.33593740401204 12.389043124123956 1
115.46979228108894 871.3393062197782 3
510.25530714732946 993.1230118814776 0
531.9163412550449 -4.413359050677869 4
-16.852512344736937 19.700673211707606 1
722.3547605740293 794.0913763790247 0
674.7947693814885 747.0611178270684 0
165.0998262015662 1.3286317933090457 1
80.77132704523899 528.8590765692376 2
107.11083783136439 790.2778856454332 3
364.6987060835109 60.84755919838361 1
558.9176116042885 15.702399091806354 4
451.9115870113023 78.92600996520025 1
817.6550628660436 201.47176332456382 4
552.0348600214787 411.94414041815736 4
237.53146066554385 911.7541731820938 3
109.02235379819139 62.03937472248202 1
433.8702034276739 164.70520317727323 1
385.5952800629238 150.86231986024285 1
90.7142797903442 -0.7737206735091684 1
890.5395262544512 219.0622202405968 4
750.2076944794278 785.2950998063321 0
482.1609700095519 256.72672047426465 4
53.945426606552594 4.827885920587537 1
795.7263077728107 180.8558325900208 4
104.89489848917013 543.9982703065504 2
411.3509271911431 176.1445678821058 1
121.05666726640867 42.27348557544481 1
764.0502795756561 775.8256047272554 0
246.23272590013002 900.0148615218661 3
225.9032215432863 899.4067341243193 3
220.15473184320962 874.9394736928703 3
-26.444267040609844 47.618942467909406 1
82.89561020072733 9.654927846993758 1
384.6374484853859 472.9190606953533 2
834.2398691423867 112.8082674831498 4
486.7606122748928 48.6360357246638 1
524.1820349620948 697.1556367129875 0
63.30311956256622 800.1263895456655 3
822.705373125918 993.1322726731714 0
663.1725256608873 702.7157819577556 0
508.79976526983376 699.3854850341647 0
149.52682694552487 836.6764547864265 3
483.99307451758807 176.4353166382555 4
746.0781890344256 969.962476959316 0
66.90465697517311 718.2019736843142 3
301.5405495364392 871.8011813837452 3
808.0672121642265 967.3572050975542 0
992.4139829574939 194.64087139276432 4
76.21105142514195 530.7822444794904 2
519.6622471757199 436.3097823285418 4
1008.2134012372214 829.6426521932402 0
341.5940665655831 124.55248238973465 1
190.22540771145515 34.044225340650485 1
530.0729887674858 0.579340295577552 4
502.9617696684207 705.8587687546069 0
389.65056377322287 567.3844852319147 2
724.5072586032185 396.74370668104206 4
856.8116647479045 191.79279365069826 4
168.6827122078612 37.160528994852456 1
524.3168409584916 994.9274675031492 0
123.62462722040965 456.09510898466897 2
504.2874861160903 947.06690117053 0
838.5024166655608 117.11113065470056 4
147.54036309637598 23.42562770349595 1
127.72535258928899 540.4558078576763 2
119.50280117262749 571.2908661365644 2
744.0814554317639 760.9085148014481 0
171.13113386156434 1008.3735775000985 3
56.39917953481772 843.3675046826771 3
29.592729229215166 488.3429082628436 2
809.6143464703805 210.42602691528543 4
516.871023949265 994.8889041483957 0
143.5913446771838 781.6331042838435 3
220.83214807546184 760.0161638785188 3
815.7976471342931 696.7555729299655 0
443.1117275427844 98.61823753813944 1
535.6461770477067 985.4128322757628 0
347.5832245239066 478.78498470601073 2
502.5951765855582 711.3346681173609 0
731.0115817013907 834.2280236006292 0
74.7870629972254 515.6304068885804 2
840.6310768407154 961.2861503311583 0
1004.4740371211961 213.51837717904064 4
761.8110380038981 820.0122078966832 0
124.1230780700242 256.7415596477693 1
189.41454163192054 893.2693947836987 3
825.7149226211709 921.7005796214343 0
833.3560933233397 960.645762833432 0
513.5600078699968 637.6304191157526 0
228.01097169252492 876.8727155433377 3
590.1862307457027 456.91730676317314 4
412.6242740903373 125.15293815075856 1
711.5110735724858 813.9158387828651 0
419.7927358010708 568.9962951974277 2
289.0289556307753 797.5081836139093 3
808.9868351073395 926.9904998402743 0
155.48291944921468 858.041309973988 3
117.11849981742499 63.03058461400668 1
471.0639282446582 435.9603555476569 4
792.777426427013 926.6627494870565 0
587.4494304508751 741.9284528427179 0
579.264440902958 640.112691646198 0
990.62994986415 890.6626438475937 0
432.43888747943754 160.0580776720122 1
189.36143312119233 810.1247826008077 3
445.68545844513153 40.901781041542165 1
382.4678575875662 -13.116810435039497 1
524.4314315578403 992.0089135602211 0
97.67795390769803 -24.07360388719405 1
583.7263202522288 421.8703441533513 4
117.06099141670948 46.15885489261543 1
875.2557715390602 201.74873661324446 4
17.178617626243025 -71.15671535335144 1
96.6354573603721 82.85194000124807 1
560.7354197386782 440.9573649049146 4
740.9730305170153 749.6747649086954 0
744.0147651128299 916.6765317855302 0
177.42770850084455 560.7073354455026 2
110.74703066756196 58.96947394758619 1
128.9424201485101 721.0283020015195 3
127.65881987141567 537.0729617465163 2
330.0076912764486 650.4600893994076 2
599.688253703657 488.61722879074 4
577.082883303729 316.95586677834126 4
118.56064266088713 901.7030930543021 3
458.79647050059845 301.03484822467766 4
486.03941106570215 713.1463535126675 0
103.22407151107029 490.5463192453026 2
911.8979084933725 937.3608461435357 0
380.0280147935492 578.3447670540826 2
98.40374038162744 878.6739019113437 3
772.8011397648419 994.6003905902339 0
481.04306171164626 393.13702274599206 4
981.1608200913744 890.1281773291602 0
606.0738270439176 680.5240373128877 0
607.7830322234466 707.7570996922851 0
104.37220414874605 695.5200139242415 3
253.21027500723 879.464101703624 3
536.4958429801491 702.9273583148494 0
518.4384886173191 939.5651573680024 0
451.9023423333904 107.58559730799308 1
46.95270542081016 538.2716879965444 2
977.7241644396187 720.6405256733275 0
642.7288837994183 764.6620187884896 0
98.7619820801107 530.5449229593943 2
585.203812281092 968.1584519346081 0
510.2953072085912 968.1774269771685 0
575.507109525702 376.58192705432265 4
479.97695306865853 279.22703925392364 4
426.7929749138216 78.84873918131484 1
984.3492477077458 888.4220262398172 0
336.07496982931247 141.8896208372305 1
480.4634793745799 288.22465219654157 4
837.7182248637647 967.9796387596972 0
509.6632143999188 709.4511203897059 0
177.58152706385894 784.1082894124318 3
391.7548478397716 147.30224836009222 1
115.58859769851892 280.35845834389016 1
448.10277199311196 59.116283304462726 1
776.5127327069555 760.9402259683029 0
336.8696010657552 102.5360815147595 1
84.37190279410451 901.3998237711571 3
102.56078101213282 532.8051482479707 2
105.37968064124702 832.8922531561923 3
597.1775839499169 457.27626048569147 4
179.51809167600632 815.0102009956053 3
986.433281733252 849.7430282807941 0
370.9760213940323 93.30308401420947 1
625.5512364121004 501.12469270512435 4
559.4549469445636 19.30301612928915 4
731.584859688611 760.3331873392219 0
503.7312969891449 944.1813016729545 0
94.14103228128175 1.8217496384787033 1
818.1100368960994 920.9533841177473 0
552.6346444946981 534.6540001475254 4
178.04623423504884 998.6463790773792 3
542.3314807910954 739.6370412716833 0
482.9864466718653 866.2328482195062 0
996.4088457938615 860.9446747539154 0
24.426063182185857 471.5929423313681 2
272.03608237550975 642.4385036414596 2
566.3030783484653 30.782752897680457 4
484.80357807159163 848.831593686404 0
153.08798258004867 447.79427383043634 2
495.2874384255995 849.8389256717818 0
121.70082538121895 807.1898670131687 3
518.9034801781368 240.81127582440843 4
456.2137280944707 314.25673956363164 4
114.85197489494085 576.7011756480866 2
540.2114518014973 437.1421398021803 4
832.9065995589885 187.38130001000692 4
493.8265392248274 964.5673128442031 0
826.0174701660353 180.34166412347957 4
284.93231576372375 557.9717356079823 2
758.411738741665 939.143754523413 0
102.20143800747388 416.56372189649795 2
356.4047157080742 815.4636416456859 3
44.457744853119735 60.866793534009155 1
30.252286526871053 -99.30904341186461 1
81.61452412280602 50.19161922102323 1
133.0767758710256 772.0210226090046 3
316.8688125636851 604.3720442956225 2
753.6082107349764 748.3357047518726 0
85.35230801408761 853.2133179297449 3
529.6668299974673 993.57727461456 0
866.1606092731794 902.7894483250353 0
107.26176689323161 263.1777846539648 1
117.19221025277587 458.5346560501607 2
522.9967377675694 709.236423343152 0
762.1566313686325 943.4111806431022 0
137.47420820217084 532.8165068850357 2
839.187760448594 955.5176094821497 0
96.08600585630376 870.8313008182655 3
540.5680832175871 425.22788427008936 4
793.9410430878779 904.6164328130186 0
826.8559505999765 949.4047639591622 0
406.89091186947235 173.50825852746135 1
547.0233373598733 667.7012129373779 0
312.56715338959833 586.178034634646 2
185.19901531851374 794.8573596801932 3
132.888254153515 833.6711517898868 3
849.9171954415117 214.33287828627502 4
20.487842211352913 -6.2867651591786124 1
41.56293991460582 781.4109672995071 3
159.3662227771096 818.0449642240707 3
495.3444879890795 943.6093961735421 0
117.7484941464413 -16.02469299019333 1
463.1494870343301 681.22217313789 0
747.4829484079389 861.7404181901846 0
492.40420584463743 853.2339427948218 0
957.3558041507306 227.73965620318427 4
548.4146290751621 632.1921665358793 0
375.8947746025122 595.9590660002635 2
480.6380232769501 67.10606925020475 1
305.46829536487877 53.07456013210604 1
520.609689560648 708.5501193907942 0
285.6146078463433 703.533814230148 3
430.8106450876701 93.99177134813091 1
398.68434660000906 129.83144913552115 1
350.97929730058735 111.22897240833245 1
814.7156942064114 926.4922457739987 0
366.96195325518437 610.1402483789277 2
536.528180296286 644.9662873559552 0
131.21680881477147 575.0664385783688 2
133.8904133917252 491.88475964997644 2
123.94104875443624 483.5565784565802 2
741.0836522835519 809.7813105586723 0
797.009807019915 810.7487625315305 0
510.68312512778726 618.4330631834143 0
753.6794759697315 780.362695730546 0
513.3463207928673 470.77741726596474 4
766.2307683694105 904.7854198721103 0
984.3174672031308 210.14629775523738 4
177.8723094910415 783.5855026369728 3
259.03481010914754 500.7792316648418 2
495.4697692330178 411.38643159959844 4
76.46730025537192 427.4985604701984 2
314.16400106460617 146.46996050883956 1
432.0166638200198 91.03491737431501 1
198.40566514641517 827.9302657219285 3
431.72764696893887 60.59101888916932 1
368.98923816842927 114.40431914940217 1
227.6254118655584 912.565524127647 3
552.3509299304403 426.5514850226208 4
700.9648580266597 685.4444798306697 0
62.12900616251984 616.3282582359567 2
138.71288489774335 796.6518640962965 3
137.7020816338379 872.7239658143817 3
1007.4075763172941 923.18095030943 0
886.4896934158479 165.4377316995388 4
347.3521063487031 821.5989592328954 3
20.185528590135988 112.49216945375852 1
30.656306795678546 507.1083963525095 2
486.27302793365095 923.6866805105818 0
1027.270397663395 885.9716075102891 0
78.99897540184148 793.0125211948283 3
179.29732842270363 -15.150626173118322 1
283.3471293855858 709.5285489191695 3
996.3482293819602 954.8808556913488 0
114.6483411897928 768.3416131140116 3
991.650056365801 711.3767116860232 0
767.6407450594925 805.8405319530373 0
458.54182800175505 436.7199078251449 4
584.4392569068933 499.7196580121247 4
293.4808806718273 722.7041687219787 3
760.0140634104881 720.3293051739897 0
60.00378465024456 39.63844353666301 1
116.28872676470664 20.01745766745286 1
285.62083070264504 705.8055852986822 3
23.34424854375345 471.0123184644224 2
132.67204118091593 774.4419340757695 3
85.51206161862133 490.4939178860631 2
993.1680521608494 709.062591404499 0
373.85253950003107 216.6140429215613 1
85.54317937167778 2.0410033993738868 1
751.5817310023515 781.5167879924444 0
393.63311673073633 233.46198962644968 1
40.3211881866414 502.78526950531574 2
295.7458285705393 86.03528156115783 1
225.39649391896404 642.1101742786495 2
217.55125281903915 903.2198797927214 3
434.3538501699357 469.4201082987262 2
743.723140831631 765.9769577371618 0
406.7758322811061 146.8208196915495 1
652.0257994545916 741.2518621741334 0
70.26594780111537 476.44654128097216 2
542.4534203829852 774.0893129249844 0
453.0513196951139 580.0773774025356 2
149.68108932721526 768.5034206266291 3
826.0940371731223 851.8217423902336 0
597.1690922445257 969.5603854112255 0
332.0377646874764 596.8276178367638 2
823.2870442010878 785.6462466652097 0
693.5357219530551 723.6781463826005 0
277.05533250017976 704.0439297867282 3
886.8051278452647 892.8632589720844 0
805.5119230833371 161.34210886401254 4
305.09561084114637 163.2894793635666 1
748.6477414064981 977.2917845595447 0
10.2884788526828 591.2457266660584 2
75.21773098578268 36.4675177582066 1
816.0516237539658 954.0768763613937 0
123.50480276576994 638.1688147005802 2
494.7617805763246 860.5189030006895 0
322.3115820049257 96.47970132946983 1
131.55908547436798 78.13914273895502 1
551.287582829799 615.7766618437588 0
396.63000254533176 352.4847226982782 4
711.3013140839874 793.4613237923127 0
531.8353652153779 614.7531631524138 0
432.93388001045315 437.17200570990235 2
209.8106527362353 722.0008914759036 3
669.7926784570179 758.5722261962987 0
333.3702668236928 128.88167909635212 1
508.09366276327927 950.6884651030007 0
533.8317591662525 699.496810979481 0
117.01917570079274 904.9263360592234 3
1009.0604633717305 867.906839975835 0
227.3299218554224 516.9436996395731 2
552.8291776162074 15.574875425819943 4
106.90658848669281 876.6233145420601 3
499.9075891800693 939.6486698353881 0
254.99976802610436 660.3582767210315 2
481.39278454650304 443.7391953771559 4
778.8661231176692 817.6032849916901 0
532.1343818611488 632.127842887641 0
845.0432310228007 717.4755322631391 0
407.89728393142116 413.2164774068933 2
251.3107470909231 695.8549616503357 3
861.157193472702 926.5570017316599 0
-8.099943943817095 65.8006233397226 1
145.33829605023595 898.2731487510197 3
701.6664880487867 887.2926210192134 0
760.6116422156119 766.5922316959101 0
419.8855323590665 377.95290136487256 4
811.9673571073894 224.38053377852358 4
238.45410458789695 533.2765189109311 2
301.4303479806601 52.72941978038489 1
126.83639621346168 73.2877924478561 1
606.1226666019205 286.58128840743376 4
794.0516950935497 784.7632313015712 0
23.7160466392359 489.73362501613417 2
291.9824822598916 129.2192839897223 1
508.64145727779055 947.1779362885615 0
336.95734034832975 848.8538921017441 3
323.9260736837503 104.52720795011416 1
554.8467714431512 740.2599746320868 0
402.8382388337982 145.58981026322454 1
992.4467117667824 693.2428727752173 0
519.4326354949028 965.4132147316851 0
793.1609614051125 192.15884395943522 4
741.8062379777791 780.5347778237677 0
343.63487397666705 236.08795059839173 1
710.0567876293705 951.3708526411639 0
759.9995581257122 798.272740798041 0
536.5580944797728 735.2712842408837 0
184.2372660948573 794.3939833119316 3
721.5171042209497 428.8377998704443 4
728.2743600419312 784.6618095535775 0
113.44812789377531 476.640481692372 2
10.699822035053087 760.1055183008539 3
377.45393538720833 224.13274130274394 1
812.4659795063504 891.3675530139266 0
829.2887690920219 957.3987797142408 0
687.0253160532307 533.8531729393154 4
965.0214830064053 225.1228695063931 4
112.2689765469395 32.47831223260286 1
905.5613644162448 185.60614072836978 4
103.11369294940147 11.431063746849304 1
458.32577008386954 738.858675762262 0
727.6584621813661 683.1090248924538 0
559.383316482897 473.88414545266545 4
841.4310673582698 186.0878739446327 4
103.07789052165242 270.80303783174656 1
445.5249736562084 463.9806466698511 2
358.4740306788272 650.4184145562957 2
353.31311672972015 85.25963802564297 1
697.911778412909 788.5329464854929 0
719.6890384581178 746.0861935095546 0
590.6488882591249 18.515452558154198 4
609.1496770331354 429.12728788383134 4
462.78706860566854 331.5731570420725 4
522.7769158603622 975.6935204511628 0
144.6970843360388 876.1246947777033 3
280.332026441655 56.59685780221798 1
205.46516635440898 824.8617165659042 3
51.10862531279833 526.8150740133448 2
69.55998366837669 649.9798100665714 2
660.0269679554455 551.4250858625844 0
202.0273294242256 918.6975895587724 3
571.2878378976528 30.414873758047055 4
465.928549511592 637.2744828849052 2
760.5216989676929 863.0783123007673 0
757.9683914048378 886.6883805806993 0
987.2370061949422 920.5994737133378 0
792.8429925161516 157.33759099513122 4
566.974292621384 730.8510741816224 0
316.44106127325324 131.5485169378938 1
320.43507124313277 164.8295539827321 1
512.5803609149975 449.76352255398785 4
151.0260839063064 -15.032915407506316 1
437.9972250039932 531.2591863735863 2
631.7151095364983 424.2355925192807 4
100.09291980291361 873.8599511034625 3
314.4003100111377 749.534020618834 3
511.81401926405636 615.2869187487423 0
397.4668955872973 146.11950750277484 1
549.3853109539166 34.528745672941184 4
139.4786151260932 765.2993212012294 3
122.56148057178993 895.5246600200045 3
740.0377993443158 960.5608726654251 0
604.3570047210277 398.52178268638386 4
360.8437197168762 156.764047809702 1
184.8866120068252 725.7152252297207 3
678.4254182530404 464.9805518334527 4
709.0540907314156 811.1674385640279 0
505.8892551164277 608.5411056868566 0
561.2116508975924 642.1154775516462 0
722.1287539709572 756.442017272529 0
116.79935330188779 267.0428716664136 1
84.90846364867718 518.2086164965023 2
543.2569227352392 660.0874530678135 0
164.56516009006856 748.800874229968 3
307.45556863100484 586.7973049287918 2
51.79927826509296 130.0437376574516 1
68.76058414471706 22.118555056377176 1
131.6174709388482 756.2452380008606 3
155.27874270444136 697.5515801353498 3
909.6126855771487 194.7012577766335 4
414.464876820953 212.25936953838846 1
338.3578165176734 587.1026341749573 2
827.6409389674809 885.1466429139086 0
103.66920567444222 495.2623962963602 2
593.7043025870838 502.44828109834924 4
646.5896182092622 544.6039646816963 4
974.2139938956011 914.565799535411 0
555.5364072105679 -9.294502666627555 4
147.3085954554778 436.9948675391765 2
301.24104062135154 563.1653886459502 2
107.45860186411555 30.07519768837023 1
450.31323507835174 399.60971211207726 4
104.24724383483114 90.51382919509997 1
115.3932735315567 259.6475284746204 1
75.80219699349007 109.10697300081485 1
806.3379661235816 814.8851896382632 0
531.9245029691913 677.0287067957958 0
710.2873176972042 758.832655530043 0
826.0490126178761 782.4114528155199 0
769.3106862449538 834.2101558551913 0
189.86040993725896 752.9030602038372 3
591.3995069805262 654.3506477346955 0
261.77108825492553 635.6952677122446 2
122.26049419905965 927.2827711344924 3
133.92661796507997 662.2662950470364 2
689.8540976488893 697.8152863725467 0
323.78540626956016 182.01509813240776 1
161.98705353430918 807.5272711968123 3
187.88363478086296 801.3014703100707 3
546.572183951369 620.6023240294489 0
354.9610030833249 839.2469220678131 3
174.23809965999294 981.0751080865814 3
899.3384737886213 188.65284500044746 4
555.2697580284942 627.6776366471533 0
156.753022487524 633.4560556444346 2
526.88924230294 381.157797584826 4
461.45671830450067 448.1587311458468 4
196.21916007814252 791.3568877251693 3
407.37126343693967 609.994611990339 2
108.22247546379776 47.22090450710426 1
145.78033870902505 58.52724759505044 1
942.6716735810103 924.6939496299585 0
156.22892970103868 52.35527909904377 1
176.55965366499683 833.577148601287 3
273.9108007679921 521.4316881861896 2
672.2587309848715 331.532704873926 4
898.8043712216048 185.74499707793666 4
373.682345174975 859.7165262386483 3
156.54944879514278 593.1775259603744 2
778.3283120431408 939.3520062031074 0
473.9135128229336 723.074845249397 0
725.1265071105845 723.3295803439149 0
345.60292323959396 262.40240135204976 1
116.41307954149313 52.719129650085186 1
734.8502079114129 834.7548006009081 0
973.1697739171932 880.1802825684016 0
154.20672475197517 81.26239801095376 1
532.2437596485973 977.0872550047923 0
31.88281020991671 757.1798809270208 3
565.749023944779 687.5854374580839 0
415.3179397356916 579.5501828181741 2
347.3180801130001 609.965355102744 2
17.699717364425272 758.1061265864986 3
977.1268299188665 923.9172669211843 0
855.3091359576143 946.068155138928 0
984.26834954935 211.66259610412268 4
596.4823089319907 968.1161172562715 0
421.2498955625501 314.3020719613123 4
172.97331480634304 828.737556301238 3
148.71917343085897 836.0036375595781 3
835.2527851249365 960.0111474587484 0
586.4415085056835 383.22181199352264 4
149.1425659532941 617.7332209998925 2
332.9086535744528 594.2494051716114 2
911.153405356075 191.54392588547952 4
645.0096503211589 305.4364477585724 4
688.4668289886529 447.7052307892051 4
760.9617243778941 746.3265657590244 0
825.2603320057541 915.8379036331017 0
593.9396958414698 969.1701235760926 0
556.2194030496506 503.06059665347044 4
530.0124640213357 656.0332583781903 0
968.8538835618292 900.8956366857946 0
584.2122467939358 475.87467009736406 4
473.38826279219643 650.2411473717656 2
801.5682216735431 921.3416656594411 0
151.42586820411964 -68.88529147702307 1
367.49179949320404 593.6981804579708 2
986.7906344785328 946.2014806467257 0
457.109586477677 662.1157416508562 2
995.4885718674273 905.7415374353267 0
753.3549011708817 959.2349790371695 0
-14.670431797077086 -18.431705050474744 1
409.1859675791664 101.73056944354163 1
75.62710416521168 76.08918494213091 1
116.7240425669655 762.1531371916578 3
571.2772535399204 43.2847737606089 4
117.36982333297483 491.21118253655476 2
666.161013689823 454.88259752910886 4
139.75418445970095 782.6330140813986 3
63.150110492724835 747.3785894116056 3
396.23275829004797 137.55655500556776 1
69.74633331463971 44.35049651906603 1
146.8113133372452 37.79518352899351 1
644.8874292790285 758.7663241797457 0
1008.1267808603367 877.5827294757369 0
391.6839973110004 151.8152812413926 1
816.279903579016 681.3899030499541 0
562.4449368380056 5.524592121924828 4
533.2697471146065 27.733466301069186 4
825.4973504313173 183.90263906555236 4
792.9414936605871 908.4127874997866 0
171.8878552387329 801.0220089625545 3
113.15296740309698 50.42348147493569 1
848.6640886370841 958.6758227952807 0
854.964905525219 178.9065669973931 4
87.04106446221145 60.138277225757534 1
226.62968792824955 484.4455071469057 2
773.351494521607 796.3558549875321 0
442.70134649551005 83.06975341055082 1
149.746083393888 557.4416047930624 2
151.74874176358676 638.2563934106655 2
349.8838458275277 654.6869003905941 2
549.6936453905854 465.7290429736658 4
225.99510537862324 797.0524391732199 3
243.20737450387915 76.70009799075295 1
934.9102468295112 909.8363891446473 0
551.302348554721 113.17082673857456 4
183.66760919733485 665.7844595034471 2
105.69969980511587 737.9731288432141 3
967.2007394136158 877.8795724730394 0
53.519588341729346 777.950289083309 3
749.229178490996 846.3912072134888 0
224.37072946795624 796.765425773252 3
468.4272201886896 515.2629038558244 2
504.91890410811385 945.1634289267706 0
182.67629926828803 566.4489857732675 2
-18.348416544531503 -30.115621990006257 1
206.74912089791349 4.559887786153244 1
563.1477525219725 423.2924711232846 4
753.3248230241064 643.4773891987625 0
714.291920622027 632.1894289691224 0
994.8252994157805 892.8710101107552 0
319.2926243008752 147.23028654299972 1
549.6784328376443 663.8697801262723 0
972.8467790068102 192.7070094335616 4
206.40075554589674 -0.04244685345244026 1
361.9195409002363 223.08348481535336 1
548.6324952280504 421.0614700280998 4
169.17888204821404 770.2206844178419 3
750.7657062191286 773.9243110219048 0
33.340424969041464 41.91916526981511 1
606.6077027003005 567.8443984473156 0
59.42421893859317 516.330148084852 2
753.079454246296 904.4403080750861 0
14.422852264165279 762.6710973302576 3
764.1000293252482 186.9543435783131 4
456.52886371462904 460.33075839939244 4
126.71727502635505 751.454377181073 3
-0.5864891443575573 560.7825598518662 2
296.065047916525 114.07747751892973 1
80.01044226450267 488.2303982835102 2
554.3509974908375 740.6368399930435 0
781.2305821561987 738.4548351312524 0
206.3355840914769 834.8278838822619 3
132.6105772698048 436.05368181603916 2
782.595913328902 866.6991595962171 0
482.88566200875243 841.3247517544996 0
229.3788645718763 925.8395839996764 3
508.9036471657319 751.395904144471 0
435.21171258044797 95.50235349975819 1
381.4323900012559 174.86826787474806 1
297.1737404454499 727.4806785223681 3
347.0926503675318 623.5944419918693 2
288.140750928186 658.1741682998211 2
158.98881266122186 710.9321957962093 3
228.7384521996312 897.5940914576946 3
346.243008960008 163.31143080878348 1
825.6563187567231 182.73627235689506 4
236.00129835244678 563.8301805356753 2
204.19900331091083 767.9419220914376 3
659.1324296587695 712.5314633408359 0
773.6530592046819 756.1461210540974 0
255.62820472908092 72.20178105708757 1
106.54761547402524 36.39172261616851 1
141.43972239182133 2.094509397580989 1
558.4665746832967 15.990455970780118 4
420.74783720985425 144.33067911973586 1
149.67530280273832 74.37517917175262 1
491.1029241123809 626.6259886098268 0
168.56699895510044 780.0503550388987 3
365.4490436197473 825.4842849823322 3
759.8415032771951 758.6542814179261 0
839.1263087081247 202.0277983296627 4
175.90604725755367 996.8827129959994 3
132.64273964294821 263.4407381682625 1
822.735674306871 217.97355959577905 4
314.1183492439966 601.1308682169488 2
493.0181140104126 626.8210504084991 0
379.74257132052435 123.95540528320886 1
437.50507882544014 234.35329582630737 4
709.0490407447787 506.3124526207155 4
352.7868630997221 817.4092176226205 3
835.8453637783006 959.4880007840935 0
597.7501155714273 540.5713757587096 4
421.3141703957988 72.43645903355096 1
390.2752218258616 607.5218372279818 2
48.83098348289295 44.67598637056534 1
216.26523641508996 907.1130147125506 3
103.95023403149926 503.0246434498879 2
616.2678492661206 438.86324730256655 4
545.4092854947082 422.840285518157 4
81.2913940941815 750.1586699395287 3
511.37794267494456 457.46908585811843 4
70.52054795051276 18.863219193785255 1
132.76221773574193 896.5906976441078 3
820.7331776959654 921.7990151254487 0
652.1968624196871 760.9983377998446 0
748.7895564669958 857.0518358477789 0
730.2588820527233 788.7744684024465 0
546.5987479712045 522.7763035397373 4
133.46978592674972 771.8019471591512 3
358.03787547592384 170.93230362899857 1
783.6427350158034 940.7358455249163 0
821.6319243942294 683.0052964675835 0
803.6181288966671 708.0954683122424 0
524.1686982985558 696.7425334739946 0
89.02278433733686 878.9839624639355 3
121.95285883926064 -9.395274801381678 1
333.6719507527024 589.1853038040912 2
22.447558210225438 56.75815003227993 1
468.341757847702 753.6654048581581 0
103.0578141270923 784.4824180971132 3
518.1616051383717 969.3009220314664 0
93.80576494043247 472.5732483639886 2
329.8210119783911 626.5166316723141 2
1008.8605445840509 896.6472430795827 0
56.20288545861047 58.76020262620749 1
41.405307984519496 595.1488964771635 2
681.1480223341497 500.11019334150524 4
479.80605231436147 846.5795746789149 0
139.9637760434538 75.57268734963385 1
631.4303587985419 307.3567671355591 4
151.3029311408057 532.9687271238461 2
707.4399242568197 843.9949171193048 0
921.647719861802 939.7184248801389 0
657.874018488151 557.9286337254684 0
521.5037186647113 981.5440450311793 0
551.1052168316369 14.263075638271538 4
288.30607273384084 121.27640165461786 1
724.2865198709661 809.0001743492991 0
41.865265926194056 34.40756057403897 1
142.10866435015197 263.5731350910804 1
584.7771431738906 429.80162869528107 4
676.8659160351306 678.9728906200575 0
484.0030971923761 851.9878977000185 0
277.32255032755234 228.49706212925582 1
554.5530127784469 428.8183371419394 4
87.7501469551274 584.4547654851178 2
331.0611466432345 135.3081568002981 1
85.3487762786037 32.19283722212506 1
208.5110205044795 906.2495862557334 3
513.9703297461956 601.2891904778421 0
322.65454425134715 599.9923390754225 2
789.7748021811301 923.5585765186071 0
352.0868428536707 144.96366798605112 1
298.03499168533386 760.7724207874693 3
241.1890286476209 695.3483232652419 3
94.94461308978842 4.663736447162087 1
728.7452789536854 790.3112510178553 0
977.9061892757996 221.76078730689557 4
423.5206280687862 297.6737221050315 4
829.9941397253372 209.7142026199261 4
972.9991106418638 214.3126157850187 4
529.5669930959849 459.44681794318507 4
829.0695514147084 179.90355918596694 4
96.72909588312223 562.6591979556094 2
741.3187241163588 780.7187533267086 0
593.8383861605964 632.0904343499404 0
208.5909609855325 530.2637281910146 2
166.04987142206795 784.4670101913547 3
32.02470928676781 -97.15978151549928 1
209.95755975279542 884.1457101614399 3
982.3401686809282 211.34614431959758 4
642.3074947224184 741.0994357400751 0
826.2043145371849 762.5244661841629 0
194.95700406022823 814.8632695472996 3
453.3752042291702 170.25066534496588 4
138.1851888393811 683.9278974515356 3
371.0460253797224 176.41642560676166 1
34.515915361491224 637.4774797925832 2
1017.6778566997323 204.32571349738666 4
182.00078478496368 704.4751928709748 3
79.04185383065688 7.955030613894116 1
965.026547196834 874.9740847846017 0
725.8059295397092 814.4160263854764 0
580.1577474762356 633.7934948596173 0
335.6961586611343 574.732312527006 2
757.7504118098202 775.510944343946 0
8.375532153956684 2.7830286725488236 1
381.74086305129043 172.22910077942655 1
514.7483118425083 543.3251046202176 4
110.28248288514663 615.1663235324469 2
575.5093096495012 630.9740477553653 0
114.88148843330254 773.2429725528141 3
175.19469402034554 815.2047924327195 3
14.444745300514896 75.3486587846859 1
98.28030033778076 891.5865992913297 3
304.2715120005283 127.66272565659875 1
605.1097459549612 488.88259447326635 4
340.3020143073261 86.15245847003848 1
273.28575644703284 744.8609839050749 3
90.67538130782853 -66.79012905631673 1
83.00387476821128 632.2885526844531 2
748.4776109235436 783.2043459694544 0
736.1373599192931 875.5509715975594 0
754.8116896979732 829.6687438174438 0
42.546887857849086 11.286773885683864 1
131.45664741972203 617.5044466239983 2
112.7412643090143 483.57195726086024 2
503.0935888232365 532.3893730429056 4
123.2529191370948 936.5484727133354 3
361.61297085269365 836.8514541073548 3
422.05960435002555 80.25154889911207 1
793.4291749182086 908.6664155226175 0
104.9586700383264 489.15086279823765 2
77.10410689671694 503.25789845993415 2
12.174870878663297 763.95093544447 3
321.8485987713989 137.80147858467754 1
958.7962950825541 201.11508148248 4
92.56610663182177 462.24158619713876 2
27.33460036061505 769.2434669905639 3
349.01688723475553 122.85574787557178 1
307.20725868794744 154.8404406931696 1
2.91086092651625 542.2320386976406 2
141.8254249970105 743.1302421321237 3
643.4278419678934 269.38771192557624 4
542.8081948088724 625.584151446865 0
824.959428244268 113.02697775437089 4
568.9131323445832 694.4639499230329 0
220.66919515890555 787.775203498813 3
510.3278584318425 710.700319068098 0
132.75332063596412 759.130387811496 3
164.15423964846798 -11.400799976503066 1
194.07142883916995 811.8862329242161 3
982.5611874996582 244.19049369715552 4
983.5288881518296 954.372635646894 0
543.5325356934784 421.147995293832 4
982.7006693715615 210.57472573501363 4
167.70191416013998 806.8136219258932 3
753.333635263933 164.00643316518838 4
872.3175229702566 163.6370223464517 4
137.54394624395462 777.2057319600591 3
92.99136923112606 4.909652843638303 1
88.86233196167498 1.6382649531413431 1
341.01245018634467 547.7320232851802 2
588.1954310618594 976.7361800011163 0
23.656989966389787 789.1074461182234 3
327.17652445999596 163.80562160283063 1
862.385706957216 120.28625146012651 4
450.9135866844758 713.5741897861158 0
137.8849218819207 17.385047616296387 1
733.846027204679 425.2644647356391 4
1054.5297824124136 867.0159510595787 0
532.712403919724 637.44454218029 0
24.312609391869522 776.5055900279312 3
97.46594040176538 504.2082736709351 2
329.8002653335759 590.1457681436746 2
126.84902650676887 579.810950990413 2
567.3578015308225 58.95501923046122 4
594.2142502867758 631.3781716658009 0
773.4026055462374 205.92091746789845 4
592.3791449326085 42.928062543712144 4
549.0581527578644 627.4286567039503 0
695.9082915459869 349.45946217534225 4
336.5874011906945 597.7063227255932 2
731.5832204929379 804.2504452078662 0
543.6056817749864 412.6386623032366 4
895.885204766302 177.80619083034168 4
114.18715141293387 487.0373688624417 2
119.59605606854701 896.7988228499073 3
559.446920760002 543.159195211673 4
522.194581784677 38.46007462618057 4
503.9963255355604 227.95713601207947 4
160.57989844358562 781.336361532446 3
163.80102520705358 541.1302275382725 2
325.7151034219061 554.4942899544433 2
76.70535076792615 489.66669773504344 2
102.14868203042485 740.5796304848427 3
549.1729199491582 628.3432137472771 0
212.95749594838483 912.1019252785215 3
335.1310197920691 619.0714384943795 2
283.81718700344015 147.75396280379053 1
995.4082165949679 890.9087908524214 0
43.586805460969785 560.2832933799227 2
446.12812054652676 439.1286474565973 4
120.38907485457699 261.0238322600024 1
215.37531259525363 791.2757134101761 3
135.35731339046183 772.7342109626527 3
159.240331996657 516.6486587739859 2
952.4208152602841 872.3211940628222 0
369.38678103567946 832.393760200668 3
985.9648776659056 210.75507359408743 4
583.1123698147107 988.604873740388 0
172.77756091924687 788.0979491729765 3
208.54005305060505 782.7658331758998 3
654.2403307099476 761.0333368408432 0
413.5033205745636 267.47192262613976 4
790.2346762927641 746.8687695378994 0
452.8051876968646 96.90825680810703 1
155.56459382980805 702.5715843022311 3
614.9182996194916 987.6592468029827 0
436.0571930446985 99.12386847333477 1
264.633721145528 502.7341975044513 2
205.43686214072906 801.3382953701944 3
204.4426095858323 896.6277934593468 3
123.61594590253686 799.5323961057803 3
94.54505282423011 489.375685619359 2
923.9214318099266 938.0986737782205 0
138.17082395515104 511.77047033432837 2
754.9066139742373 736.8016908583659 0
588.4184188016021 973.1917202511255 0
349.17037985536956 820.3615569969064 3
415.09959351589424 205.24049994675448 1
351.3293943645648 38.80492040679829 1
466.4202166124943 77.1614006900198 1
148.06525234160955 37.69348965602421 1
894.7388156233287 160.84523332454495 4
187.56022909475146 809.7390227002388 3
209.01879697704115 752.0441109300244 3
192.3646840820498 824.7501581669684 3
593.0704774932917 948.7936300650543 0
549.9654108674687 617.5122078445683 0
92.07277916031866 45.917797820429826 1
1059.8696239011585 901.435465155013 0
40.841996773382114 -29.27668122854897 1
618.7058211178808 409.38853625234594 4
669.4704601903643 504.3518444203603 4
476.73409673903404 455.0072904892641 4
232.42449218922482 682.9377415970333 2
176.38348505070562 469.0276595074547 2
545.7362178338236 627.3948240455137 0
475.05874673988444 669.0701196283048 0
183.45833318906912 792.3527279587312 3
374.5863180381673 817.9674938095629 3
809.950816919324 237.16164042754133 4
508.83833247228523 940.0504736002006 0
747.8309177646066 776.3065727788895 0
502.8649496257183 82.52818177712075 4
558.1953096595023 18.459015097785038 4
797.4429847915035 961.3619390740407 0
681.371132883722 764.7601462913013 0
499.5739780265975 125.97652755243375 4
531.3400406864074 947.1596330381337 0
61.062733982494734 535.082358144568 2
224.17002014335114 719.5328474981023 3
225.8270497271798 828.1208196507515 3
596.2543714400497 975.6913822767763 0
107.05972325983909 70.55097699945914 1
980.7263093870434 207.28357011656206 4
240.66247416960567 894.348692139521 3
694.4264995724188 749.012463399534 0
984.975410986248 711.570180981333 0
548.0912933843313 626.3211032532619 0
77.10344779816836 7.9442979333133374 1
743.9476454035425 915.005106756221 0
780.1889618912184 223.93927415836274 4
588.751268921408 427.75752084091704 4
704.1358823641102 715.7509142516759 0
61.637302553059186 -11.454360531154872 1
597.4965511872206 12.729012019051154 4
805.5190683183237 755.7102825349149 0
175.93526880657677 20.254532036980933 1
103.05673900326168 808.1935074359277 3
218.05354025445115 753.2224575084 3
427.43513132477506 27.566081698629148 1
477.16325611609375 449.39706238888874 4
800.2471082355139 921.474084702916 0
562.755622809811 429.5986905646141 4
794.6342066396974 747.5680393219166 0
379.3338082175027 659.7003994125612 2
558.4405881158734 681.7543440828624 0
275.30036764813724 560.7544240192983 2
366.1177677913962 393.2754181583475 2
97.57585031012782 799.6699996764592 3
179.8163275570658 796.4668757089853 3
333.99019675542485 617.6008667103343 2
90.23656486130778 745.6460570461493 3
145.42681304634317 14.747289288739669 1
738.0670439619242 813.4627611002147 0
689.5539780007834 825.6427214824089 0
113.31206335649003 265.3471985613755 1
111.07927040042625 4.733364009524512 1
447.15545313356864 107.79899664248984 1
526.235262499319 697.3228837642816 0
92.04828292583458 816.0051425571669 3
298.90410628129837 726.815642633526 3
139.65792538500887 39.648842634600925 1
477.87376691626184 838.18151977828 0
115.2135560497093 57.71563698769974 1
109.29691177491458 489.0295346546481 2
359.4099389710933 835.3053744388012 3
530.9427283241996 1.9139824303746842 4
556.4072573255571 20.27526222518872 4
515.9957759701962 957.2832175713285 0
577.8493467472442 971.6063566258778 0
132.63691414874347 762.2791299781416 3
82.2571789729024 0.5089174633711648 1
471.858156183729 490.64678785463457 2
561.8389958180654 426.33414663371934 4
140.77871497177554 498.0692303779769 2
502.00013534816617 947.4712839697723 0
104.70758412840331 -27.862576331841147 1
336.20686891455205 140.13405992698094 1
352.72863010299375 617.4627856292443 2
323.2152879457033 627.1715258452618 2
134.4140057098204 19.307579942349484 1
112.05372995150393 38.71392261219627 1
103.26154541043796 17.3419177265008 1
83.51267483371286 64.04102989978851 1
307.62401761349815 523.5842799876413 2
788.4375742489837 869.3714168620268 0
992.887851553287 897.7910051130342 0
793.9406055923749 793.6778328612008 0
428.02302134811134 141.12886676629333 1
133.24047341908388 537.3016880103125 2
421.20783292661304 630.3639975780646 2
10.784062224755857 -45.210559611362555 1
408.5010101396914 164.58519642180156 1
515.5032479226549 711.3844674503455 0
561.5854928340218 745.8024460613873 0
963.1298491012767 200.08825105260985 4
707.0257982106641 717.8295801938348 0
567.1898966365401 626.4619974860618 0
486.69240927121984 136.18809132203094 4
133.50271651053873 523.5248296481788 2
140.18581478146473 921.0820935876063 3
334.0088268997699 140.173064308164 1
230.81507377437413 549.7421160258376 2
504.8886354812045 376.6556053839911 4
557.0969745966873 667.5756551474204 0
547.285473574815 420.91067742393966 4
571.7331497410173 694.8100780884012 0
134.71389850882122 495.40007893295433 2
200.97119824486035 776.1185465723805 3
816.8125951497915 184.13610067347076 4
425.5310782982927 142.33731076034388 1
494.63510271300856 758.8111322521736 0
519.8412583591274 661.2296598307561 0
855.334617093835 227.1016802658984 4
887.4913630248282 167.06089187387062 4
88.51574530364496 61.665571873206666 1
180.64085358507165 813.1513211234958 3
423.3557496940491 603.535684063043 2
425.8464483437224 91.49246356736379 1
734.2556009418263 887.4868265675841 0
102.13875087638593 23.202162351970994 1
374.3357012917877 821.4971279369771 3
522.4837775417984 980.4245746356028 0
460.08980517972674 362.6325861403491 4
659.4623125727371 779.7065399672547 0
747.9715388548334 775.0638297210952 0
145.68084514735725 535.9297942224356 2
122.56188312661797 547.9434923798625 2
130.90605269588198 625.8311313078577 2
447.3243972380206 178.10907226944545 4
98.41016863104187 10.965109319826585 1
179.69644615061998 619.2137356764061 2
235.95497593890462 508.58004310115297 2
357.1446412466811 246.1109788131078 1
150.65673427723902 752.5303839675535 3
109.60111474852789 493.9901850119303 2
356.12872155077685 641.7412959054172 2
520.0684195857461 700.9648385877744 0
235.626594692501 741.3445021685491 3
602.4437380088792 978.4433619994663 0
177.06122653772155 775.9295242701046 3
335.6408770557938 221.55195739663833 1
987.5144734141047 708.9286081283244 0
369.7527242812022 126.42357454642722 1
52.96396529033884 79.20621404801146 1
295.8368150002517 107.69816553858641 1
390.92795595415686 152.3297885346827 1
590.9991576748952 961.1355728847328 0
576.8025792381999 680.2815461779754 0
177.920076260513 -12.540999096142105 1
173.77652957386914 698.7908539782219 3
576.0751188421924 606.3239802715462 0
545.3894986439037 597.4533047839459 0
824.3686111215424 910.9305537980579 0
466.6121372505719 128.78550693245705 4
88.9073584529904 490.154604773159 2
373.5306803946223 93.17302671379568 1
730.9147086141198 772.5784655383499 0
533.9093615016263 442.36369666877465 4
523.226912007937 -3.0729655362893027 4
481.1288571550546 747.2069066498925 0
311.32499075300694 625.6003659429014 2
706.7429281572606 841.9864232897257 0
184.9689279650346 797.4859645290055 3
374.2920949938905 648.3530527950393 2
677.174171851645 467.8527295496175 4
448.53422059543186 198.40858309988943 4
1005.448100783437 184.7007025576486 4
599.6989619640683 247.18628443809564 4
616.4592304038935 325.1072480945728 4
340.78829656258256 137.92818053765973 1
801.1952673627953 226.05167378040966 4
598.3798812036813 386.1326966086403 4
124.6495052002094 552.4991434516103 2
107.80347274991252 579.7774165587305 2
995.5504963458231 181.70591946330492 4
698.1625716888244 833.5722028109768 0
794.1092582316013 815.8616923272822 0
173.41644604063282 462.41303614185045 2
50.59903424159319 40.924638954838024 1
521.4505615343743 625.9554186277452 0
532.1455928111906 945.879677808844 0
355.642941146512 662.5301375941219 2
89.35639289419403 20.600848338175133 1
111.41906742590241 897.3129961699437 3
293.10144813593223 174.0880631695681 1
90.11026402409807 259.12353484848796 1
114.66891001233292 708.1056807286567 3
588.5771016212079 642.4977096691821 0
549.2377693593205 616.0798558119923 0
251.75079050954827 118.63557763262807 1
557.7993555398632 16.053948985879813 4
248.1986913916831 670.7574702917144 2
368.7929735808761 823.0011966292818 3
113.54474485607363 815.2642659926869 3
158.2912186772153 793.8242461906682 3
547.7653273613367 420.2814360441384 4
266.69492098424575 749.2293319679031 3
160.61080743735613 514.0601554336127 2
566.4976946448401 697.8664705217179 0
402.3356519315163 637.6883583652169 2
63.51671584971909 812.586419604735 3
185.3006697302019 446.9526481122055 2
847.7524966269891 121.03185283682893 4
121.70402366119023 779.7551603693036 3
508.8383358059393 853.0782670781259 0
522.5332814780239 711.7538282663332 0
151.79604333332665 754.1606320726875 3
795.5881354702816 885.0363427195339 0
979.5094045051499 209.2984045474183 4
602.0290798096244 971.463896027315 0
255.4503926448354 682.3541593002191 2
716.0096852492959 730.3365669869369 0
352.27729070359766 147.23442202934552 1
538.9820269587424 414.1374992926757 4
64.3214668049679 786.7192187258472 3
87.48186133474223 472.45195799912295 2
861.8177096162066 250.56822801201713 4
805.4357224998163 908.1922071597294 0
87.3687982216029 773.3688193575005 3
389.1559368197117 69.48942202389799 1
344.7158698889673 115.23638534898582 1
594.2055605009893 967.6403097836757 0
747.8060327296611 792.3251109288316 0
741.5287044680042 780.4378687586297 0
612.8927998691962 370.858145912397 4
738.2224501083524 765.9827932966905 0
822.5516265406206 979.1073761166938 0
978.7429794245807 216.32117749332903 4
49.34373558551068 2.2519969302499643 1
380.355289632852 661.5915238324641 2
187.79659002557537 43.951474190985834 1
338.54921437562695 121.21130438645162 1
462.4404467553723 435.82828134393907 4
835.8998781593768 959.495856730925 0
549.8673320248366 606.7639823170222 0
371.40388921077545 135.89489392083507 1
99.84242351518736 -98.61780671132487 1
568.9137134244249 384.81438575151066 4
871.6834054886581 958.8075747645612 0
131.70900181472672 752.7138433377744 3
48.17629268848168 465.7376452892136 2
398.11529877863273 483.6297490300049 2
84.79390144216767 109.32993143603284 1
353.7691460792505 579.5726636882141 2
330.24192435031864 592.4235908726013 2
112.8343035669144 509.3907525910611 2
184.50963028083362 -2.947020827793901 1
120.8401004875834 814.758825939705 3
133.85358075380512 544.3891479655543 2
61.73201818821917 826.3179414289425 3
393.2577094188485 148.95004208316072 1
736.8286862501755 782.7257010187274 0
531.210826628525 457.5050561704789 4
762.0782254527935 705.6969410993443 0
500.76685801717497 598.928990850518 2
435.55524986745843 469.5551846180267 2
102.89708751718213 59.99234623321283 1
315.87731950559487 125.28180570937559 1
968.5590509306303 862.3913590257201 0
176.44488323878687 800.4002924521429 3
408.4792673278543 235.9618469291268 1
702.876544408671 890.2259591924352 0
-15.411414989240626 1.9660290626822965 1
320.745254336787 132.9549306244134 1
648.195869828051 541.006541992911 4
468.49435404435496 465.1548766947855 4
541.6428324679293 426.56931541979304 4
991.598871634624 890.5490311782505 0
394.2977164400327 300.83471923088695 4
850.0231617873616 935.900567561743 0
133.8616286034441 1.156876675914388 1
449.9375059783123 733.6174615551606 0
120.19782206131656 437.52876172081585 2
477.34048636788606 731.4440137346098 0
397.23044602424585 567.1893274025566 2
137.6646163304072 776.9050970767323 3
310.76393016111626 142.7255119017978 1
166.7697905380462 97.04624884295791 1
184.1189527606218 797.1517253109473 3
157.9549540742065 489.66642963284187 2
191.2154766585403 802.1388833172567 3
212.3795905365748 825.5959545028942 3
142.4751477176284 244.7320692550483 1
359.14272707710506 841.7498970901933 3
466.54615231528845 582.3870831167296 2
58.849935999151846 519.3894273181215 2
741.8512639446076 781.1354339382682 0
149.94386738702391 103.25135237071117 1
568.5278314571954 12.626221185538308 4
656.0416664977348 741.731514908635 0
502.83188644535926 124.77245861395896 4
134.9369371546423 758.7177412711023 3
165.24220122131504 492.5599558257146 2
139.86413255955395 572.2756859534295 2
33.26649324022331 -0.22691964281355848 1
159.57199350677016 770.1909573772535 3
294.19660253634794 646.6316539562441 2
101.19896894811868 717.4264372334798 3
418.72853754577704 379.9879691055106 4
125.0154490257651 47.632616805912555 1
726.020080923982 842.0818819869276 0
550.5315038798788 410.1794003300538 4
758.0869735559162 734.0418379725987 0
556.4968153028916 382.4093423267825 4
717.0733742639438 803.5703900329476 -1
224.26708117519533 85.38008968560544 -1
212.30746229630992 550.1261679601974 -1
174.70791707741512 807.4028901119315 -1
642.3120976119714 280.18524707943413 -1
